This file contains any messages produced by compilers while
running configure, to aid debugging if configure makes a mistake.

It was created by curl configure -, which was
generated by GNU Autoconf 2.71.  Invocation command line was

  $ ../configure --host=x86_64-linux-musl --enable-shared --disable-static --with-openssl --without-libpsl --disable-ldap --disable-ldaps --prefix=/usr --with-ca-bundle=/etc/ssl/cert.pem --without-ca-path

## --------- ##
## Platform. ##
## --------- ##

hostname = anmitali-arch
uname -m = x86_64
uname -r = 7.1.2-arch3-1
uname -s = Linux
uname -v = #1 SMP PREEMPT_DYNAMIC Fri, 03 Jul 2026 23:25:36 +0000

/usr/bin/uname -p = unknown
/bin/uname -X     = unknown

/bin/arch              = unknown
/usr/bin/arch -k       = unknown
/usr/convex/getsysinfo = unknown
/usr/bin/hostinfo      = unknown
/bin/machine           = unknown
/usr/bin/oslevel       = unknown
/bin/universe          = unknown

PATH: /home/ildar/.local/share/zed/node/cache/_npx/7c3e8ff260eae73c/node_modules/.bin/
PATH: /home/ildar/kyronix-ports/node_modules/.bin/
PATH: /home/ildar/node_modules/.bin/
PATH: /home/node_modules/.bin/
PATH: /node_modules/.bin/
PATH: /usr/lib/node_modules/npm/node_modules/@npmcli/run-script/lib/node-gyp-bin/
PATH: /usr/bin/
PATH: /home/ildar/.local/bin/
PATH: /usr/local/djgpp/bin/
PATH: /home/ildar/.npm-global/bin/
PATH: /home/ildar/.cargo/bin/
PATH: /home/ildar/go/bin/
PATH: /usr/local/go/bin/
PATH: /home/ildar/.local/share/gem/ruby/3.4.0/bin/
PATH: /home/ildar/.local/bin/
PATH: /usr/local/bin/
PATH: /usr/bin/
PATH: /bin/
PATH: /usr/sbin/
PATH: /sbin/
PATH: /home/ildar/.fzf/bin/
PATH: /home/ildar/.yarn/bin/


## ----------- ##
## Core tests. ##
## ----------- ##

configure:3366: looking for aux files: ltmain.sh config.guess config.sub missing compile install-sh
configure:3379:  trying ../
configure:3408:   ../ltmain.sh found
configure:3408:   ../config.guess found
configure:3408:   ../config.sub found
configure:3408:   ../missing found
configure:3408:   ../compile found
configure:3390:   ../install-sh found
configure:3534: checking whether to enable maintainer-specific portions of Makefiles
configure:3544: result: no
configure:3569: checking whether make supports nested variables
configure:3587: result: yes
configure:3602: checking whether to enable debug build options
configure:3622: result: no
configure:3636: checking whether to enable compiler optimizer
configure:3658: result: (assumed) yes
configure:3673: checking whether to enable strict compiler warnings
configure:3693: result: no
configure:3698: checking whether to enable compiler warnings as errors
configure:3718: result: no
configure:3723: checking whether to enable hiding of library internal symbols
configure:3740: result: yes
configure:3752: checking whether to enable c-ares for DNS lookups
configure:3775: result: no
configure:3780: checking whether to disable dependency on -lrt
configure:3797: result: (assumed no)
configure:3808: checking whether to enable HTTPSRR support
configure:3827: result: no
configure:3839: checking whether to enable ECH support
configure:3858: result: no
configure:3870: checking whether to enable SSL session export support
configure:3889: result: no
configure:3900: checking whether to enable HTTP/3 proxy support
configure:3919: result: no
configure:3969: checking for path separator
configure:3971: result: :
configure:3991: checking for sed
configure:4015: found /usr/bin/sed
configure:4028: result: /usr/bin/sed
configure:4045: checking for grep
configure:4069: found /usr/bin/grep
configure:4082: result: /usr/bin/grep
configure:4097: checking that grep -E works
configure:4101: result: yes
configure:4164: checking for x86_64-linux-musl-ar
configure:4203: result: no
configure:4213: checking for ar
configure:4237: found /usr/bin/ar
configure:4249: result: /usr/bin/ar
configure:4476: checking for a BSD-compatible install
configure:4549: result: /usr/bin/install -c
configure:4581: checking for x86_64-linux-musl-gcc
configure:4613: result: musl-gcc -fno-link-libatomic -idirafter /home/ildar/kyronix-ports/net/curl/kernel-headers
configure:5011: checking for C compiler version
configure:5020: musl-gcc -fno-link-libatomic -idirafter /home/ildar/kyronix-ports/net/curl/kernel-headers --version >&5
gcc (GCC) 16.1.1 20260430
Copyright (C) 2026 Free Software Foundation, Inc.
This is free software; see the source for copying conditions.  There is NO
warranty; not even for MERCHANTABILITY or FITNESS FOR A PARTICULAR PURPOSE.

configure:5031: $? = 0
configure:5020: musl-gcc -fno-link-libatomic -idirafter /home/ildar/kyronix-ports/net/curl/kernel-headers -v >&5
Using built-in specs.
Reading specs from /usr/lib/musl/lib/musl-gcc.specs
rename spec cpp_options to old_cpp_options
COLLECT_GCC=gcc
COLLECT_LTO_WRAPPER=/usr/lib/gcc/x86_64-pc-linux-gnu/16.1.1/lto-wrapper
Target: x86_64-pc-linux-gnu
Configured with: /build/gcc/src/gcc/configure --enable-languages=ada,c,c++,d,fortran,go,lto,m2,objc,obj-c++,rust,cobol --enable-bootstrap --prefix=/usr --libdir=/usr/lib --libexecdir=/usr/lib --mandir=/usr/share/man --infodir=/usr/share/info --with-bugurl=https://gitlab.archlinux.org/archlinux/packaging/packages/gcc/-/issues --with-build-config=bootstrap-lto --with-linker-hash-style=gnu --with-system-zlib --enable-cet=auto --enable-checking=release --enable-clocale=gnu --enable-default-pie --enable-default-ssp --enable-gnu-indirect-function --enable-gnu-unique-object --enable-libstdcxx-backtrace --enable-link-serialization=1 --enable-linker-build-id --enable-lto --enable-multilib --enable-plugin --enable-shared --enable-threads=posix --disable-libssp --disable-libstdcxx-pch --disable-werror --disable-fixincludes
Thread model: posix
Supported LTO compression algorithms: zlib zstd
gcc version 16.1.1 20260430 (GCC) 
... rest of stderr output deleted ...
configure:5031: $? = 0
configure:5020: musl-gcc -fno-link-libatomic -idirafter /home/ildar/kyronix-ports/net/curl/kernel-headers -V >&5
gcc: error: unrecognized command-line option '-V'
gcc: fatal error: no input files
compilation terminated.
configure:5031: $? = 1
configure:5020: musl-gcc -fno-link-libatomic -idirafter /home/ildar/kyronix-ports/net/curl/kernel-headers -qversion >&5
gcc: error: unrecognized command-line option '-qversion'; did you mean '--version'?
gcc: fatal error: no input files
compilation terminated.
configure:5031: $? = 1
configure:5020: musl-gcc -fno-link-libatomic -idirafter /home/ildar/kyronix-ports/net/curl/kernel-headers -version >&5
gcc: error: unrecognized command-line option '-version'
gcc: fatal error: no input files
compilation terminated.
configure:5031: $? = 1
configure:5049: checking whether the C compiler works
configure:5071: musl-gcc -fno-link-libatomic -idirafter /home/ildar/kyronix-ports/net/curl/kernel-headers    conftest.c  >&5
configure:5075: $? = 0
configure:5125: result: yes
configure:5128: checking for C compiler default output file name
configure:5130: result: a.out
configure:5136: checking for suffix of executables
configure:5143: musl-gcc -fno-link-libatomic -idirafter /home/ildar/kyronix-ports/net/curl/kernel-headers -o conftest    conftest.c  >&5
configure:5147: $? = 0
configure:5170: result: 
configure:5190: checking whether we are cross compiling
configure:5198: musl-gcc -fno-link-libatomic -idirafter /home/ildar/kyronix-ports/net/curl/kernel-headers -o conftest    conftest.c  >&5
configure:5202: $? = 0
configure:5209: ./conftest
configure:5213: $? = 0
configure:5228: result: no
configure:5233: checking for suffix of object files
configure:5254: musl-gcc -fno-link-libatomic -idirafter /home/ildar/kyronix-ports/net/curl/kernel-headers -c   conftest.c >&5
configure:5258: $? = 0
configure:5280: result: o
configure:5284: checking whether the compiler supports GNU C
configure:5302: musl-gcc -fno-link-libatomic -idirafter /home/ildar/kyronix-ports/net/curl/kernel-headers -c   conftest.c >&5
configure:5302: $? = 0
configure:5312: result: yes
configure:5323: checking whether musl-gcc -fno-link-libatomic -idirafter /home/ildar/kyronix-ports/net/curl/kernel-headers accepts -g
configure:5342: musl-gcc -fno-link-libatomic -idirafter /home/ildar/kyronix-ports/net/curl/kernel-headers -c -g  conftest.c >&5
configure:5342: $? = 0
configure:5382: result: yes
configure:5402: checking for musl-gcc -fno-link-libatomic -idirafter /home/ildar/kyronix-ports/net/curl/kernel-headers option to enable C11 features
configure:5417: musl-gcc -fno-link-libatomic -idirafter /home/ildar/kyronix-ports/net/curl/kernel-headers  -c -g -O2  conftest.c >&5
conftest.c: In function 'e':
conftest.c:23:14: warning: old-style function definition [-Wold-style-definition]
   23 | static char *e (p, i)
      |              ^
configure:5417: $? = 0
configure:5435: result: none needed
configure:5551: checking whether musl-gcc -fno-link-libatomic -idirafter /home/ildar/kyronix-ports/net/curl/kernel-headers understands -c and -o together
configure:5572: musl-gcc -fno-link-libatomic -idirafter /home/ildar/kyronix-ports/net/curl/kernel-headers -c conftest.c -o conftest2.o
configure:5575: $? = 0
configure:5572: musl-gcc -fno-link-libatomic -idirafter /home/ildar/kyronix-ports/net/curl/kernel-headers -c conftest.c -o conftest2.o
configure:5575: $? = 0
configure:5587: result: yes
configure:5610: checking how to run the C preprocessor
configure:5636: musl-gcc -fno-link-libatomic -idirafter /home/ildar/kyronix-ports/net/curl/kernel-headers -E  conftest.c
configure:5636: $? = 0
configure:5651: musl-gcc -fno-link-libatomic -idirafter /home/ildar/kyronix-ports/net/curl/kernel-headers -E  conftest.c
conftest.c:9:10: fatal error: ac_nonexistent.h: No such file or directory
    9 | #include <ac_nonexistent.h>
      |          ^~~~~~~~~~~~~~~~~~
compilation terminated.
configure:5651: $? = 1
configure: failed program was:
| /* confdefs.h */
| #define PACKAGE_NAME "curl"
| #define PACKAGE_TARNAME "curl"
| #define PACKAGE_VERSION "-"
| #define PACKAGE_STRING "curl -"
| #define PACKAGE_BUGREPORT "a suitable curl mailing list: https://curl.se/mail/"
| #define PACKAGE_URL ""
| /* end confdefs.h.  */
| #include <ac_nonexistent.h>
configure:5678: result: musl-gcc -fno-link-libatomic -idirafter /home/ildar/kyronix-ports/net/curl/kernel-headers -E
configure:5692: musl-gcc -fno-link-libatomic -idirafter /home/ildar/kyronix-ports/net/curl/kernel-headers -E  conftest.c
configure:5692: $? = 0
configure:5707: musl-gcc -fno-link-libatomic -idirafter /home/ildar/kyronix-ports/net/curl/kernel-headers -E  conftest.c
conftest.c:9:10: fatal error: ac_nonexistent.h: No such file or directory
    9 | #include <ac_nonexistent.h>
      |          ^~~~~~~~~~~~~~~~~~
compilation terminated.
configure:5707: $? = 1
configure: failed program was:
| /* confdefs.h */
| #define PACKAGE_NAME "curl"
| #define PACKAGE_TARNAME "curl"
| #define PACKAGE_VERSION "-"
| #define PACKAGE_STRING "curl -"
| #define PACKAGE_BUGREPORT "a suitable curl mailing list: https://curl.se/mail/"
| #define PACKAGE_URL ""
| /* end confdefs.h.  */
| #include <ac_nonexistent.h>
configure:5776: checking for stdio.h
configure:5776: musl-gcc -fno-link-libatomic -idirafter /home/ildar/kyronix-ports/net/curl/kernel-headers -c   conftest.c >&5
configure:5776: $? = 0
configure:5776: result: yes
configure:5776: checking for stdlib.h
configure:5776: musl-gcc -fno-link-libatomic -idirafter /home/ildar/kyronix-ports/net/curl/kernel-headers -c   conftest.c >&5
configure:5776: $? = 0
configure:5776: result: yes
configure:5776: checking for string.h
configure:5776: musl-gcc -fno-link-libatomic -idirafter /home/ildar/kyronix-ports/net/curl/kernel-headers -c   conftest.c >&5
configure:5776: $? = 0
configure:5776: result: yes
configure:5776: checking for inttypes.h
configure:5776: musl-gcc -fno-link-libatomic -idirafter /home/ildar/kyronix-ports/net/curl/kernel-headers -c   conftest.c >&5
configure:5776: $? = 0
configure:5776: result: yes
configure:5776: checking for stdint.h
configure:5776: musl-gcc -fno-link-libatomic -idirafter /home/ildar/kyronix-ports/net/curl/kernel-headers -c   conftest.c >&5
configure:5776: $? = 0
configure:5776: result: yes
configure:5776: checking for strings.h
configure:5776: musl-gcc -fno-link-libatomic -idirafter /home/ildar/kyronix-ports/net/curl/kernel-headers -c   conftest.c >&5
configure:5776: $? = 0
configure:5776: result: yes
configure:5776: checking for sys/stat.h
configure:5776: musl-gcc -fno-link-libatomic -idirafter /home/ildar/kyronix-ports/net/curl/kernel-headers -c   conftest.c >&5
configure:5776: $? = 0
configure:5776: result: yes
configure:5776: checking for sys/types.h
configure:5776: musl-gcc -fno-link-libatomic -idirafter /home/ildar/kyronix-ports/net/curl/kernel-headers -c   conftest.c >&5
configure:5776: $? = 0
configure:5776: result: yes
configure:5776: checking for unistd.h
configure:5776: musl-gcc -fno-link-libatomic -idirafter /home/ildar/kyronix-ports/net/curl/kernel-headers -c   conftest.c >&5
configure:5776: $? = 0
configure:5776: result: yes
configure:5804: checking for stdatomic.h
configure:5804: musl-gcc -fno-link-libatomic -idirafter /home/ildar/kyronix-ports/net/curl/kernel-headers -c   conftest.c >&5
configure:5804: $? = 0
configure:5804: result: yes
configure:5809: checking if _Atomic is available
configure:5828: musl-gcc -fno-link-libatomic -idirafter /home/ildar/kyronix-ports/net/curl/kernel-headers -o conftest    conftest.c  >&5
configure:5828: $? = 0
configure:5831: result: yes
configure:5855: checking whether build environment is sane
configure:5910: result: yes
configure:6065: checking for a race-free mkdir -p
configure:6109: result: /usr/bin/mkdir -p
configure:6116: checking for gawk
configure:6137: found /usr/bin/gawk
configure:6148: result: gawk
configure:6159: checking whether make sets $(MAKE)
configure:6182: result: yes
configure:6204: checking whether make supports the include directive
configure:6219: make -f confmf.GNU && cat confinc.out
this is the am__doit target
configure:6222: $? = 0
configure:6241: result: yes (GNU style)
configure:6341: checking dependency style of musl-gcc -fno-link-libatomic -idirafter /home/ildar/kyronix-ports/net/curl/kernel-headers
configure:6453: result: gcc3
configure:6533: checking curl version
configure:6535: result: 8.21.0
configure:6716: checking for perl
configure:6740: found /usr/bin/perl
configure:6752: result: /usr/bin/perl
configure:6910: checking for httpd
configure:6933: found /usr/bin/httpd
configure:6945: result: /usr/bin/httpd
configure:7002: checking for apxs
configure:7025: found /usr/bin/apxs
configure:7037: result: /usr/bin/apxs
configure:7095: checking for danted
configure:7133: result: no
configure:7141: checking for danted
configure:7179: result: no
configure:7331: checking for sftp-server
configure:7369: result: no
configure:7377: checking for sftp-server
configure:7415: result: no
configure:7431: checking for nghttpx
configure:7470: result: no
configure:7483: checking for caddy
configure:7521: result: no
configure:7561: checking build system type
configure:7576: result: x86_64-pc-linux-musl
configure:7596: checking host system type
configure:7610: result: x86_64-pc-linux-musl
configure:7638: checking for grep that handles long lines and -e
configure:7702: result: /usr/bin/grep
configure:7707: checking for egrep
configure:7775: result: /usr/bin/grep -E
configure:7784: checking if OS is AIX (to define _ALL_SOURCE)
configure:7805: result: no
configure:7816: checking if _THREAD_SAFE is already defined
configure:7837: musl-gcc -fno-link-libatomic -idirafter /home/ildar/kyronix-ports/net/curl/kernel-headers -c   conftest.c >&5
conftest.c: In function 'main':
conftest.c:34:10: error: #error force compilation error
   34 |         #error force compilation error
      |          ^~~~~
configure:7837: $? = 1
configure: failed program was:
| /* confdefs.h */
| #define PACKAGE_NAME "curl"
| #define PACKAGE_TARNAME "curl"
| #define PACKAGE_VERSION "-"
| #define PACKAGE_STRING "curl -"
| #define PACKAGE_BUGREPORT "a suitable curl mailing list: https://curl.se/mail/"
| #define PACKAGE_URL ""
| #define HAVE_STDIO_H 1
| #define HAVE_STDLIB_H 1
| #define HAVE_STRING_H 1
| #define HAVE_INTTYPES_H 1
| #define HAVE_STDINT_H 1
| #define HAVE_STRINGS_H 1
| #define HAVE_SYS_STAT_H 1
| #define HAVE_SYS_TYPES_H 1
| #define HAVE_UNISTD_H 1
| #define STDC_HEADERS 1
| #define HAVE_STDATOMIC_H 1
| #define HAVE_ATOMIC 1
| #define PACKAGE "curl"
| #define VERSION "-"
| #define CURL_OS "x86_64-pc-linux-musl"
| /* end confdefs.h.  */
| 
| 
| 
| int main(void)
| {
| 
|       #ifdef _THREAD_SAFE
|         int dummy = 1;
|         (void)dummy;
|       #else
|         #error force compilation error
|       #endif
| 
|   return 0;
| }
| 
configure:7846: result: no
configure:7854: checking if _THREAD_SAFE is actually needed
configure:7873: result: no
configure:7878: checking if _THREAD_SAFE is onwards defined
configure:7895: result: no
configure:7902: checking if _REENTRANT is already defined
configure:7923: musl-gcc -fno-link-libatomic -idirafter /home/ildar/kyronix-ports/net/curl/kernel-headers -c   conftest.c >&5
conftest.c: In function 'main':
conftest.c:34:10: error: #error force compilation error
   34 |         #error force compilation error
      |          ^~~~~
configure:7923: $? = 1
configure: failed program was:
| /* confdefs.h */
| #define PACKAGE_NAME "curl"
| #define PACKAGE_TARNAME "curl"
| #define PACKAGE_VERSION "-"
| #define PACKAGE_STRING "curl -"
| #define PACKAGE_BUGREPORT "a suitable curl mailing list: https://curl.se/mail/"
| #define PACKAGE_URL ""
| #define HAVE_STDIO_H 1
| #define HAVE_STDLIB_H 1
| #define HAVE_STRING_H 1
| #define HAVE_INTTYPES_H 1
| #define HAVE_STDINT_H 1
| #define HAVE_STRINGS_H 1
| #define HAVE_SYS_STAT_H 1
| #define HAVE_SYS_TYPES_H 1
| #define HAVE_UNISTD_H 1
| #define STDC_HEADERS 1
| #define HAVE_STDATOMIC_H 1
| #define HAVE_ATOMIC 1
| #define PACKAGE "curl"
| #define VERSION "-"
| #define CURL_OS "x86_64-pc-linux-musl"
| /* end confdefs.h.  */
| 
| 
| 
| int main(void)
| {
| 
|       #ifdef _REENTRANT
|         int dummy = 1;
|         (void)dummy;
|       #else
|         #error force compilation error
|       #endif
| 
|   return 0;
| }
| 
configure:7932: result: no
configure:7940: checking if _REENTRANT is actually needed
configure:7970: musl-gcc -fno-link-libatomic -idirafter /home/ildar/kyronix-ports/net/curl/kernel-headers -c   conftest.c >&5
configure:7970: $? = 0
configure:8002: musl-gcc -fno-link-libatomic -idirafter /home/ildar/kyronix-ports/net/curl/kernel-headers -c   conftest.c >&5
configure:8002: $? = 0
configure:8074: musl-gcc -fno-link-libatomic -idirafter /home/ildar/kyronix-ports/net/curl/kernel-headers -o conftest    conftest.c  >&5
configure:8074: $? = 0
configure:8155: musl-gcc -fno-link-libatomic -idirafter /home/ildar/kyronix-ports/net/curl/kernel-headers -o conftest    conftest.c  >&5
configure:8155: $? = 0
configure:8236: musl-gcc -fno-link-libatomic -idirafter /home/ildar/kyronix-ports/net/curl/kernel-headers -o conftest    conftest.c  >&5
configure:8236: $? = 0
configure:8317: musl-gcc -fno-link-libatomic -idirafter /home/ildar/kyronix-ports/net/curl/kernel-headers -o conftest    conftest.c  >&5
configure:8317: $? = 0
configure:8398: musl-gcc -fno-link-libatomic -idirafter /home/ildar/kyronix-ports/net/curl/kernel-headers -o conftest    conftest.c  >&5
/usr/bin/ld: /tmp/ccs2Yp4r.o: in function `main':
conftest.c:(.text+0x5): undefined reference to `getprotobyname_r'
collect2: error: ld returned 1 exit status
configure:8398: $? = 1
configure: failed program was:
| /* confdefs.h */
| #define PACKAGE_NAME "curl"
| #define PACKAGE_TARNAME "curl"
| #define PACKAGE_VERSION "-"
| #define PACKAGE_STRING "curl -"
| #define PACKAGE_BUGREPORT "a suitable curl mailing list: https://curl.se/mail/"
| #define PACKAGE_URL ""
| #define HAVE_STDIO_H 1
| #define HAVE_STDLIB_H 1
| #define HAVE_STRING_H 1
| #define HAVE_INTTYPES_H 1
| #define HAVE_STDINT_H 1
| #define HAVE_STRINGS_H 1
| #define HAVE_SYS_STAT_H 1
| #define HAVE_SYS_TYPES_H 1
| #define HAVE_UNISTD_H 1
| #define STDC_HEADERS 1
| #define HAVE_STDATOMIC_H 1
| #define HAVE_ATOMIC 1
| #define PACKAGE "curl"
| #define VERSION "-"
| #define CURL_OS "x86_64-pc-linux-musl"
| /* end confdefs.h.  */
| 
| 
| #define getprotobyname_r innocuous_getprotobyname_r
| #ifdef __STDC__
| #  include <limits.h>
| #else
| #  include <assert.h>
| #endif
| #undef getprotobyname_r
| #ifdef __cplusplus
| extern "C"
| #endif
| char getprotobyname_r ();
| #if defined __stub_getprotobyname_r || defined __stub___getprotobyname_r
| #error force compilation error
| #endif
| 
| int main(void)
| {
| return getprotobyname_r ();
|   return 0;
| }
| 
configure:8457: result: no
configure:8462: checking if _REENTRANT is onwards defined
configure:8479: result: no
configure:8492: checking for special C compiler options needed for large files
configure:8538: result: no
configure:8544: checking for _FILE_OFFSET_BITS value needed for large files
configure:8568: musl-gcc -fno-link-libatomic -idirafter /home/ildar/kyronix-ports/net/curl/kernel-headers -c   conftest.c >&5
configure:8568: $? = 0
configure:8600: result: no
configure:8726: checking how to print strings
configure:8753: result: printf
configure:8774: checking for a sed that does not truncate output
configure:8844: result: /usr/bin/sed
configure:8862: checking for fgrep
configure:8930: result: /usr/bin/grep -F
configure:8966: checking for ld used by musl-gcc -fno-link-libatomic -idirafter /home/ildar/kyronix-ports/net/curl/kernel-headers
configure:9034: result: /usr/bin/ld
configure:9041: checking if the linker (/usr/bin/ld) is GNU ld
configure:9057: result: yes
configure:9069: checking for BSD- or MS-compatible name lister (nm)
configure:9124: result: /usr/bin/nm -B
configure:9264: checking the name lister (/usr/bin/nm -B) interface
configure:9272: musl-gcc -fno-link-libatomic -idirafter /home/ildar/kyronix-ports/net/curl/kernel-headers -c   conftest.c >&5
configure:9275: /usr/bin/nm -B "conftest.o"
configure:9278: output
0000000000000000 B some_variable
configure:9285: result: BSD nm
configure:9288: checking whether ln -s works
configure:9292: result: yes
configure:9300: checking the maximum length of command line arguments
configure:9432: result: 1572864
configure:9480: checking how to convert x86_64-pc-linux-musl file names to x86_64-pc-linux-musl format
configure:9521: result: func_convert_file_noop
configure:9528: checking how to convert x86_64-pc-linux-musl file names to toolchain format
configure:9549: result: func_convert_file_noop
configure:9556: checking for /usr/bin/ld option to reload object files
configure:9564: result: -r
configure:9598: checking for x86_64-linux-musl-file
configure:9633: result: no
configure:9643: checking for file
configure:9664: found /usr/bin/file
configure:9675: result: file
configure:9706: checking for x86_64-linux-musl-objdump
configure:9741: result: no
configure:9751: checking for objdump
configure:9772: found /usr/bin/objdump
configure:9783: result: objdump
configure:9812: checking how to recognize dependent libraries
configure:10013: result: pass_all
configure:10058: checking for x86_64-linux-musl-dlltool
configure:10093: result: no
configure:10103: checking for dlltool
configure:10138: result: no
configure:10165: checking how to associate runtime and link libraries
configure:10193: result: printf %s\n
configure:10209: checking for x86_64-linux-musl-ar
configure:10241: result: /usr/bin/ar
configure:10343: checking for archiver @FILE support
configure:10359: musl-gcc -fno-link-libatomic -idirafter /home/ildar/kyronix-ports/net/curl/kernel-headers -c   conftest.c >&5
configure:10359: $? = 0
configure:10363: /usr/bin/ar cr libconftest.a @conftest.lst >&5
configure:10366: $? = 0
configure:10371: /usr/bin/ar cr libconftest.a @conftest.lst >&5
/usr/bin/ar: conftest.o: No such file or directory
configure:10374: $? = 1
configure:10386: result: @
configure:10404: checking for x86_64-linux-musl-strip
configure:10439: result: no
configure:10449: checking for strip
configure:10470: found /usr/bin/strip
configure:10481: result: strip
configure:10513: checking for x86_64-linux-musl-ranlib
configure:10548: result: no
configure:10558: checking for ranlib
configure:10579: found /usr/bin/ranlib
configure:10590: result: ranlib
configure:10692: checking command to parse /usr/bin/nm -B output from musl-gcc -fno-link-libatomic -idirafter /home/ildar/kyronix-ports/net/curl/kernel-headers object
configure:10846: musl-gcc -fno-link-libatomic -idirafter /home/ildar/kyronix-ports/net/curl/kernel-headers -c   conftest.c >&5
configure:10849: $? = 0
configure:10853: /usr/bin/nm -B conftest.o | /usr/bin/sed -n -e 's/^.*[	 ]\([ABCDGIRSTW][ABCDGIRSTW]*\)[	 ][	 ]*\([_A-Za-z][_A-Za-z0-9]*\)$/\1 \2 \2/p' | /usr/bin/sed '/ __gnu_lto/d' > conftest.nm
configure:10919: musl-gcc -fno-link-libatomic -idirafter /home/ildar/kyronix-ports/net/curl/kernel-headers -o conftest    conftest.c conftstm.o >&5
configure:10922: $? = 0
configure:10960: result: ok
configure:11007: checking for sysroot
configure:11038: result: no
configure:11045: checking for a working dd
configure:11089: result: /usr/bin/dd
configure:11093: checking how to truncate binary pipes
configure:11109: result: /usr/bin/dd bs=4096 count=1
configure:11246: musl-gcc -fno-link-libatomic -idirafter /home/ildar/kyronix-ports/net/curl/kernel-headers -c   conftest.c >&5
configure:11249: $? = 0
configure:11399: checking for x86_64-linux-musl-mt
configure:11434: result: no
configure:11444: checking for mt
configure:11479: result: no
configure:11499: checking if : is a manifest tool
configure:11506: : '-?'
configure:11514: result: no
configure:12233: checking for dlfcn.h
configure:12233: musl-gcc -fno-link-libatomic -idirafter /home/ildar/kyronix-ports/net/curl/kernel-headers -c   conftest.c >&5
configure:12233: $? = 0
configure:12233: result: yes
configure:12904: checking for objdir
configure:12920: result: .libs
configure:13184: checking if musl-gcc -fno-link-libatomic -idirafter /home/ildar/kyronix-ports/net/curl/kernel-headers supports -fno-rtti -fno-exceptions
configure:13203: musl-gcc -fno-link-libatomic -idirafter /home/ildar/kyronix-ports/net/curl/kernel-headers -c   -fno-rtti -fno-exceptions conftest.c >&5
cc1: warning: command-line option '-fno-rtti' is valid for C++/D/ObjC++ but not for C
configure:13207: $? = 0
configure:13220: result: no
configure:13584: checking for musl-gcc -fno-link-libatomic -idirafter /home/ildar/kyronix-ports/net/curl/kernel-headers option to produce PIC
configure:13592: result: -fPIC -DPIC
configure:13600: checking if musl-gcc -fno-link-libatomic -idirafter /home/ildar/kyronix-ports/net/curl/kernel-headers PIC flag -fPIC -DPIC works
configure:13619: musl-gcc -fno-link-libatomic -idirafter /home/ildar/kyronix-ports/net/curl/kernel-headers -c   -fPIC -DPIC -DPIC conftest.c >&5
configure:13623: $? = 0
configure:13636: result: yes
configure:13665: checking if musl-gcc -fno-link-libatomic -idirafter /home/ildar/kyronix-ports/net/curl/kernel-headers static flag -static works
configure:13694: result: yes
configure:13709: checking if musl-gcc -fno-link-libatomic -idirafter /home/ildar/kyronix-ports/net/curl/kernel-headers supports -c -o file.o
configure:13731: musl-gcc -fno-link-libatomic -idirafter /home/ildar/kyronix-ports/net/curl/kernel-headers -c   -o out/conftest2.o conftest.c >&5
configure:13735: $? = 0
configure:13757: result: yes
configure:13765: checking if musl-gcc -fno-link-libatomic -idirafter /home/ildar/kyronix-ports/net/curl/kernel-headers supports -c -o file.o
configure:13813: result: yes
configure:13846: checking whether the musl-gcc -fno-link-libatomic -idirafter /home/ildar/kyronix-ports/net/curl/kernel-headers linker (/usr/bin/ld -m elf_x86_64) supports shared libraries
configure:15116: result: yes
configure:15153: checking whether -lc should be explicitly linked in
configure:15162: musl-gcc -fno-link-libatomic -idirafter /home/ildar/kyronix-ports/net/curl/kernel-headers -c   conftest.c >&5
configure:15165: $? = 0
configure:15180: musl-gcc -fno-link-libatomic -idirafter /home/ildar/kyronix-ports/net/curl/kernel-headers -shared  -fPIC -DPIC conftest.o  -v -Wl,-soname -Wl,conftest -o conftest 2\>\&1 \| /usr/bin/grep  -lc  \>/dev/null 2\>\&1
configure:15183: $? = 0
configure:15197: result: no
configure:15357: checking dynamic linker characteristics
configure:15937: musl-gcc -fno-link-libatomic -idirafter /home/ildar/kyronix-ports/net/curl/kernel-headers -o conftest    -Wl,-rpath -Wl,/foo conftest.c  >&5
configure:15937: $? = 0
configure:16188: result: GNU/Linux ld.so
configure:16310: checking how to hardcode library paths into programs
configure:16335: result: immediate
configure:16882: checking whether stripping libraries is possible
configure:16891: result: yes
configure:16933: checking if libtool supports shared libraries
configure:16935: result: yes
configure:16938: checking whether to build shared libraries
configure:16963: result: yes
configure:16966: checking whether to build static libraries
configure:16970: result: no
configure:17044: checking whether to build shared libraries with -version-info
configure:17055: result: yes
configure:17065: checking whether to build shared libraries with -no-undefined
configure:17078: result: no
configure:17088: checking whether to build shared libraries with -mimpure-text
configure:17098: result: no
configure:17128: checking whether to build shared libraries with PIC
configure:17130: result: yes
configure:17132: checking whether to build static libraries with PIC
configure:17134: result: yes
configure:17144: checking whether to build shared libraries only
configure:17152: result: yes
configure:17158: checking whether to build static libraries only
configure:17166: result: no
configure:17185: checking for x86_64-linux-musl-windres
configure:17220: result: no
configure:17230: checking for windres
configure:17265: result: no
configure:17421: checking if cpp -P is needed
configure:17439: result: yes
configure:17443: checking if cpp -P works
configure:17463: result: yes
configure:17492: checking if compiler is DEC/Compaq/HP C
configure:17518: musl-gcc -fno-link-libatomic -idirafter /home/ildar/kyronix-ports/net/curl/kernel-headers -E  -P conftest.c
configure:17518: $? = 0
configure:17567: musl-gcc -fno-link-libatomic -idirafter /home/ildar/kyronix-ports/net/curl/kernel-headers -E  -P conftest.c
configure:17567: $? = 0
configure:17602: result: no
configure:17607: checking if compiler is HP-UX C
configure:17633: musl-gcc -fno-link-libatomic -idirafter /home/ildar/kyronix-ports/net/curl/kernel-headers -E  -P conftest.c
configure:17633: $? = 0
configure:17667: result: no
configure:17672: checking if compiler is IBM C
configure:17698: musl-gcc -fno-link-libatomic -idirafter /home/ildar/kyronix-ports/net/curl/kernel-headers -E  -P conftest.c
configure:17698: $? = 0
configure:17740: result: no
configure:17746: checking if compiler is Intel C
configure:17772: musl-gcc -fno-link-libatomic -idirafter /home/ildar/kyronix-ports/net/curl/kernel-headers -E  -P conftest.c
configure:17772: $? = 0
configure:17869: result: no
configure:17875: checking if compiler is clang
configure:17901: musl-gcc -fno-link-libatomic -idirafter /home/ildar/kyronix-ports/net/curl/kernel-headers -E  -P conftest.c
configure:17901: $? = 0
configure:18040: result: no
configure:18047: checking if compiler is GNU C
configure:18073: musl-gcc -fno-link-libatomic -idirafter /home/ildar/kyronix-ports/net/curl/kernel-headers -E  -P conftest.c
configure:18073: $? = 0
configure:18100: result: yes
configure:18103: checking compiler version
configure:18114: result: gcc '1601' (raw: '16.1.1')
configure:18413: checking if compiler is SunPro C
configure:18439: musl-gcc -fno-link-libatomic -idirafter /home/ildar/kyronix-ports/net/curl/kernel-headers -E  -P conftest.c
configure:18439: $? = 0
configure:18473: result: no
configure:18478: checking if compiler is Tiny C
configure:18504: musl-gcc -fno-link-libatomic -idirafter /home/ildar/kyronix-ports/net/curl/kernel-headers -E  -P conftest.c
configure:18504: $? = 0
configure:18538: result: no
configure:18562: checking for code coverage support
configure:18578: result: no
configure:18747: checking whether build target is a native Windows one
configure:18773: musl-gcc -fno-link-libatomic -idirafter /home/ildar/kyronix-ports/net/curl/kernel-headers -c   conftest.c >&5
conftest.c: In function 'main':
conftest.c:36:12: error: #error Not a native Windows build target.
   36 |           #error Not a native Windows build target.
      |            ^~~~~
configure:18773: $? = 1
configure: failed program was:
| /* confdefs.h */
| #define PACKAGE_NAME "curl"
| #define PACKAGE_TARNAME "curl"
| #define PACKAGE_VERSION "-"
| #define PACKAGE_STRING "curl -"
| #define PACKAGE_BUGREPORT "a suitable curl mailing list: https://curl.se/mail/"
| #define PACKAGE_URL ""
| #define HAVE_STDIO_H 1
| #define HAVE_STDLIB_H 1
| #define HAVE_STRING_H 1
| #define HAVE_INTTYPES_H 1
| #define HAVE_STDINT_H 1
| #define HAVE_STRINGS_H 1
| #define HAVE_SYS_STAT_H 1
| #define HAVE_SYS_TYPES_H 1
| #define HAVE_UNISTD_H 1
| #define STDC_HEADERS 1
| #define HAVE_STDATOMIC_H 1
| #define HAVE_ATOMIC 1
| #define PACKAGE "curl"
| #define VERSION "-"
| #define CURL_OS "x86_64-pc-linux-musl"
| #define HAVE_DLFCN_H 1
| #define LT_OBJDIR ".libs/"
| /* end confdefs.h.  */
| 
| 
| 
| int main(void)
| {
| 
|         #ifdef _WIN32
|           int dummy = 1;
|           (void)dummy;
|         #else
|           #error Not a native Windows build target.
|         #endif
| 
|   return 0;
| }
| 
configure:18786: result: no
configure:18939: checking if compiler accepts some basic options
configure:18962: musl-gcc -fno-link-libatomic -idirafter /home/ildar/kyronix-ports/net/curl/kernel-headers -c -Werror-implicit-function-declaration  conftest.c >&5
configure:18962: $? = 0
configure:18992: musl-gcc -fno-link-libatomic -idirafter /home/ildar/kyronix-ports/net/curl/kernel-headers -o conftest -Werror-implicit-function-declaration   conftest.c  >&5
configure:18992: $? = 0
configure:19083: sh ./run-compiler -o conftest -Werror-implicit-function-declaration   conftest.c  >&5
configure:19083: $? = 0
configure:19083: ./conftest
configure:19083: $? = 0
configure:19106: result: yes
configure:19108: compiler options added: -Werror-implicit-function-declaration 
configure:19174: checking if compiler optimizer assumed setting might be used
configure:19212: result: yes
configure:19260: checking if compiler accepts optimizer enabling options
configure:19295: musl-gcc -fno-link-libatomic -idirafter /home/ildar/kyronix-ports/net/curl/kernel-headers -c -Werror-implicit-function-declaration -O2  conftest.c >&5
configure:19295: $? = 0
configure:19325: musl-gcc -fno-link-libatomic -idirafter /home/ildar/kyronix-ports/net/curl/kernel-headers -o conftest -Werror-implicit-function-declaration -O2   conftest.c  >&5
configure:19325: $? = 0
configure:19416: sh ./run-compiler -o conftest -Werror-implicit-function-declaration -O2   conftest.c  >&5
configure:19416: $? = 0
configure:19416: ./conftest
configure:19416: $? = 0
configure:19439: result: yes
configure:19441: compiler options added: -O2
configure:22054: checking if compiler accepts strict warning options
configure:22077: musl-gcc -fno-link-libatomic -idirafter /home/ildar/kyronix-ports/net/curl/kernel-headers -c -Werror-implicit-function-declaration -O2 -Wno-system-headers  conftest.c >&5
configure:22077: $? = 0
configure:22107: musl-gcc -fno-link-libatomic -idirafter /home/ildar/kyronix-ports/net/curl/kernel-headers -o conftest -Werror-implicit-function-declaration -O2 -Wno-system-headers   conftest.c  >&5
configure:22107: $? = 0
configure:22198: sh ./run-compiler -o conftest -Werror-implicit-function-declaration -O2 -Wno-system-headers   conftest.c  >&5
configure:22198: $? = 0
configure:22198: ./conftest
configure:22198: $? = 0
configure:22221: result: yes
configure:22223: compiler options added: -Wno-system-headers 
configure:22279: checking if compiler halts on compilation errors
configure:22295: musl-gcc -fno-link-libatomic -idirafter /home/ildar/kyronix-ports/net/curl/kernel-headers -c -Werror-implicit-function-declaration -O2 -Wno-system-headers  conftest.c >&5
conftest.c: In function 'main':
conftest.c:32:8: error: #error force compilation error
   32 |       #error force compilation error
      |        ^~~~~
configure:22295: $? = 1
configure: failed program was:
| /* confdefs.h */
| #define PACKAGE_NAME "curl"
| #define PACKAGE_TARNAME "curl"
| #define PACKAGE_VERSION "-"
| #define PACKAGE_STRING "curl -"
| #define PACKAGE_BUGREPORT "a suitable curl mailing list: https://curl.se/mail/"
| #define PACKAGE_URL ""
| #define HAVE_STDIO_H 1
| #define HAVE_STDLIB_H 1
| #define HAVE_STRING_H 1
| #define HAVE_INTTYPES_H 1
| #define HAVE_STDINT_H 1
| #define HAVE_STRINGS_H 1
| #define HAVE_SYS_STAT_H 1
| #define HAVE_SYS_TYPES_H 1
| #define HAVE_UNISTD_H 1
| #define STDC_HEADERS 1
| #define HAVE_STDATOMIC_H 1
| #define HAVE_ATOMIC 1
| #define PACKAGE "curl"
| #define VERSION "-"
| #define CURL_OS "x86_64-pc-linux-musl"
| #define HAVE_DLFCN_H 1
| #define LT_OBJDIR ".libs/"
| /* end confdefs.h.  */
| 
| 
| 
| int main(void)
| {
| 
|       #error force compilation error
| 
|   return 0;
| }
| 
configure:22304: result: yes
configure:22312: checking if compiler halts on negative sized arrays
configure:22330: musl-gcc -fno-link-libatomic -idirafter /home/ildar/kyronix-ports/net/curl/kernel-headers -c -Werror-implicit-function-declaration -O2 -Wno-system-headers  conftest.c >&5
conftest.c:28:20: error: size of array 'bad_t' is negative
   28 |       typedef char bad_t[sizeof(char) == sizeof(int) ? -1 : -1];
      |                    ^~~~~
configure:22330: $? = 1
configure: failed program was:
| /* confdefs.h */
| #define PACKAGE_NAME "curl"
| #define PACKAGE_TARNAME "curl"
| #define PACKAGE_VERSION "-"
| #define PACKAGE_STRING "curl -"
| #define PACKAGE_BUGREPORT "a suitable curl mailing list: https://curl.se/mail/"
| #define PACKAGE_URL ""
| #define HAVE_STDIO_H 1
| #define HAVE_STDLIB_H 1
| #define HAVE_STRING_H 1
| #define HAVE_INTTYPES_H 1
| #define HAVE_STDINT_H 1
| #define HAVE_STRINGS_H 1
| #define HAVE_SYS_STAT_H 1
| #define HAVE_SYS_TYPES_H 1
| #define HAVE_UNISTD_H 1
| #define STDC_HEADERS 1
| #define HAVE_STDATOMIC_H 1
| #define HAVE_ATOMIC 1
| #define PACKAGE "curl"
| #define VERSION "-"
| #define CURL_OS "x86_64-pc-linux-musl"
| #define HAVE_DLFCN_H 1
| #define LT_OBJDIR ".libs/"
| /* end confdefs.h.  */
| 
| 
|       typedef char bad_t[sizeof(char) == sizeof(int) ? -1 : -1];
| 
| int main(void)
| {
| 
|       bad_t dummy;
|       (void)dummy;
| 
|   return 0;
| }
| 
configure:22339: result: yes
configure:22347: checking if compiler halts on function prototype mismatch
configure:22375: musl-gcc -fno-link-libatomic -idirafter /home/ildar/kyronix-ports/net/curl/kernel-headers -c -Werror-implicit-function-declaration -O2 -Wno-system-headers  conftest.c >&5
conftest.c:29:11: error: conflicting types for 'rand'; have 'int(int)'
   29 |       int rand(int n);
      |           ^~~~
In file included from conftest.c:28:
/usr/lib/musl/include/stdlib.h:37:5: note: previous declaration of 'rand' with type 'int(void)'
   37 | int rand (void);
      |     ^~~~
conftest.c:30:11: error: conflicting types for 'rand'; have 'int(int)'
   30 |       int rand(int n)
      |           ^~~~
/usr/lib/musl/include/stdlib.h:37:5: note: previous declaration of 'rand' with type 'int(void)'
   37 | int rand (void);
      |     ^~~~
configure:22375: $? = 1
configure: failed program was:
| /* confdefs.h */
| #define PACKAGE_NAME "curl"
| #define PACKAGE_TARNAME "curl"
| #define PACKAGE_VERSION "-"
| #define PACKAGE_STRING "curl -"
| #define PACKAGE_BUGREPORT "a suitable curl mailing list: https://curl.se/mail/"
| #define PACKAGE_URL ""
| #define HAVE_STDIO_H 1
| #define HAVE_STDLIB_H 1
| #define HAVE_STRING_H 1
| #define HAVE_INTTYPES_H 1
| #define HAVE_STDINT_H 1
| #define HAVE_STRINGS_H 1
| #define HAVE_SYS_STAT_H 1
| #define HAVE_SYS_TYPES_H 1
| #define HAVE_UNISTD_H 1
| #define STDC_HEADERS 1
| #define HAVE_STDATOMIC_H 1
| #define HAVE_ATOMIC 1
| #define PACKAGE "curl"
| #define VERSION "-"
| #define CURL_OS "x86_64-pc-linux-musl"
| #define HAVE_DLFCN_H 1
| #define LT_OBJDIR ".libs/"
| /* end confdefs.h.  */
| 
| 
|       #include <stdlib.h>
|       int rand(int n);
|       int rand(int n)
|       {
|         if(n)
|           return ++n;
|         else
|           return n;
|       }
| 
| int main(void)
| {
| 
|       int i[2] ={ 0, 0 };
|       int j = rand(i[0]);
|       if(j)
|         return j;
| 
|   return 0;
| }
| 
configure:22384: result: yes
configure:22393: checking if compiler supports hiding library internal symbols
configure:22486: musl-gcc -fno-link-libatomic -idirafter /home/ildar/kyronix-ports/net/curl/kernel-headers -c -Werror-implicit-function-declaration -O2 -Wno-system-headers -fvisibility=hidden  conftest.c >&5
configure:22486: $? = 0
configure:22510: result: yes
configure:22567: checking whether build target supports Win32 crypto API
configure:22613: result: no
configure:22706: checking whether to build libcurl and curl in "unity" mode
configure:22723: result: no
configure:22742: checking whether to support http
configure:22784: result: yes
configure:22789: checking whether to support ftp
configure:22809: result: yes
configure:22814: checking whether to support file
configure:22834: result: yes
configure:22839: checking whether to support IPFS
configure:22865: result: yes
configure:22875: checking whether to support ldap
configure:22882: result: no
configure:22906: checking whether to support ldaps
configure:22913: result: no
configure:22959: checking whether to support rtsp
configure:22985: result: yes
configure:22996: checking whether to support proxies
configure:23017: result: yes
configure:23023: checking whether to support dict
configure:23043: result: yes
configure:23049: checking whether to support telnet
configure:23069: result: yes
configure:23082: checking whether to support tftp
configure:23102: result: yes
configure:23108: checking whether to support pop3
configure:23128: result: yes
configure:23134: checking whether to support imap
configure:23154: result: yes
configure:23160: checking whether to support smb
configure:23180: result: no
configure:23186: checking whether to support smtp
configure:23206: result: yes
configure:23212: checking whether to support gopher
configure:23232: result: yes
configure:23238: checking whether to support mqtt
configure:23258: result: no
configure:23264: checking enable curl_global_init_mem debug build
configure:23284: result: no
configure:23291: checking whether to provide built-in manual
configure:23308: result: yes
configure:23316: checking whether to build documentation
configure:23336: result: yes
configure:23348: checking whether to enable generation of C code
configure:23368: result: yes
configure:23375: checking whether to use libgcc
configure:23392: result: no
configure:23398: checking whether to use libbacktrace
configure:23419: result: no
configure:23426: checking if X/Open network library is required
configure:23445: musl-gcc -fno-link-libatomic -idirafter /home/ildar/kyronix-ports/net/curl/kernel-headers -c -Werror-implicit-function-declaration -O2 -Wno-system-headers  -D_GNU_SOURCE conftest.c >&5
conftest.c: In function 'main':
conftest.c:35:10: error: #error force compilation error
   35 |         #error force compilation error
      |          ^~~~~
configure:23445: $? = 1
configure: failed program was:
| /* confdefs.h */
| #define PACKAGE_NAME "curl"
| #define PACKAGE_TARNAME "curl"
| #define PACKAGE_VERSION "-"
| #define PACKAGE_STRING "curl -"
| #define PACKAGE_BUGREPORT "a suitable curl mailing list: https://curl.se/mail/"
| #define PACKAGE_URL ""
| #define HAVE_STDIO_H 1
| #define HAVE_STDLIB_H 1
| #define HAVE_STRING_H 1
| #define HAVE_INTTYPES_H 1
| #define HAVE_STDINT_H 1
| #define HAVE_STRINGS_H 1
| #define HAVE_SYS_STAT_H 1
| #define HAVE_SYS_TYPES_H 1
| #define HAVE_UNISTD_H 1
| #define STDC_HEADERS 1
| #define HAVE_STDATOMIC_H 1
| #define HAVE_ATOMIC 1
| #define PACKAGE "curl"
| #define VERSION "-"
| #define CURL_OS "x86_64-pc-linux-musl"
| #define HAVE_DLFCN_H 1
| #define LT_OBJDIR ".libs/"
| #define CURL_DISABLE_LDAP 1
| #define CURL_DISABLE_LDAPS 1
| /* end confdefs.h.  */
| 
| 
|       int main(void)
|       {
|       #if defined(__hpux) && defined(_XOPEN_SOURCE) && (_XOPEN_SOURCE >= 600)
|       #elif defined(__hpux) && defined(_XOPEN_SOURCE_EXTENDED)
|       #else
|         #error force compilation error
|       #endif
|         return 0;
|       }
| 
| 
configure:23453: result: no
configure:23457: checking for gethostbyname
configure:23457: musl-gcc -fno-link-libatomic -idirafter /home/ildar/kyronix-ports/net/curl/kernel-headers -o conftest -Werror-implicit-function-declaration -O2 -Wno-system-headers  -D_GNU_SOURCE  conftest.c  >&5
configure:23457: $? = 0
configure:23457: result: yes
configure:23879: checking whether build target is a native Windows one
configure:23918: result: no
configure:23948: checking for proto/bsdsocket.h
configure:23948: musl-gcc -fno-link-libatomic -idirafter /home/ildar/kyronix-ports/net/curl/kernel-headers -c -Werror-implicit-function-declaration -O2 -Wno-system-headers  -D_GNU_SOURCE conftest.c >&5
conftest.c:45:10: fatal error: proto/bsdsocket.h: No such file or directory
   45 | #include <proto/bsdsocket.h>
      |          ^~~~~~~~~~~~~~~~~~~
compilation terminated.
configure:23948: $? = 1
configure: failed program was:
| /* confdefs.h */
| #define PACKAGE_NAME "curl"
| #define PACKAGE_TARNAME "curl"
| #define PACKAGE_VERSION "-"
| #define PACKAGE_STRING "curl -"
| #define PACKAGE_BUGREPORT "a suitable curl mailing list: https://curl.se/mail/"
| #define PACKAGE_URL ""
| #define HAVE_STDIO_H 1
| #define HAVE_STDLIB_H 1
| #define HAVE_STRING_H 1
| #define HAVE_INTTYPES_H 1
| #define HAVE_STDINT_H 1
| #define HAVE_STRINGS_H 1
| #define HAVE_SYS_STAT_H 1
| #define HAVE_SYS_TYPES_H 1
| #define HAVE_UNISTD_H 1
| #define STDC_HEADERS 1
| #define HAVE_STDATOMIC_H 1
| #define HAVE_ATOMIC 1
| #define PACKAGE "curl"
| #define VERSION "-"
| #define CURL_OS "x86_64-pc-linux-musl"
| #define HAVE_DLFCN_H 1
| #define LT_OBJDIR ".libs/"
| #define CURL_DISABLE_LDAP 1
| #define CURL_DISABLE_LDAPS 1
| /* end confdefs.h.  */
| /* includes start */
| #ifdef HAVE_PROTO_BSDSOCKET_H
| #  define __NO_NET_API
| #  define __USE_INLINE__
| #  include <proto/bsdsocket.h>
| #  ifdef HAVE_SYS_IOCTL_H
| #    include <sys/ioctl.h>
| #  endif
| #  ifdef __amigaos4__
| struct SocketIFace *ISocket = NULL;
| #  else
| struct Library *SocketBase = NULL;
| #  endif
| #  define select(a, b, c, d, e)  WaitSelect(a, b, c, d, e, 0)
| #endif
| /* includes end */
| 
| #include <proto/bsdsocket.h>
configure:23948: result: no
configure:23960: checking for connect in libraries
configure:23987: musl-gcc -fno-link-libatomic -idirafter /home/ildar/kyronix-ports/net/curl/kernel-headers -o conftest -Werror-implicit-function-declaration -O2 -Wno-system-headers  -D_GNU_SOURCE  conftest.c   >&5
configure:23987: $? = 0
configure:24006: result: yes
configure:24018: checking for sys/types.h
configure:24018: result: yes
configure:24025: checking for monotonic clock_gettime
configure:24051: musl-gcc -fno-link-libatomic -idirafter /home/ildar/kyronix-ports/net/curl/kernel-headers -c -Werror-implicit-function-declaration -O2 -Wno-system-headers  -D_GNU_SOURCE conftest.c >&5
configure:24051: $? = 0
configure:24054: result: yes
configure:24073: checking for clock_gettime in libraries
configure:24109: musl-gcc -fno-link-libatomic -idirafter /home/ildar/kyronix-ports/net/curl/kernel-headers -o conftest -Werror-implicit-function-declaration -O2 -Wno-system-headers  -D_GNU_SOURCE  conftest.c  >&5
configure:24109: $? = 0
configure:24131: result: no additional lib required
configure:24155: checking if monotonic clock_gettime works
configure:24249: sh ./run-compiler -o conftest -Werror-implicit-function-declaration -O2 -Wno-system-headers  -D_GNU_SOURCE  conftest.c  >&5
configure:24249: $? = 0
configure:24249: ./conftest
configure:24249: $? = 0
configure:24251: result: yes
configure:24285: checking for sys/types.h
configure:24285: result: yes
configure:24292: checking for raw monotonic clock_gettime
configure:24318: musl-gcc -fno-link-libatomic -idirafter /home/ildar/kyronix-ports/net/curl/kernel-headers -c -Werror-implicit-function-declaration -O2 -Wno-system-headers  -D_GNU_SOURCE conftest.c >&5
configure:24318: $? = 0
configure:24321: result: yes
configure:24368: checking for x86_64-linux-musl-pkg-config
configure:24407: result: no
configure:24417: checking for pkg-config
configure:24441: found /usr/bin/pkg-config
configure:24453: result: /usr/bin/pkg-config
configure:24478: checking for zlib options with pkg-config
configure:24494: result: no
configure:24614: checking for inflateEnd in -lz
configure:24636: musl-gcc -fno-link-libatomic -idirafter /home/ildar/kyronix-ports/net/curl/kernel-headers -o conftest -Werror-implicit-function-declaration -O2 -Wno-system-headers  -D_GNU_SOURCE  conftest.c -lz   >&5
/usr/bin/ld: cannot find -lz: No such file or directory
collect2: error: ld returned 1 exit status
configure:24636: $? = 1
configure: failed program was:
| /* confdefs.h */
| #define PACKAGE_NAME "curl"
| #define PACKAGE_TARNAME "curl"
| #define PACKAGE_VERSION "-"
| #define PACKAGE_STRING "curl -"
| #define PACKAGE_BUGREPORT "a suitable curl mailing list: https://curl.se/mail/"
| #define PACKAGE_URL ""
| #define HAVE_STDIO_H 1
| #define HAVE_STDLIB_H 1
| #define HAVE_STRING_H 1
| #define HAVE_INTTYPES_H 1
| #define HAVE_STDINT_H 1
| #define HAVE_STRINGS_H 1
| #define HAVE_SYS_STAT_H 1
| #define HAVE_SYS_TYPES_H 1
| #define HAVE_UNISTD_H 1
| #define STDC_HEADERS 1
| #define HAVE_STDATOMIC_H 1
| #define HAVE_ATOMIC 1
| #define PACKAGE "curl"
| #define VERSION "-"
| #define CURL_OS "x86_64-pc-linux-musl"
| #define HAVE_DLFCN_H 1
| #define LT_OBJDIR ".libs/"
| #define CURL_DISABLE_LDAP 1
| #define CURL_DISABLE_LDAPS 1
| #define HAVE_SYS_TYPES_H 1
| #define HAVE_CLOCK_GETTIME_MONOTONIC 1
| #define HAVE_SYS_TYPES_H 1
| #define HAVE_CLOCK_GETTIME_MONOTONIC_RAW 1
| /* end confdefs.h.  */
| 
| 
| #ifdef __cplusplus
| extern "C"
| #endif
| char inflateEnd ();
| int main(void)
| {
| return inflateEnd ();
|   return 0;
| }
configure:24646: result: no
configure:24670: checking for zlib.h
configure:24670: musl-gcc -fno-link-libatomic -idirafter /home/ildar/kyronix-ports/net/curl/kernel-headers -c -Werror-implicit-function-declaration -O2 -Wno-system-headers  -D_GNU_SOURCE -I/usr/local/include conftest.c >&5
conftest.c:60:10: fatal error: zlib.h: No such file or directory
   60 | #include <zlib.h>
      |          ^~~~~~~~
compilation terminated.
configure:24670: $? = 1
configure: failed program was:
| /* confdefs.h */
| #define PACKAGE_NAME "curl"
| #define PACKAGE_TARNAME "curl"
| #define PACKAGE_VERSION "-"
| #define PACKAGE_STRING "curl -"
| #define PACKAGE_BUGREPORT "a suitable curl mailing list: https://curl.se/mail/"
| #define PACKAGE_URL ""
| #define HAVE_STDIO_H 1
| #define HAVE_STDLIB_H 1
| #define HAVE_STRING_H 1
| #define HAVE_INTTYPES_H 1
| #define HAVE_STDINT_H 1
| #define HAVE_STRINGS_H 1
| #define HAVE_SYS_STAT_H 1
| #define HAVE_SYS_TYPES_H 1
| #define HAVE_UNISTD_H 1
| #define STDC_HEADERS 1
| #define HAVE_STDATOMIC_H 1
| #define HAVE_ATOMIC 1
| #define PACKAGE "curl"
| #define VERSION "-"
| #define CURL_OS "x86_64-pc-linux-musl"
| #define HAVE_DLFCN_H 1
| #define LT_OBJDIR ".libs/"
| #define CURL_DISABLE_LDAP 1
| #define CURL_DISABLE_LDAPS 1
| #define HAVE_SYS_TYPES_H 1
| #define HAVE_CLOCK_GETTIME_MONOTONIC 1
| #define HAVE_SYS_TYPES_H 1
| #define HAVE_CLOCK_GETTIME_MONOTONIC_RAW 1
| /* end confdefs.h.  */
| #include <stddef.h>
| #ifdef HAVE_STDIO_H
| # include <stdio.h>
| #endif
| #ifdef HAVE_STDLIB_H
| # include <stdlib.h>
| #endif
| #ifdef HAVE_STRING_H
| # include <string.h>
| #endif
| #ifdef HAVE_INTTYPES_H
| # include <inttypes.h>
| #endif
| #ifdef HAVE_STDINT_H
| # include <stdint.h>
| #endif
| #ifdef HAVE_STRINGS_H
| # include <strings.h>
| #endif
| #ifdef HAVE_SYS_TYPES_H
| # include <sys/types.h>
| #endif
| #ifdef HAVE_SYS_STAT_H
| # include <sys/stat.h>
| #endif
| #ifdef HAVE_UNISTD_H
| # include <unistd.h>
| #endif
| #include <zlib.h>
configure:24670: result: no
configure:25304: checking for BrotliDecoderDecompress in -lbrotlidec
configure:25326: musl-gcc -fno-link-libatomic -idirafter /home/ildar/kyronix-ports/net/curl/kernel-headers -o conftest -Werror-implicit-function-declaration -O2 -Wno-system-headers  -D_GNU_SOURCE    conftest.c -lbrotlidec    >&5
/usr/bin/ld: cannot find -lbrotlidec: No such file or directory
collect2: error: ld returned 1 exit status
configure:25326: $? = 1
configure: failed program was:
| /* confdefs.h */
| #define PACKAGE_NAME "curl"
| #define PACKAGE_TARNAME "curl"
| #define PACKAGE_VERSION "-"
| #define PACKAGE_STRING "curl -"
| #define PACKAGE_BUGREPORT "a suitable curl mailing list: https://curl.se/mail/"
| #define PACKAGE_URL ""
| #define HAVE_STDIO_H 1
| #define HAVE_STDLIB_H 1
| #define HAVE_STRING_H 1
| #define HAVE_INTTYPES_H 1
| #define HAVE_STDINT_H 1
| #define HAVE_STRINGS_H 1
| #define HAVE_SYS_STAT_H 1
| #define HAVE_SYS_TYPES_H 1
| #define HAVE_UNISTD_H 1
| #define STDC_HEADERS 1
| #define HAVE_STDATOMIC_H 1
| #define HAVE_ATOMIC 1
| #define PACKAGE "curl"
| #define VERSION "-"
| #define CURL_OS "x86_64-pc-linux-musl"
| #define HAVE_DLFCN_H 1
| #define LT_OBJDIR ".libs/"
| #define CURL_DISABLE_LDAP 1
| #define CURL_DISABLE_LDAPS 1
| #define HAVE_SYS_TYPES_H 1
| #define HAVE_CLOCK_GETTIME_MONOTONIC 1
| #define HAVE_SYS_TYPES_H 1
| #define HAVE_CLOCK_GETTIME_MONOTONIC_RAW 1
| /* end confdefs.h.  */
| 
| 
| #ifdef __cplusplus
| extern "C"
| #endif
| char BrotliDecoderDecompress ();
| int main(void)
| {
| return BrotliDecoderDecompress ();
|   return 0;
| }
configure:25336: result: no
configure:25349: checking for brotli/decode.h
configure:25349: musl-gcc -fno-link-libatomic -idirafter /home/ildar/kyronix-ports/net/curl/kernel-headers -c -Werror-implicit-function-declaration -O2 -Wno-system-headers  -D_GNU_SOURCE  conftest.c >&5
conftest.c:60:10: fatal error: brotli/decode.h: No such file or directory
   60 | #include <brotli/decode.h>
      |          ^~~~~~~~~~~~~~~~~
compilation terminated.
configure:25349: $? = 1
configure: failed program was:
| /* confdefs.h */
| #define PACKAGE_NAME "curl"
| #define PACKAGE_TARNAME "curl"
| #define PACKAGE_VERSION "-"
| #define PACKAGE_STRING "curl -"
| #define PACKAGE_BUGREPORT "a suitable curl mailing list: https://curl.se/mail/"
| #define PACKAGE_URL ""
| #define HAVE_STDIO_H 1
| #define HAVE_STDLIB_H 1
| #define HAVE_STRING_H 1
| #define HAVE_INTTYPES_H 1
| #define HAVE_STDINT_H 1
| #define HAVE_STRINGS_H 1
| #define HAVE_SYS_STAT_H 1
| #define HAVE_SYS_TYPES_H 1
| #define HAVE_UNISTD_H 1
| #define STDC_HEADERS 1
| #define HAVE_STDATOMIC_H 1
| #define HAVE_ATOMIC 1
| #define PACKAGE "curl"
| #define VERSION "-"
| #define CURL_OS "x86_64-pc-linux-musl"
| #define HAVE_DLFCN_H 1
| #define LT_OBJDIR ".libs/"
| #define CURL_DISABLE_LDAP 1
| #define CURL_DISABLE_LDAPS 1
| #define HAVE_SYS_TYPES_H 1
| #define HAVE_CLOCK_GETTIME_MONOTONIC 1
| #define HAVE_SYS_TYPES_H 1
| #define HAVE_CLOCK_GETTIME_MONOTONIC_RAW 1
| /* end confdefs.h.  */
| #include <stddef.h>
| #ifdef HAVE_STDIO_H
| # include <stdio.h>
| #endif
| #ifdef HAVE_STDLIB_H
| # include <stdlib.h>
| #endif
| #ifdef HAVE_STRING_H
| # include <string.h>
| #endif
| #ifdef HAVE_INTTYPES_H
| # include <inttypes.h>
| #endif
| #ifdef HAVE_STDINT_H
| # include <stdint.h>
| #endif
| #ifdef HAVE_STRINGS_H
| # include <strings.h>
| #endif
| #ifdef HAVE_SYS_TYPES_H
| # include <sys/types.h>
| #endif
| #ifdef HAVE_SYS_STAT_H
| # include <sys/stat.h>
| #endif
| #ifdef HAVE_UNISTD_H
| # include <unistd.h>
| #endif
| #include <brotli/decode.h>
configure:25349: result: no
configure:25670: checking for ZSTD_createDStream in -lzstd
configure:25692: musl-gcc -fno-link-libatomic -idirafter /home/ildar/kyronix-ports/net/curl/kernel-headers -o conftest -Werror-implicit-function-declaration -O2 -Wno-system-headers  -D_GNU_SOURCE    conftest.c -lzstd    >&5
/usr/bin/ld: cannot find -lzstd: No such file or directory
collect2: error: ld returned 1 exit status
configure:25692: $? = 1
configure: failed program was:
| /* confdefs.h */
| #define PACKAGE_NAME "curl"
| #define PACKAGE_TARNAME "curl"
| #define PACKAGE_VERSION "-"
| #define PACKAGE_STRING "curl -"
| #define PACKAGE_BUGREPORT "a suitable curl mailing list: https://curl.se/mail/"
| #define PACKAGE_URL ""
| #define HAVE_STDIO_H 1
| #define HAVE_STDLIB_H 1
| #define HAVE_STRING_H 1
| #define HAVE_INTTYPES_H 1
| #define HAVE_STDINT_H 1
| #define HAVE_STRINGS_H 1
| #define HAVE_SYS_STAT_H 1
| #define HAVE_SYS_TYPES_H 1
| #define HAVE_UNISTD_H 1
| #define STDC_HEADERS 1
| #define HAVE_STDATOMIC_H 1
| #define HAVE_ATOMIC 1
| #define PACKAGE "curl"
| #define VERSION "-"
| #define CURL_OS "x86_64-pc-linux-musl"
| #define HAVE_DLFCN_H 1
| #define LT_OBJDIR ".libs/"
| #define CURL_DISABLE_LDAP 1
| #define CURL_DISABLE_LDAPS 1
| #define HAVE_SYS_TYPES_H 1
| #define HAVE_CLOCK_GETTIME_MONOTONIC 1
| #define HAVE_SYS_TYPES_H 1
| #define HAVE_CLOCK_GETTIME_MONOTONIC_RAW 1
| /* end confdefs.h.  */
| 
| 
| #ifdef __cplusplus
| extern "C"
| #endif
| char ZSTD_createDStream ();
| int main(void)
| {
| return ZSTD_createDStream ();
|   return 0;
| }
configure:25702: result: no
configure:25715: checking for zstd.h
configure:25715: musl-gcc -fno-link-libatomic -idirafter /home/ildar/kyronix-ports/net/curl/kernel-headers -c -Werror-implicit-function-declaration -O2 -Wno-system-headers  -D_GNU_SOURCE  conftest.c >&5
conftest.c:60:10: fatal error: zstd.h: No such file or directory
   60 | #include <zstd.h>
      |          ^~~~~~~~
compilation terminated.
configure:25715: $? = 1
configure: failed program was:
| /* confdefs.h */
| #define PACKAGE_NAME "curl"
| #define PACKAGE_TARNAME "curl"
| #define PACKAGE_VERSION "-"
| #define PACKAGE_STRING "curl -"
| #define PACKAGE_BUGREPORT "a suitable curl mailing list: https://curl.se/mail/"
| #define PACKAGE_URL ""
| #define HAVE_STDIO_H 1
| #define HAVE_STDLIB_H 1
| #define HAVE_STRING_H 1
| #define HAVE_INTTYPES_H 1
| #define HAVE_STDINT_H 1
| #define HAVE_STRINGS_H 1
| #define HAVE_SYS_STAT_H 1
| #define HAVE_SYS_TYPES_H 1
| #define HAVE_UNISTD_H 1
| #define STDC_HEADERS 1
| #define HAVE_STDATOMIC_H 1
| #define HAVE_ATOMIC 1
| #define PACKAGE "curl"
| #define VERSION "-"
| #define CURL_OS "x86_64-pc-linux-musl"
| #define HAVE_DLFCN_H 1
| #define LT_OBJDIR ".libs/"
| #define CURL_DISABLE_LDAP 1
| #define CURL_DISABLE_LDAPS 1
| #define HAVE_SYS_TYPES_H 1
| #define HAVE_CLOCK_GETTIME_MONOTONIC 1
| #define HAVE_SYS_TYPES_H 1
| #define HAVE_CLOCK_GETTIME_MONOTONIC_RAW 1
| /* end confdefs.h.  */
| #include <stddef.h>
| #ifdef HAVE_STDIO_H
| # include <stdio.h>
| #endif
| #ifdef HAVE_STDLIB_H
| # include <stdlib.h>
| #endif
| #ifdef HAVE_STRING_H
| # include <string.h>
| #endif
| #ifdef HAVE_INTTYPES_H
| # include <inttypes.h>
| #endif
| #ifdef HAVE_STDINT_H
| # include <stdint.h>
| #endif
| #ifdef HAVE_STRINGS_H
| # include <strings.h>
| #endif
| #ifdef HAVE_SYS_TYPES_H
| # include <sys/types.h>
| #endif
| #ifdef HAVE_SYS_STAT_H
| # include <sys/stat.h>
| #endif
| #ifdef HAVE_UNISTD_H
| # include <unistd.h>
| #endif
| #include <zstd.h>
configure:25715: result: no
configure:25754: checking whether to enable IPv6
configure:25797: musl-gcc -fno-link-libatomic -idirafter /home/ildar/kyronix-ports/net/curl/kernel-headers -c -Werror-implicit-function-declaration -O2 -Wno-system-headers  -D_GNU_SOURCE conftest.c >&5
configure:25797: $? = 0
configure:25799: result: yes
configure:25820: checking if struct sockaddr_in6 has sin6_scope_id member
configure:25848: musl-gcc -fno-link-libatomic -idirafter /home/ildar/kyronix-ports/net/curl/kernel-headers -c -Werror-implicit-function-declaration -O2 -Wno-system-headers  -D_GNU_SOURCE conftest.c >&5
configure:25848: $? = 0
configure:25851: result: yes
configure:25867: checking if argv can be written to
configure:25937: sh ./run-compiler -o conftest -Werror-implicit-function-declaration -O2 -Wno-system-headers  -D_GNU_SOURCE  conftest.c  >&5
configure:25937: $? = 0
configure:25937: ./conftest
configure:25937: $? = 0
configure:25962: result: yes
configure:26024: checking if GSS-API support is requested
configure:26553: result: no
configure:27199: checking whether to enable Windows native SSL/TLS
configure:27226: result: no
configure:27231: checking whether to enable Amiga native SSL/TLS (AmiSSL v5)
configure:27321: result: no
configure:27420: checking for x86_64-linux-musl-pkg-config
configure:27459: result: no
configure:27469: checking for pkg-config
configure:27505: result: /usr/bin/pkg-config
configure:27530: checking for openssl options with pkg-config
configure:27597: result: found
configure:27690: pkg-config: SSL_LIBS: "-lssl -lcrypto"
configure:27692: pkg-config: SSL_LDFLAGS: "-L/home/ildar/kyronix-ports/libs/openssl/stage/usr/lib64"
configure:27694: pkg-config: SSL_CPPFLAGS: "-I/home/ildar/kyronix-ports/libs/openssl/stage/usr/include"
configure:27707: checking for HMAC_Update in -lcrypto
configure:27729: musl-gcc -fno-link-libatomic -idirafter /home/ildar/kyronix-ports/net/curl/kernel-headers -o conftest -Werror-implicit-function-declaration -O2 -Wno-system-headers  -D_GNU_SOURCE -I/home/ildar/kyronix-ports/libs/openssl/stage/usr/include  -L/home/ildar/kyronix-ports/libs/openssl/stage/usr/lib64 conftest.c -lcrypto  -lssl -lcrypto  >&5
configure:27729: $? = 0
configure:27739: result: yes
configure:27875: checking for SSL_connect in -lssl
configure:27897: musl-gcc -fno-link-libatomic -idirafter /home/ildar/kyronix-ports/net/curl/kernel-headers -o conftest -Werror-implicit-function-declaration -O2 -Wno-system-headers  -D_GNU_SOURCE -I/home/ildar/kyronix-ports/libs/openssl/stage/usr/include  -L/home/ildar/kyronix-ports/libs/openssl/stage/usr/lib64 conftest.c -lssl  -lcrypto -lssl -lcrypto  >&5
configure:27897: $? = 0
configure:27907: result: yes
configure:27922: checking for openssl/rsa.h
configure:27922: musl-gcc -fno-link-libatomic -idirafter /home/ildar/kyronix-ports/net/curl/kernel-headers -c -Werror-implicit-function-declaration -O2 -Wno-system-headers  -D_GNU_SOURCE -I/home/ildar/kyronix-ports/libs/openssl/stage/usr/include conftest.c >&5
configure:27922: $? = 0
configure:27922: result: yes
configure:27922: checking for openssl/crypto.h
configure:27922: musl-gcc -fno-link-libatomic -idirafter /home/ildar/kyronix-ports/net/curl/kernel-headers -c -Werror-implicit-function-declaration -O2 -Wno-system-headers  -D_GNU_SOURCE -I/home/ildar/kyronix-ports/libs/openssl/stage/usr/include conftest.c >&5
configure:27922: $? = 0
configure:27922: result: yes
configure:27922: checking for openssl/pem.h
configure:27922: musl-gcc -fno-link-libatomic -idirafter /home/ildar/kyronix-ports/net/curl/kernel-headers -c -Werror-implicit-function-declaration -O2 -Wno-system-headers  -D_GNU_SOURCE -I/home/ildar/kyronix-ports/libs/openssl/stage/usr/include conftest.c >&5
configure:27922: $? = 0
configure:27922: result: yes
configure:27922: checking for openssl/ssl.h
configure:27922: musl-gcc -fno-link-libatomic -idirafter /home/ildar/kyronix-ports/net/curl/kernel-headers -c -Werror-implicit-function-declaration -O2 -Wno-system-headers  -D_GNU_SOURCE -I/home/ildar/kyronix-ports/libs/openssl/stage/usr/include conftest.c >&5
configure:27922: $? = 0
configure:27922: result: yes
configure:27922: checking for openssl/err.h
configure:27922: musl-gcc -fno-link-libatomic -idirafter /home/ildar/kyronix-ports/net/curl/kernel-headers -c -Werror-implicit-function-declaration -O2 -Wno-system-headers  -D_GNU_SOURCE -I/home/ildar/kyronix-ports/libs/openssl/stage/usr/include conftest.c >&5
configure:27922: $? = 0
configure:27922: result: yes
configure:27947: checking for AWS-LC
configure:27966: musl-gcc -fno-link-libatomic -idirafter /home/ildar/kyronix-ports/net/curl/kernel-headers -c -Werror-implicit-function-declaration -O2 -Wno-system-headers  -D_GNU_SOURCE -I/home/ildar/kyronix-ports/libs/openssl/stage/usr/include conftest.c >&5
conftest.c:48:18: fatal error: openssl/base.h: No such file or directory
   48 |         #include <openssl/base.h>
      |                  ^~~~~~~~~~~~~~~~
compilation terminated.
configure:27966: $? = 1
configure: failed program was:
| /* confdefs.h */
| #define PACKAGE_NAME "curl"
| #define PACKAGE_TARNAME "curl"
| #define PACKAGE_VERSION "-"
| #define PACKAGE_STRING "curl -"
| #define PACKAGE_BUGREPORT "a suitable curl mailing list: https://curl.se/mail/"
| #define PACKAGE_URL ""
| #define HAVE_STDIO_H 1
| #define HAVE_STDLIB_H 1
| #define HAVE_STRING_H 1
| #define HAVE_INTTYPES_H 1
| #define HAVE_STDINT_H 1
| #define HAVE_STRINGS_H 1
| #define HAVE_SYS_STAT_H 1
| #define HAVE_SYS_TYPES_H 1
| #define HAVE_UNISTD_H 1
| #define STDC_HEADERS 1
| #define HAVE_STDATOMIC_H 1
| #define HAVE_ATOMIC 1
| #define PACKAGE "curl"
| #define VERSION "-"
| #define CURL_OS "x86_64-pc-linux-musl"
| #define HAVE_DLFCN_H 1
| #define LT_OBJDIR ".libs/"
| #define CURL_DISABLE_LDAP 1
| #define CURL_DISABLE_LDAPS 1
| #define HAVE_SYS_TYPES_H 1
| #define HAVE_CLOCK_GETTIME_MONOTONIC 1
| #define HAVE_SYS_TYPES_H 1
| #define HAVE_CLOCK_GETTIME_MONOTONIC_RAW 1
| #define USE_IPV6 1
| #define HAVE_SOCKADDR_IN6_SIN6_SCOPE_ID 1
| #define HAVE_WRITABLE_ARGV 1
| #define HAVE_LIBSSL 1
| #define HAVE_OPENSSL_RSA_H 1
| #define USE_OPENSSL 1
| #define HAVE_OPENSSL_CRYPTO_H 1
| #define USE_OPENSSL 1
| #define HAVE_OPENSSL_PEM_H 1
| #define USE_OPENSSL 1
| #define HAVE_OPENSSL_SSL_H 1
| #define USE_OPENSSL 1
| #define HAVE_OPENSSL_ERR_H 1
| #define USE_OPENSSL 1
| /* end confdefs.h.  */
| 
| 
|         #include <openssl/base.h>
| 
| int main(void)
| {
| 
|         #ifndef OPENSSL_IS_AWSLC
|         #error not AWS-LC
|         #endif
| 
|   return 0;
| }
| 
configure:27976: result: no
configure:27982: checking for BoringSSL
configure:28001: musl-gcc -fno-link-libatomic -idirafter /home/ildar/kyronix-ports/net/curl/kernel-headers -c -Werror-implicit-function-declaration -O2 -Wno-system-headers  -D_GNU_SOURCE -I/home/ildar/kyronix-ports/libs/openssl/stage/usr/include conftest.c >&5
conftest.c:48:18: fatal error: openssl/base.h: No such file or directory
   48 |         #include <openssl/base.h>
      |                  ^~~~~~~~~~~~~~~~
compilation terminated.
configure:28001: $? = 1
configure: failed program was:
| /* confdefs.h */
| #define PACKAGE_NAME "curl"
| #define PACKAGE_TARNAME "curl"
| #define PACKAGE_VERSION "-"
| #define PACKAGE_STRING "curl -"
| #define PACKAGE_BUGREPORT "a suitable curl mailing list: https://curl.se/mail/"
| #define PACKAGE_URL ""
| #define HAVE_STDIO_H 1
| #define HAVE_STDLIB_H 1
| #define HAVE_STRING_H 1
| #define HAVE_INTTYPES_H 1
| #define HAVE_STDINT_H 1
| #define HAVE_STRINGS_H 1
| #define HAVE_SYS_STAT_H 1
| #define HAVE_SYS_TYPES_H 1
| #define HAVE_UNISTD_H 1
| #define STDC_HEADERS 1
| #define HAVE_STDATOMIC_H 1
| #define HAVE_ATOMIC 1
| #define PACKAGE "curl"
| #define VERSION "-"
| #define CURL_OS "x86_64-pc-linux-musl"
| #define HAVE_DLFCN_H 1
| #define LT_OBJDIR ".libs/"
| #define CURL_DISABLE_LDAP 1
| #define CURL_DISABLE_LDAPS 1
| #define HAVE_SYS_TYPES_H 1
| #define HAVE_CLOCK_GETTIME_MONOTONIC 1
| #define HAVE_SYS_TYPES_H 1
| #define HAVE_CLOCK_GETTIME_MONOTONIC_RAW 1
| #define USE_IPV6 1
| #define HAVE_SOCKADDR_IN6_SIN6_SCOPE_ID 1
| #define HAVE_WRITABLE_ARGV 1
| #define HAVE_LIBSSL 1
| #define HAVE_OPENSSL_RSA_H 1
| #define USE_OPENSSL 1
| #define HAVE_OPENSSL_CRYPTO_H 1
| #define USE_OPENSSL 1
| #define HAVE_OPENSSL_PEM_H 1
| #define USE_OPENSSL 1
| #define HAVE_OPENSSL_SSL_H 1
| #define USE_OPENSSL 1
| #define HAVE_OPENSSL_ERR_H 1
| #define USE_OPENSSL 1
| /* end confdefs.h.  */
| 
| 
|         #include <openssl/base.h>
| 
| int main(void)
| {
| 
|         #ifndef OPENSSL_IS_BORINGSSL
|         #error not BoringSSL
|         #endif
| 
|   return 0;
| }
| 
configure:28011: result: no
configure:28017: checking for LibreSSL
configure:28035: musl-gcc -fno-link-libatomic -idirafter /home/ildar/kyronix-ports/net/curl/kernel-headers -c -Werror-implicit-function-declaration -O2 -Wno-system-headers  -D_GNU_SOURCE -I/home/ildar/kyronix-ports/libs/openssl/stage/usr/include conftest.c >&5
conftest.c: In function 'main':
conftest.c:53:21: error: 'LIBRESSL_VERSION_NUMBER' undeclared (first use in this function); did you mean 'OPENSSL_VERSION_NUMBER'?
   53 |         int dummy = LIBRESSL_VERSION_NUMBER;
      |                     ^~~~~~~~~~~~~~~~~~~~~~~
      |                     OPENSSL_VERSION_NUMBER
conftest.c:53:21: note: each undeclared identifier is reported only once for each function it appears in
configure:28035: $? = 1
configure: failed program was:
| /* confdefs.h */
| #define PACKAGE_NAME "curl"
| #define PACKAGE_TARNAME "curl"
| #define PACKAGE_VERSION "-"
| #define PACKAGE_STRING "curl -"
| #define PACKAGE_BUGREPORT "a suitable curl mailing list: https://curl.se/mail/"
| #define PACKAGE_URL ""
| #define HAVE_STDIO_H 1
| #define HAVE_STDLIB_H 1
| #define HAVE_STRING_H 1
| #define HAVE_INTTYPES_H 1
| #define HAVE_STDINT_H 1
| #define HAVE_STRINGS_H 1
| #define HAVE_SYS_STAT_H 1
| #define HAVE_SYS_TYPES_H 1
| #define HAVE_UNISTD_H 1
| #define STDC_HEADERS 1
| #define HAVE_STDATOMIC_H 1
| #define HAVE_ATOMIC 1
| #define PACKAGE "curl"
| #define VERSION "-"
| #define CURL_OS "x86_64-pc-linux-musl"
| #define HAVE_DLFCN_H 1
| #define LT_OBJDIR ".libs/"
| #define CURL_DISABLE_LDAP 1
| #define CURL_DISABLE_LDAPS 1
| #define HAVE_SYS_TYPES_H 1
| #define HAVE_CLOCK_GETTIME_MONOTONIC 1
| #define HAVE_SYS_TYPES_H 1
| #define HAVE_CLOCK_GETTIME_MONOTONIC_RAW 1
| #define USE_IPV6 1
| #define HAVE_SOCKADDR_IN6_SIN6_SCOPE_ID 1
| #define HAVE_WRITABLE_ARGV 1
| #define HAVE_LIBSSL 1
| #define HAVE_OPENSSL_RSA_H 1
| #define USE_OPENSSL 1
| #define HAVE_OPENSSL_CRYPTO_H 1
| #define USE_OPENSSL 1
| #define HAVE_OPENSSL_PEM_H 1
| #define USE_OPENSSL 1
| #define HAVE_OPENSSL_SSL_H 1
| #define USE_OPENSSL 1
| #define HAVE_OPENSSL_ERR_H 1
| #define USE_OPENSSL 1
| /* end confdefs.h.  */
| 
| 
|         #include <openssl/opensslv.h>
| 
| int main(void)
| {
| 
|         int dummy = LIBRESSL_VERSION_NUMBER;
|         (void)dummy;
| 
|   return 0;
| }
| 
configure:28045: result: no
configure:28052: checking for OpenSSL >= v3
configure:28073: musl-gcc -fno-link-libatomic -idirafter /home/ildar/kyronix-ports/net/curl/kernel-headers -c -Werror-implicit-function-declaration -O2 -Wno-system-headers  -D_GNU_SOURCE -I/home/ildar/kyronix-ports/libs/openssl/stage/usr/include conftest.c >&5
configure:28073: $? = 0
configure:28088: checking for SSL_set_quic_use_legacy_codepoint
configure:28088: musl-gcc -fno-link-libatomic -idirafter /home/ildar/kyronix-ports/net/curl/kernel-headers -o conftest -Werror-implicit-function-declaration -O2 -Wno-system-headers  -D_GNU_SOURCE -I/home/ildar/kyronix-ports/libs/openssl/stage/usr/include  -L/home/ildar/kyronix-ports/libs/openssl/stage/usr/lib64 conftest.c -lssl -lcrypto -lssl -lcrypto  >&5
/usr/bin/ld: /tmp/cc0GsecS.o: in function `main':
conftest.c:(.text.startup+0x5): undefined reference to `SSL_set_quic_use_legacy_codepoint'
collect2: error: ld returned 1 exit status
configure:28088: $? = 1
configure: failed program was:
| /* confdefs.h */
| #define PACKAGE_NAME "curl"
| #define PACKAGE_TARNAME "curl"
| #define PACKAGE_VERSION "-"
| #define PACKAGE_STRING "curl -"
| #define PACKAGE_BUGREPORT "a suitable curl mailing list: https://curl.se/mail/"
| #define PACKAGE_URL ""
| #define HAVE_STDIO_H 1
| #define HAVE_STDLIB_H 1
| #define HAVE_STRING_H 1
| #define HAVE_INTTYPES_H 1
| #define HAVE_STDINT_H 1
| #define HAVE_STRINGS_H 1
| #define HAVE_SYS_STAT_H 1
| #define HAVE_SYS_TYPES_H 1
| #define HAVE_UNISTD_H 1
| #define STDC_HEADERS 1
| #define HAVE_STDATOMIC_H 1
| #define HAVE_ATOMIC 1
| #define PACKAGE "curl"
| #define VERSION "-"
| #define CURL_OS "x86_64-pc-linux-musl"
| #define HAVE_DLFCN_H 1
| #define LT_OBJDIR ".libs/"
| #define CURL_DISABLE_LDAP 1
| #define CURL_DISABLE_LDAPS 1
| #define HAVE_SYS_TYPES_H 1
| #define HAVE_CLOCK_GETTIME_MONOTONIC 1
| #define HAVE_SYS_TYPES_H 1
| #define HAVE_CLOCK_GETTIME_MONOTONIC_RAW 1
| #define USE_IPV6 1
| #define HAVE_SOCKADDR_IN6_SIN6_SCOPE_ID 1
| #define HAVE_WRITABLE_ARGV 1
| #define HAVE_LIBSSL 1
| #define HAVE_OPENSSL_RSA_H 1
| #define USE_OPENSSL 1
| #define HAVE_OPENSSL_CRYPTO_H 1
| #define USE_OPENSSL 1
| #define HAVE_OPENSSL_PEM_H 1
| #define USE_OPENSSL 1
| #define HAVE_OPENSSL_SSL_H 1
| #define USE_OPENSSL 1
| #define HAVE_OPENSSL_ERR_H 1
| #define USE_OPENSSL 1
| /* end confdefs.h.  */
| 
| #define SSL_set_quic_use_legacy_codepoint innocuous_SSL_set_quic_use_legacy_codepoint
| #ifdef __STDC__
| #  include <limits.h>
| #else
| #  include <assert.h>
| #endif
| #undef SSL_set_quic_use_legacy_codepoint
| #ifdef __cplusplus
| extern "C"
| #endif
| char SSL_set_quic_use_legacy_codepoint ();
| #if defined __stub_SSL_set_quic_use_legacy_codepoint || defined __stub___SSL_set_quic_use_legacy_codepoint
| #error force compilation error
| #endif
| 
| int main(void)
| {
| return SSL_set_quic_use_legacy_codepoint ();
|   return 0;
| }
configure:28088: result: no
configure:28103: checking for SSL_set_quic_tls_cbs
configure:28103: musl-gcc -fno-link-libatomic -idirafter /home/ildar/kyronix-ports/net/curl/kernel-headers -o conftest -Werror-implicit-function-declaration -O2 -Wno-system-headers  -D_GNU_SOURCE -I/home/ildar/kyronix-ports/libs/openssl/stage/usr/include  -L/home/ildar/kyronix-ports/libs/openssl/stage/usr/lib64 conftest.c -lssl -lcrypto -lssl -lcrypto  >&5
configure:28103: $? = 0
configure:28103: result: yes
configure:28112: OpenSSL with QUIC APIv2
configure:28126: Added /home/ildar/kyronix-ports/libs/openssl/stage/usr/lib64 to CURL_LIBRARY_PATH
configure:28146: checking for DES support in OpenSSL
configure:28166: musl-gcc -fno-link-libatomic -idirafter /home/ildar/kyronix-ports/net/curl/kernel-headers -o conftest -Werror-implicit-function-declaration -O2 -Wno-system-headers  -D_GNU_SOURCE -I/home/ildar/kyronix-ports/libs/openssl/stage/usr/include  -L/home/ildar/kyronix-ports/libs/openssl/stage/usr/lib64 conftest.c -lssl -lcrypto -lssl -lcrypto  >&5
configure:28166: $? = 0
configure:28169: result: yes
configure:28185: checking for SRP support in OpenSSL
configure:28206: musl-gcc -fno-link-libatomic -idirafter /home/ildar/kyronix-ports/net/curl/kernel-headers -o conftest -Werror-implicit-function-declaration -O2 -Wno-system-headers  -D_GNU_SOURCE -I/home/ildar/kyronix-ports/libs/openssl/stage/usr/include  -L/home/ildar/kyronix-ports/libs/openssl/stage/usr/lib64 conftest.c -lssl -lcrypto -lssl -lcrypto  >&5
configure:28206: $? = 0
configure:28209: result: yes
configure:30122: checking whether to enable Apple OS native certificate validation
configure:30173: result: no
configure:30194: built with one SSL backend
configure:30233: checking whether to use native CA store
configure:30253: result: no
configure:30263: checking default CA cert bundle/path
configure:30385: result: /etc/ssl/cert.pem
configure:30401: checking whether to use OpenSSL's built-in CA store
configure:30416: result: no
configure:30429: checking CA cert bundle path to embed in the curl tool
configure:30461: result: no
configure:32721: checking whether versioned symbols are wanted
configure:32770: result: no
configure:32953: checking whether to build with libidn2
configure:32981: result: (assumed) yes
configure:33296: checking for x86_64-linux-musl-pkg-config
configure:33335: result: no
configure:33345: checking for pkg-config
configure:33381: result: /usr/bin/pkg-config
configure:33406: checking for libidn2 options with pkg-config
configure:33422: result: no
configure:33545: IDN_LIBS: "-lidn2"
configure:33547: IDN_LDFLAGS: ""
configure:33549: IDN_CPPFLAGS: ""
configure:33551: IDN_DIR: ""
configure:33560: checking if idn2_lookup_ul can be linked
configure:33588: musl-gcc -fno-link-libatomic -idirafter /home/ildar/kyronix-ports/net/curl/kernel-headers -o conftest -Werror-implicit-function-declaration -O2 -Wno-system-headers  -D_GNU_SOURCE -I/home/ildar/kyronix-ports/libs/openssl/stage/usr/include   -L/home/ildar/kyronix-ports/libs/openssl/stage/usr/lib64  conftest.c -lidn2 -lssl -lcrypto -lssl -lcrypto  >&5
/usr/bin/ld: cannot find -lidn2: No such file or directory
collect2: error: ld returned 1 exit status
configure:33588: $? = 1
configure: failed program was:
| /* confdefs.h */
| #define PACKAGE_NAME "curl"
| #define PACKAGE_TARNAME "curl"
| #define PACKAGE_VERSION "-"
| #define PACKAGE_STRING "curl -"
| #define PACKAGE_BUGREPORT "a suitable curl mailing list: https://curl.se/mail/"
| #define PACKAGE_URL ""
| #define HAVE_STDIO_H 1
| #define HAVE_STDLIB_H 1
| #define HAVE_STRING_H 1
| #define HAVE_INTTYPES_H 1
| #define HAVE_STDINT_H 1
| #define HAVE_STRINGS_H 1
| #define HAVE_SYS_STAT_H 1
| #define HAVE_SYS_TYPES_H 1
| #define HAVE_UNISTD_H 1
| #define STDC_HEADERS 1
| #define HAVE_STDATOMIC_H 1
| #define HAVE_ATOMIC 1
| #define PACKAGE "curl"
| #define VERSION "-"
| #define CURL_OS "x86_64-pc-linux-musl"
| #define HAVE_DLFCN_H 1
| #define LT_OBJDIR ".libs/"
| #define CURL_DISABLE_LDAP 1
| #define CURL_DISABLE_LDAPS 1
| #define HAVE_SYS_TYPES_H 1
| #define HAVE_CLOCK_GETTIME_MONOTONIC 1
| #define HAVE_SYS_TYPES_H 1
| #define HAVE_CLOCK_GETTIME_MONOTONIC_RAW 1
| #define USE_IPV6 1
| #define HAVE_SOCKADDR_IN6_SIN6_SCOPE_ID 1
| #define HAVE_WRITABLE_ARGV 1
| #define HAVE_LIBSSL 1
| #define HAVE_OPENSSL_RSA_H 1
| #define USE_OPENSSL 1
| #define HAVE_OPENSSL_CRYPTO_H 1
| #define USE_OPENSSL 1
| #define HAVE_OPENSSL_PEM_H 1
| #define USE_OPENSSL 1
| #define HAVE_OPENSSL_SSL_H 1
| #define USE_OPENSSL 1
| #define HAVE_OPENSSL_ERR_H 1
| #define USE_OPENSSL 1
| #define HAVE_SSL_SET_QUIC_TLS_CBS 1
| #define HAVE_DES_ECB_ENCRYPT 1
| #define HAVE_OPENSSL_SRP 1
| #define CURL_CA_BUNDLE "/etc/ssl/cert.pem"
| /* end confdefs.h.  */
| 
| 
| #define idn2_lookup_ul innocuous_idn2_lookup_ul
| #ifdef __STDC__
| #  include <limits.h>
| #else
| #  include <assert.h>
| #endif
| #undef idn2_lookup_ul
| #ifdef __cplusplus
| extern "C"
| #endif
| char idn2_lookup_ul ();
| #if defined __stub_idn2_lookup_ul || defined __stub___idn2_lookup_ul
| #error force compilation error
| #endif
| 
| int main(void)
| {
| return idn2_lookup_ul ();
|   return 0;
| }
| 
configure:33597: result: no
configure:33605: checking for idn2.h
configure:33605: musl-gcc -fno-link-libatomic -idirafter /home/ildar/kyronix-ports/net/curl/kernel-headers -c -Werror-implicit-function-declaration -O2 -Wno-system-headers  -D_GNU_SOURCE -I/home/ildar/kyronix-ports/libs/openssl/stage/usr/include  conftest.c >&5
conftest.c:78:10: fatal error: idn2.h: No such file or directory
   78 | #include <idn2.h>
      |          ^~~~~~~~
compilation terminated.
configure:33605: $? = 1
configure: failed program was:
| /* confdefs.h */
| #define PACKAGE_NAME "curl"
| #define PACKAGE_TARNAME "curl"
| #define PACKAGE_VERSION "-"
| #define PACKAGE_STRING "curl -"
| #define PACKAGE_BUGREPORT "a suitable curl mailing list: https://curl.se/mail/"
| #define PACKAGE_URL ""
| #define HAVE_STDIO_H 1
| #define HAVE_STDLIB_H 1
| #define HAVE_STRING_H 1
| #define HAVE_INTTYPES_H 1
| #define HAVE_STDINT_H 1
| #define HAVE_STRINGS_H 1
| #define HAVE_SYS_STAT_H 1
| #define HAVE_SYS_TYPES_H 1
| #define HAVE_UNISTD_H 1
| #define STDC_HEADERS 1
| #define HAVE_STDATOMIC_H 1
| #define HAVE_ATOMIC 1
| #define PACKAGE "curl"
| #define VERSION "-"
| #define CURL_OS "x86_64-pc-linux-musl"
| #define HAVE_DLFCN_H 1
| #define LT_OBJDIR ".libs/"
| #define CURL_DISABLE_LDAP 1
| #define CURL_DISABLE_LDAPS 1
| #define HAVE_SYS_TYPES_H 1
| #define HAVE_CLOCK_GETTIME_MONOTONIC 1
| #define HAVE_SYS_TYPES_H 1
| #define HAVE_CLOCK_GETTIME_MONOTONIC_RAW 1
| #define USE_IPV6 1
| #define HAVE_SOCKADDR_IN6_SIN6_SCOPE_ID 1
| #define HAVE_WRITABLE_ARGV 1
| #define HAVE_LIBSSL 1
| #define HAVE_OPENSSL_RSA_H 1
| #define USE_OPENSSL 1
| #define HAVE_OPENSSL_CRYPTO_H 1
| #define USE_OPENSSL 1
| #define HAVE_OPENSSL_PEM_H 1
| #define USE_OPENSSL 1
| #define HAVE_OPENSSL_SSL_H 1
| #define USE_OPENSSL 1
| #define HAVE_OPENSSL_ERR_H 1
| #define USE_OPENSSL 1
| #define HAVE_SSL_SET_QUIC_TLS_CBS 1
| #define HAVE_DES_ECB_ENCRYPT 1
| #define HAVE_OPENSSL_SRP 1
| #define CURL_CA_BUNDLE "/etc/ssl/cert.pem"
| /* end confdefs.h.  */
| #include <stddef.h>
| #ifdef HAVE_STDIO_H
| # include <stdio.h>
| #endif
| #ifdef HAVE_STDLIB_H
| # include <stdlib.h>
| #endif
| #ifdef HAVE_STRING_H
| # include <string.h>
| #endif
| #ifdef HAVE_INTTYPES_H
| # include <inttypes.h>
| #endif
| #ifdef HAVE_STDINT_H
| # include <stdint.h>
| #endif
| #ifdef HAVE_STRINGS_H
| # include <strings.h>
| #endif
| #ifdef HAVE_SYS_TYPES_H
| # include <sys/types.h>
| #endif
| #ifdef HAVE_SYS_STAT_H
| # include <sys/stat.h>
| #endif
| #ifdef HAVE_UNISTD_H
| # include <unistd.h>
| #endif
| #include <idn2.h>
configure:33605: result: no
configure:33628: WARNING: Cannot find libidn2
configure:33681: checking for x86_64-linux-musl-pkg-config
configure:33720: result: no
configure:33730: checking for pkg-config
configure:33766: result: /usr/bin/pkg-config
configure:33791: checking for libnghttp2 options with pkg-config
configure:33807: result: no
configure:33974: checking for nghttp2_session_get_stream_local_window_size in -lnghttp2
configure:33996: musl-gcc -fno-link-libatomic -idirafter /home/ildar/kyronix-ports/net/curl/kernel-headers -o conftest -Werror-implicit-function-declaration -O2 -Wno-system-headers  -D_GNU_SOURCE -I/home/ildar/kyronix-ports/libs/openssl/stage/usr/include   -L/home/ildar/kyronix-ports/libs/openssl/stage/usr/lib64  conftest.c -lnghttp2  -lnghttp2 -lssl -lcrypto -lssl -lcrypto  >&5
/usr/bin/ld: cannot find -lnghttp2: No such file or directory
/usr/bin/ld: cannot find -lnghttp2: No such file or directory
collect2: error: ld returned 1 exit status
configure:33996: $? = 1
configure: failed program was:
| /* confdefs.h */
| #define PACKAGE_NAME "curl"
| #define PACKAGE_TARNAME "curl"
| #define PACKAGE_VERSION "-"
| #define PACKAGE_STRING "curl -"
| #define PACKAGE_BUGREPORT "a suitable curl mailing list: https://curl.se/mail/"
| #define PACKAGE_URL ""
| #define HAVE_STDIO_H 1
| #define HAVE_STDLIB_H 1
| #define HAVE_STRING_H 1
| #define HAVE_INTTYPES_H 1
| #define HAVE_STDINT_H 1
| #define HAVE_STRINGS_H 1
| #define HAVE_SYS_STAT_H 1
| #define HAVE_SYS_TYPES_H 1
| #define HAVE_UNISTD_H 1
| #define STDC_HEADERS 1
| #define HAVE_STDATOMIC_H 1
| #define HAVE_ATOMIC 1
| #define PACKAGE "curl"
| #define VERSION "-"
| #define CURL_OS "x86_64-pc-linux-musl"
| #define HAVE_DLFCN_H 1
| #define LT_OBJDIR ".libs/"
| #define CURL_DISABLE_LDAP 1
| #define CURL_DISABLE_LDAPS 1
| #define HAVE_SYS_TYPES_H 1
| #define HAVE_CLOCK_GETTIME_MONOTONIC 1
| #define HAVE_SYS_TYPES_H 1
| #define HAVE_CLOCK_GETTIME_MONOTONIC_RAW 1
| #define USE_IPV6 1
| #define HAVE_SOCKADDR_IN6_SIN6_SCOPE_ID 1
| #define HAVE_WRITABLE_ARGV 1
| #define HAVE_LIBSSL 1
| #define HAVE_OPENSSL_RSA_H 1
| #define USE_OPENSSL 1
| #define HAVE_OPENSSL_CRYPTO_H 1
| #define USE_OPENSSL 1
| #define HAVE_OPENSSL_PEM_H 1
| #define USE_OPENSSL 1
| #define HAVE_OPENSSL_SSL_H 1
| #define USE_OPENSSL 1
| #define HAVE_OPENSSL_ERR_H 1
| #define USE_OPENSSL 1
| #define HAVE_SSL_SET_QUIC_TLS_CBS 1
| #define HAVE_DES_ECB_ENCRYPT 1
| #define HAVE_OPENSSL_SRP 1
| #define CURL_CA_BUNDLE "/etc/ssl/cert.pem"
| /* end confdefs.h.  */
| 
| 
| #ifdef __cplusplus
| extern "C"
| #endif
| char nghttp2_session_get_stream_local_window_size ();
| int main(void)
| {
| return nghttp2_session_get_stream_local_window_size ();
|   return 0;
| }
configure:34006: result: no
configure:38196: checking for sys/types.h
configure:38196: result: yes
configure:38230: checking for sys/select.h
configure:38230: musl-gcc -fno-link-libatomic -idirafter /home/ildar/kyronix-ports/net/curl/kernel-headers -c -Werror-implicit-function-declaration -O2 -Wno-system-headers  -D_GNU_SOURCE -I/home/ildar/kyronix-ports/libs/openssl/stage/usr/include conftest.c >&5
configure:38230: $? = 0
configure:38230: result: yes
configure:38264: checking for sys/ioctl.h
configure:38264: musl-gcc -fno-link-libatomic -idirafter /home/ildar/kyronix-ports/net/curl/kernel-headers -c -Werror-implicit-function-declaration -O2 -Wno-system-headers  -D_GNU_SOURCE -I/home/ildar/kyronix-ports/libs/openssl/stage/usr/include conftest.c >&5
configure:38264: $? = 0
configure:38264: result: yes
configure:38298: checking for unistd.h
configure:38298: result: yes
configure:38332: checking for arpa/inet.h
configure:38332: musl-gcc -fno-link-libatomic -idirafter /home/ildar/kyronix-ports/net/curl/kernel-headers -c -Werror-implicit-function-declaration -O2 -Wno-system-headers  -D_GNU_SOURCE -I/home/ildar/kyronix-ports/libs/openssl/stage/usr/include conftest.c >&5
configure:38332: $? = 0
configure:38332: result: yes
configure:38366: checking for net/if.h
configure:38366: musl-gcc -fno-link-libatomic -idirafter /home/ildar/kyronix-ports/net/curl/kernel-headers -c -Werror-implicit-function-declaration -O2 -Wno-system-headers  -D_GNU_SOURCE -I/home/ildar/kyronix-ports/libs/openssl/stage/usr/include conftest.c >&5
configure:38366: $? = 0
configure:38366: result: yes
configure:38400: checking for netinet/in.h
configure:38400: musl-gcc -fno-link-libatomic -idirafter /home/ildar/kyronix-ports/net/curl/kernel-headers -c -Werror-implicit-function-declaration -O2 -Wno-system-headers  -D_GNU_SOURCE -I/home/ildar/kyronix-ports/libs/openssl/stage/usr/include conftest.c >&5
configure:38400: $? = 0
configure:38400: result: yes
configure:38434: checking for netinet/in6.h
configure:38434: musl-gcc -fno-link-libatomic -idirafter /home/ildar/kyronix-ports/net/curl/kernel-headers -c -Werror-implicit-function-declaration -O2 -Wno-system-headers  -D_GNU_SOURCE -I/home/ildar/kyronix-ports/libs/openssl/stage/usr/include conftest.c >&5
conftest.c:86:10: fatal error: netinet/in6.h: No such file or directory
   86 | #include <netinet/in6.h>
      |          ^~~~~~~~~~~~~~~
compilation terminated.
configure:38434: $? = 1
configure: failed program was:
| /* confdefs.h */
| #define PACKAGE_NAME "curl"
| #define PACKAGE_TARNAME "curl"
| #define PACKAGE_VERSION "-"
| #define PACKAGE_STRING "curl -"
| #define PACKAGE_BUGREPORT "a suitable curl mailing list: https://curl.se/mail/"
| #define PACKAGE_URL ""
| #define HAVE_STDIO_H 1
| #define HAVE_STDLIB_H 1
| #define HAVE_STRING_H 1
| #define HAVE_INTTYPES_H 1
| #define HAVE_STDINT_H 1
| #define HAVE_STRINGS_H 1
| #define HAVE_SYS_STAT_H 1
| #define HAVE_SYS_TYPES_H 1
| #define HAVE_UNISTD_H 1
| #define STDC_HEADERS 1
| #define HAVE_STDATOMIC_H 1
| #define HAVE_ATOMIC 1
| #define PACKAGE "curl"
| #define VERSION "-"
| #define CURL_OS "x86_64-pc-linux-musl"
| #define HAVE_DLFCN_H 1
| #define LT_OBJDIR ".libs/"
| #define CURL_DISABLE_LDAP 1
| #define CURL_DISABLE_LDAPS 1
| #define HAVE_SYS_TYPES_H 1
| #define HAVE_CLOCK_GETTIME_MONOTONIC 1
| #define HAVE_SYS_TYPES_H 1
| #define HAVE_CLOCK_GETTIME_MONOTONIC_RAW 1
| #define USE_IPV6 1
| #define HAVE_SOCKADDR_IN6_SIN6_SCOPE_ID 1
| #define HAVE_WRITABLE_ARGV 1
| #define HAVE_LIBSSL 1
| #define HAVE_OPENSSL_RSA_H 1
| #define USE_OPENSSL 1
| #define HAVE_OPENSSL_CRYPTO_H 1
| #define USE_OPENSSL 1
| #define HAVE_OPENSSL_PEM_H 1
| #define USE_OPENSSL 1
| #define HAVE_OPENSSL_SSL_H 1
| #define USE_OPENSSL 1
| #define HAVE_OPENSSL_ERR_H 1
| #define USE_OPENSSL 1
| #define HAVE_SSL_SET_QUIC_TLS_CBS 1
| #define HAVE_DES_ECB_ENCRYPT 1
| #define HAVE_OPENSSL_SRP 1
| #define CURL_CA_BUNDLE "/etc/ssl/cert.pem"
| #define HAVE_SYS_TYPES_H 1
| #define HAVE_SYS_SELECT_H 1
| #define HAVE_SYS_IOCTL_H 1
| #define HAVE_UNISTD_H 1
| #define HAVE_ARPA_INET_H 1
| #define HAVE_NET_IF_H 1
| #define HAVE_NETINET_IN_H 1
| /* end confdefs.h.  */
| /* default includes */
| 
| #include <stdlib.h>
| #ifdef HAVE_SYS_TYPES_H
| #include <sys/types.h>
| #endif
| #if !defined(_WIN32) || defined(__MINGW32__)
| #include <sys/time.h>
| #endif
| #ifdef HAVE_SYS_SELECT_H
| #include <sys/select.h>
| #elif defined(HAVE_UNISTD_H)
| #include <unistd.h>
| #endif
| #ifndef _WIN32
| #include <sys/socket.h>
| #endif
| #ifdef HAVE_NETINET_IN_H
| #include <netinet/in.h>
| #endif
| #ifdef HAVE_NETINET_IN6_H
| #include <netinet/in6.h>  /* is this really required to detect other headers? */
| #endif
| #ifdef HAVE_SYS_UN_H
| #include <sys/un.h>  /* is this really required to detect other headers? */
| #endif
| 
| 
| 
| #include <netinet/in6.h>
configure:38434: result: no
configure:38468: checking for sys/un.h
configure:38468: musl-gcc -fno-link-libatomic -idirafter /home/ildar/kyronix-ports/net/curl/kernel-headers -c -Werror-implicit-function-declaration -O2 -Wno-system-headers  -D_GNU_SOURCE -I/home/ildar/kyronix-ports/libs/openssl/stage/usr/include conftest.c >&5
configure:38468: $? = 0
configure:38468: result: yes
configure:38502: checking for linux/tcp.h
configure:38502: musl-gcc -fno-link-libatomic -idirafter /home/ildar/kyronix-ports/net/curl/kernel-headers -c -Werror-implicit-function-declaration -O2 -Wno-system-headers  -D_GNU_SOURCE -I/home/ildar/kyronix-ports/libs/openssl/stage/usr/include conftest.c >&5
configure:38502: $? = 0
configure:38502: result: yes
configure:38536: checking for netinet/tcp.h
configure:38536: musl-gcc -fno-link-libatomic -idirafter /home/ildar/kyronix-ports/net/curl/kernel-headers -c -Werror-implicit-function-declaration -O2 -Wno-system-headers  -D_GNU_SOURCE -I/home/ildar/kyronix-ports/libs/openssl/stage/usr/include conftest.c >&5
configure:38536: $? = 0
configure:38536: result: yes
configure:38570: checking for netinet/udp.h
configure:38570: musl-gcc -fno-link-libatomic -idirafter /home/ildar/kyronix-ports/net/curl/kernel-headers -c -Werror-implicit-function-declaration -O2 -Wno-system-headers  -D_GNU_SOURCE -I/home/ildar/kyronix-ports/libs/openssl/stage/usr/include conftest.c >&5
configure:38570: $? = 0
configure:38570: result: yes
configure:38604: checking for netdb.h
configure:38604: musl-gcc -fno-link-libatomic -idirafter /home/ildar/kyronix-ports/net/curl/kernel-headers -c -Werror-implicit-function-declaration -O2 -Wno-system-headers  -D_GNU_SOURCE -I/home/ildar/kyronix-ports/libs/openssl/stage/usr/include conftest.c >&5
configure:38604: $? = 0
configure:38604: result: yes
configure:38638: checking for sys/sockio.h
configure:38638: musl-gcc -fno-link-libatomic -idirafter /home/ildar/kyronix-ports/net/curl/kernel-headers -c -Werror-implicit-function-declaration -O2 -Wno-system-headers  -D_GNU_SOURCE -I/home/ildar/kyronix-ports/libs/openssl/stage/usr/include conftest.c >&5
conftest.c:91:10: fatal error: sys/sockio.h: No such file or directory
   91 | #include <sys/sockio.h>
      |          ^~~~~~~~~~~~~~
compilation terminated.
configure:38638: $? = 1
configure: failed program was:
| /* confdefs.h */
| #define PACKAGE_NAME "curl"
| #define PACKAGE_TARNAME "curl"
| #define PACKAGE_VERSION "-"
| #define PACKAGE_STRING "curl -"
| #define PACKAGE_BUGREPORT "a suitable curl mailing list: https://curl.se/mail/"
| #define PACKAGE_URL ""
| #define HAVE_STDIO_H 1
| #define HAVE_STDLIB_H 1
| #define HAVE_STRING_H 1
| #define HAVE_INTTYPES_H 1
| #define HAVE_STDINT_H 1
| #define HAVE_STRINGS_H 1
| #define HAVE_SYS_STAT_H 1
| #define HAVE_SYS_TYPES_H 1
| #define HAVE_UNISTD_H 1
| #define STDC_HEADERS 1
| #define HAVE_STDATOMIC_H 1
| #define HAVE_ATOMIC 1
| #define PACKAGE "curl"
| #define VERSION "-"
| #define CURL_OS "x86_64-pc-linux-musl"
| #define HAVE_DLFCN_H 1
| #define LT_OBJDIR ".libs/"
| #define CURL_DISABLE_LDAP 1
| #define CURL_DISABLE_LDAPS 1
| #define HAVE_SYS_TYPES_H 1
| #define HAVE_CLOCK_GETTIME_MONOTONIC 1
| #define HAVE_SYS_TYPES_H 1
| #define HAVE_CLOCK_GETTIME_MONOTONIC_RAW 1
| #define USE_IPV6 1
| #define HAVE_SOCKADDR_IN6_SIN6_SCOPE_ID 1
| #define HAVE_WRITABLE_ARGV 1
| #define HAVE_LIBSSL 1
| #define HAVE_OPENSSL_RSA_H 1
| #define USE_OPENSSL 1
| #define HAVE_OPENSSL_CRYPTO_H 1
| #define USE_OPENSSL 1
| #define HAVE_OPENSSL_PEM_H 1
| #define USE_OPENSSL 1
| #define HAVE_OPENSSL_SSL_H 1
| #define USE_OPENSSL 1
| #define HAVE_OPENSSL_ERR_H 1
| #define USE_OPENSSL 1
| #define HAVE_SSL_SET_QUIC_TLS_CBS 1
| #define HAVE_DES_ECB_ENCRYPT 1
| #define HAVE_OPENSSL_SRP 1
| #define CURL_CA_BUNDLE "/etc/ssl/cert.pem"
| #define HAVE_SYS_TYPES_H 1
| #define HAVE_SYS_SELECT_H 1
| #define HAVE_SYS_IOCTL_H 1
| #define HAVE_UNISTD_H 1
| #define HAVE_ARPA_INET_H 1
| #define HAVE_NET_IF_H 1
| #define HAVE_NETINET_IN_H 1
| #define HAVE_SYS_UN_H 1
| #define HAVE_LINUX_TCP_H 1
| #define HAVE_NETINET_TCP_H 1
| #define HAVE_NETINET_UDP_H 1
| #define HAVE_NETDB_H 1
| /* end confdefs.h.  */
| /* default includes */
| 
| #include <stdlib.h>
| #ifdef HAVE_SYS_TYPES_H
| #include <sys/types.h>
| #endif
| #if !defined(_WIN32) || defined(__MINGW32__)
| #include <sys/time.h>
| #endif
| #ifdef HAVE_SYS_SELECT_H
| #include <sys/select.h>
| #elif defined(HAVE_UNISTD_H)
| #include <unistd.h>
| #endif
| #ifndef _WIN32
| #include <sys/socket.h>
| #endif
| #ifdef HAVE_NETINET_IN_H
| #include <netinet/in.h>
| #endif
| #ifdef HAVE_NETINET_IN6_H
| #include <netinet/in6.h>  /* is this really required to detect other headers? */
| #endif
| #ifdef HAVE_SYS_UN_H
| #include <sys/un.h>  /* is this really required to detect other headers? */
| #endif
| 
| 
| 
| #include <sys/sockio.h>
configure:38638: result: no
configure:38672: checking for sys/param.h
configure:38672: musl-gcc -fno-link-libatomic -idirafter /home/ildar/kyronix-ports/net/curl/kernel-headers -c -Werror-implicit-function-declaration -O2 -Wno-system-headers  -D_GNU_SOURCE -I/home/ildar/kyronix-ports/libs/openssl/stage/usr/include conftest.c >&5
configure:38672: $? = 0
configure:38672: result: yes
configure:38706: checking for termios.h
configure:38706: musl-gcc -fno-link-libatomic -idirafter /home/ildar/kyronix-ports/net/curl/kernel-headers -c -Werror-implicit-function-declaration -O2 -Wno-system-headers  -D_GNU_SOURCE -I/home/ildar/kyronix-ports/libs/openssl/stage/usr/include conftest.c >&5
configure:38706: $? = 0
configure:38706: result: yes
configure:38740: checking for termio.h
configure:38740: musl-gcc -fno-link-libatomic -idirafter /home/ildar/kyronix-ports/net/curl/kernel-headers -c -Werror-implicit-function-declaration -O2 -Wno-system-headers  -D_GNU_SOURCE -I/home/ildar/kyronix-ports/libs/openssl/stage/usr/include conftest.c >&5
conftest.c:93:10: fatal error: termio.h: No such file or directory
   93 | #include <termio.h>
      |          ^~~~~~~~~~
compilation terminated.
configure:38740: $? = 1
configure: failed program was:
| /* confdefs.h */
| #define PACKAGE_NAME "curl"
| #define PACKAGE_TARNAME "curl"
| #define PACKAGE_VERSION "-"
| #define PACKAGE_STRING "curl -"
| #define PACKAGE_BUGREPORT "a suitable curl mailing list: https://curl.se/mail/"
| #define PACKAGE_URL ""
| #define HAVE_STDIO_H 1
| #define HAVE_STDLIB_H 1
| #define HAVE_STRING_H 1
| #define HAVE_INTTYPES_H 1
| #define HAVE_STDINT_H 1
| #define HAVE_STRINGS_H 1
| #define HAVE_SYS_STAT_H 1
| #define HAVE_SYS_TYPES_H 1
| #define HAVE_UNISTD_H 1
| #define STDC_HEADERS 1
| #define HAVE_STDATOMIC_H 1
| #define HAVE_ATOMIC 1
| #define PACKAGE "curl"
| #define VERSION "-"
| #define CURL_OS "x86_64-pc-linux-musl"
| #define HAVE_DLFCN_H 1
| #define LT_OBJDIR ".libs/"
| #define CURL_DISABLE_LDAP 1
| #define CURL_DISABLE_LDAPS 1
| #define HAVE_SYS_TYPES_H 1
| #define HAVE_CLOCK_GETTIME_MONOTONIC 1
| #define HAVE_SYS_TYPES_H 1
| #define HAVE_CLOCK_GETTIME_MONOTONIC_RAW 1
| #define USE_IPV6 1
| #define HAVE_SOCKADDR_IN6_SIN6_SCOPE_ID 1
| #define HAVE_WRITABLE_ARGV 1
| #define HAVE_LIBSSL 1
| #define HAVE_OPENSSL_RSA_H 1
| #define USE_OPENSSL 1
| #define HAVE_OPENSSL_CRYPTO_H 1
| #define USE_OPENSSL 1
| #define HAVE_OPENSSL_PEM_H 1
| #define USE_OPENSSL 1
| #define HAVE_OPENSSL_SSL_H 1
| #define USE_OPENSSL 1
| #define HAVE_OPENSSL_ERR_H 1
| #define USE_OPENSSL 1
| #define HAVE_SSL_SET_QUIC_TLS_CBS 1
| #define HAVE_DES_ECB_ENCRYPT 1
| #define HAVE_OPENSSL_SRP 1
| #define CURL_CA_BUNDLE "/etc/ssl/cert.pem"
| #define HAVE_SYS_TYPES_H 1
| #define HAVE_SYS_SELECT_H 1
| #define HAVE_SYS_IOCTL_H 1
| #define HAVE_UNISTD_H 1
| #define HAVE_ARPA_INET_H 1
| #define HAVE_NET_IF_H 1
| #define HAVE_NETINET_IN_H 1
| #define HAVE_SYS_UN_H 1
| #define HAVE_LINUX_TCP_H 1
| #define HAVE_NETINET_TCP_H 1
| #define HAVE_NETINET_UDP_H 1
| #define HAVE_NETDB_H 1
| #define HAVE_SYS_PARAM_H 1
| #define HAVE_TERMIOS_H 1
| /* end confdefs.h.  */
| /* default includes */
| 
| #include <stdlib.h>
| #ifdef HAVE_SYS_TYPES_H
| #include <sys/types.h>
| #endif
| #if !defined(_WIN32) || defined(__MINGW32__)
| #include <sys/time.h>
| #endif
| #ifdef HAVE_SYS_SELECT_H
| #include <sys/select.h>
| #elif defined(HAVE_UNISTD_H)
| #include <unistd.h>
| #endif
| #ifndef _WIN32
| #include <sys/socket.h>
| #endif
| #ifdef HAVE_NETINET_IN_H
| #include <netinet/in.h>
| #endif
| #ifdef HAVE_NETINET_IN6_H
| #include <netinet/in6.h>  /* is this really required to detect other headers? */
| #endif
| #ifdef HAVE_SYS_UN_H
| #include <sys/un.h>  /* is this really required to detect other headers? */
| #endif
| 
| 
| 
| #include <termio.h>
configure:38740: result: no
configure:38774: checking for fcntl.h
configure:38774: musl-gcc -fno-link-libatomic -idirafter /home/ildar/kyronix-ports/net/curl/kernel-headers -c -Werror-implicit-function-declaration -O2 -Wno-system-headers  -D_GNU_SOURCE -I/home/ildar/kyronix-ports/libs/openssl/stage/usr/include conftest.c >&5
configure:38774: $? = 0
configure:38774: result: yes
configure:38808: checking for io.h
configure:38808: musl-gcc -fno-link-libatomic -idirafter /home/ildar/kyronix-ports/net/curl/kernel-headers -c -Werror-implicit-function-declaration -O2 -Wno-system-headers  -D_GNU_SOURCE -I/home/ildar/kyronix-ports/libs/openssl/stage/usr/include conftest.c >&5
conftest.c:94:10: fatal error: io.h: No such file or directory
   94 | #include <io.h>
      |          ^~~~~~
compilation terminated.
configure:38808: $? = 1
configure: failed program was:
| /* confdefs.h */
| #define PACKAGE_NAME "curl"
| #define PACKAGE_TARNAME "curl"
| #define PACKAGE_VERSION "-"
| #define PACKAGE_STRING "curl -"
| #define PACKAGE_BUGREPORT "a suitable curl mailing list: https://curl.se/mail/"
| #define PACKAGE_URL ""
| #define HAVE_STDIO_H 1
| #define HAVE_STDLIB_H 1
| #define HAVE_STRING_H 1
| #define HAVE_INTTYPES_H 1
| #define HAVE_STDINT_H 1
| #define HAVE_STRINGS_H 1
| #define HAVE_SYS_STAT_H 1
| #define HAVE_SYS_TYPES_H 1
| #define HAVE_UNISTD_H 1
| #define STDC_HEADERS 1
| #define HAVE_STDATOMIC_H 1
| #define HAVE_ATOMIC 1
| #define PACKAGE "curl"
| #define VERSION "-"
| #define CURL_OS "x86_64-pc-linux-musl"
| #define HAVE_DLFCN_H 1
| #define LT_OBJDIR ".libs/"
| #define CURL_DISABLE_LDAP 1
| #define CURL_DISABLE_LDAPS 1
| #define HAVE_SYS_TYPES_H 1
| #define HAVE_CLOCK_GETTIME_MONOTONIC 1
| #define HAVE_SYS_TYPES_H 1
| #define HAVE_CLOCK_GETTIME_MONOTONIC_RAW 1
| #define USE_IPV6 1
| #define HAVE_SOCKADDR_IN6_SIN6_SCOPE_ID 1
| #define HAVE_WRITABLE_ARGV 1
| #define HAVE_LIBSSL 1
| #define HAVE_OPENSSL_RSA_H 1
| #define USE_OPENSSL 1
| #define HAVE_OPENSSL_CRYPTO_H 1
| #define USE_OPENSSL 1
| #define HAVE_OPENSSL_PEM_H 1
| #define USE_OPENSSL 1
| #define HAVE_OPENSSL_SSL_H 1
| #define USE_OPENSSL 1
| #define HAVE_OPENSSL_ERR_H 1
| #define USE_OPENSSL 1
| #define HAVE_SSL_SET_QUIC_TLS_CBS 1
| #define HAVE_DES_ECB_ENCRYPT 1
| #define HAVE_OPENSSL_SRP 1
| #define CURL_CA_BUNDLE "/etc/ssl/cert.pem"
| #define HAVE_SYS_TYPES_H 1
| #define HAVE_SYS_SELECT_H 1
| #define HAVE_SYS_IOCTL_H 1
| #define HAVE_UNISTD_H 1
| #define HAVE_ARPA_INET_H 1
| #define HAVE_NET_IF_H 1
| #define HAVE_NETINET_IN_H 1
| #define HAVE_SYS_UN_H 1
| #define HAVE_LINUX_TCP_H 1
| #define HAVE_NETINET_TCP_H 1
| #define HAVE_NETINET_UDP_H 1
| #define HAVE_NETDB_H 1
| #define HAVE_SYS_PARAM_H 1
| #define HAVE_TERMIOS_H 1
| #define HAVE_FCNTL_H 1
| /* end confdefs.h.  */
| /* default includes */
| 
| #include <stdlib.h>
| #ifdef HAVE_SYS_TYPES_H
| #include <sys/types.h>
| #endif
| #if !defined(_WIN32) || defined(__MINGW32__)
| #include <sys/time.h>
| #endif
| #ifdef HAVE_SYS_SELECT_H
| #include <sys/select.h>
| #elif defined(HAVE_UNISTD_H)
| #include <unistd.h>
| #endif
| #ifndef _WIN32
| #include <sys/socket.h>
| #endif
| #ifdef HAVE_NETINET_IN_H
| #include <netinet/in.h>
| #endif
| #ifdef HAVE_NETINET_IN6_H
| #include <netinet/in6.h>  /* is this really required to detect other headers? */
| #endif
| #ifdef HAVE_SYS_UN_H
| #include <sys/un.h>  /* is this really required to detect other headers? */
| #endif
| 
| 
| 
| #include <io.h>
configure:38808: result: no
configure:38842: checking for pwd.h
configure:38842: musl-gcc -fno-link-libatomic -idirafter /home/ildar/kyronix-ports/net/curl/kernel-headers -c -Werror-implicit-function-declaration -O2 -Wno-system-headers  -D_GNU_SOURCE -I/home/ildar/kyronix-ports/libs/openssl/stage/usr/include conftest.c >&5
configure:38842: $? = 0
configure:38842: result: yes
configure:38876: checking for utime.h
configure:38876: musl-gcc -fno-link-libatomic -idirafter /home/ildar/kyronix-ports/net/curl/kernel-headers -c -Werror-implicit-function-declaration -O2 -Wno-system-headers  -D_GNU_SOURCE -I/home/ildar/kyronix-ports/libs/openssl/stage/usr/include conftest.c >&5
configure:38876: $? = 0
configure:38876: result: yes
configure:38910: checking for sys/utime.h
configure:38910: musl-gcc -fno-link-libatomic -idirafter /home/ildar/kyronix-ports/net/curl/kernel-headers -c -Werror-implicit-function-declaration -O2 -Wno-system-headers  -D_GNU_SOURCE -I/home/ildar/kyronix-ports/libs/openssl/stage/usr/include conftest.c >&5
conftest.c:96:10: fatal error: sys/utime.h: No such file or directory
   96 | #include <sys/utime.h>
      |          ^~~~~~~~~~~~~
compilation terminated.
configure:38910: $? = 1
configure: failed program was:
| /* confdefs.h */
| #define PACKAGE_NAME "curl"
| #define PACKAGE_TARNAME "curl"
| #define PACKAGE_VERSION "-"
| #define PACKAGE_STRING "curl -"
| #define PACKAGE_BUGREPORT "a suitable curl mailing list: https://curl.se/mail/"
| #define PACKAGE_URL ""
| #define HAVE_STDIO_H 1
| #define HAVE_STDLIB_H 1
| #define HAVE_STRING_H 1
| #define HAVE_INTTYPES_H 1
| #define HAVE_STDINT_H 1
| #define HAVE_STRINGS_H 1
| #define HAVE_SYS_STAT_H 1
| #define HAVE_SYS_TYPES_H 1
| #define HAVE_UNISTD_H 1
| #define STDC_HEADERS 1
| #define HAVE_STDATOMIC_H 1
| #define HAVE_ATOMIC 1
| #define PACKAGE "curl"
| #define VERSION "-"
| #define CURL_OS "x86_64-pc-linux-musl"
| #define HAVE_DLFCN_H 1
| #define LT_OBJDIR ".libs/"
| #define CURL_DISABLE_LDAP 1
| #define CURL_DISABLE_LDAPS 1
| #define HAVE_SYS_TYPES_H 1
| #define HAVE_CLOCK_GETTIME_MONOTONIC 1
| #define HAVE_SYS_TYPES_H 1
| #define HAVE_CLOCK_GETTIME_MONOTONIC_RAW 1
| #define USE_IPV6 1
| #define HAVE_SOCKADDR_IN6_SIN6_SCOPE_ID 1
| #define HAVE_WRITABLE_ARGV 1
| #define HAVE_LIBSSL 1
| #define HAVE_OPENSSL_RSA_H 1
| #define USE_OPENSSL 1
| #define HAVE_OPENSSL_CRYPTO_H 1
| #define USE_OPENSSL 1
| #define HAVE_OPENSSL_PEM_H 1
| #define USE_OPENSSL 1
| #define HAVE_OPENSSL_SSL_H 1
| #define USE_OPENSSL 1
| #define HAVE_OPENSSL_ERR_H 1
| #define USE_OPENSSL 1
| #define HAVE_SSL_SET_QUIC_TLS_CBS 1
| #define HAVE_DES_ECB_ENCRYPT 1
| #define HAVE_OPENSSL_SRP 1
| #define CURL_CA_BUNDLE "/etc/ssl/cert.pem"
| #define HAVE_SYS_TYPES_H 1
| #define HAVE_SYS_SELECT_H 1
| #define HAVE_SYS_IOCTL_H 1
| #define HAVE_UNISTD_H 1
| #define HAVE_ARPA_INET_H 1
| #define HAVE_NET_IF_H 1
| #define HAVE_NETINET_IN_H 1
| #define HAVE_SYS_UN_H 1
| #define HAVE_LINUX_TCP_H 1
| #define HAVE_NETINET_TCP_H 1
| #define HAVE_NETINET_UDP_H 1
| #define HAVE_NETDB_H 1
| #define HAVE_SYS_PARAM_H 1
| #define HAVE_TERMIOS_H 1
| #define HAVE_FCNTL_H 1
| #define HAVE_PWD_H 1
| #define HAVE_UTIME_H 1
| /* end confdefs.h.  */
| /* default includes */
| 
| #include <stdlib.h>
| #ifdef HAVE_SYS_TYPES_H
| #include <sys/types.h>
| #endif
| #if !defined(_WIN32) || defined(__MINGW32__)
| #include <sys/time.h>
| #endif
| #ifdef HAVE_SYS_SELECT_H
| #include <sys/select.h>
| #elif defined(HAVE_UNISTD_H)
| #include <unistd.h>
| #endif
| #ifndef _WIN32
| #include <sys/socket.h>
| #endif
| #ifdef HAVE_NETINET_IN_H
| #include <netinet/in.h>
| #endif
| #ifdef HAVE_NETINET_IN6_H
| #include <netinet/in6.h>  /* is this really required to detect other headers? */
| #endif
| #ifdef HAVE_SYS_UN_H
| #include <sys/un.h>  /* is this really required to detect other headers? */
| #endif
| 
| 
| 
| #include <sys/utime.h>
configure:38910: result: no
configure:38944: checking for sys/poll.h
configure:38944: musl-gcc -fno-link-libatomic -idirafter /home/ildar/kyronix-ports/net/curl/kernel-headers -c -Werror-implicit-function-declaration -O2 -Wno-system-headers  -D_GNU_SOURCE -I/home/ildar/kyronix-ports/libs/openssl/stage/usr/include conftest.c >&5
In file included from conftest.c:96:
/usr/lib/musl/include/sys/poll.h:1:2: warning: #warning redirecting incorrect #include <sys/poll.h> to <poll.h> [-Wcpp]
    1 | #warning redirecting incorrect #include <sys/poll.h> to <poll.h>
      |  ^~~~~~~
configure:38944: $? = 0
configure:38944: result: yes
configure:38978: checking for poll.h
configure:38978: musl-gcc -fno-link-libatomic -idirafter /home/ildar/kyronix-ports/net/curl/kernel-headers -c -Werror-implicit-function-declaration -O2 -Wno-system-headers  -D_GNU_SOURCE -I/home/ildar/kyronix-ports/libs/openssl/stage/usr/include conftest.c >&5
configure:38978: $? = 0
configure:38978: result: yes
configure:39012: checking for sys/resource.h
configure:39012: musl-gcc -fno-link-libatomic -idirafter /home/ildar/kyronix-ports/net/curl/kernel-headers -c -Werror-implicit-function-declaration -O2 -Wno-system-headers  -D_GNU_SOURCE -I/home/ildar/kyronix-ports/libs/openssl/stage/usr/include conftest.c >&5
configure:39012: $? = 0
configure:39012: result: yes
configure:39046: checking for libgen.h
configure:39046: musl-gcc -fno-link-libatomic -idirafter /home/ildar/kyronix-ports/net/curl/kernel-headers -c -Werror-implicit-function-declaration -O2 -Wno-system-headers  -D_GNU_SOURCE -I/home/ildar/kyronix-ports/libs/openssl/stage/usr/include conftest.c >&5
configure:39046: $? = 0
configure:39046: result: yes
configure:39080: checking for locale.h
configure:39080: musl-gcc -fno-link-libatomic -idirafter /home/ildar/kyronix-ports/net/curl/kernel-headers -c -Werror-implicit-function-declaration -O2 -Wno-system-headers  -D_GNU_SOURCE -I/home/ildar/kyronix-ports/libs/openssl/stage/usr/include conftest.c >&5
configure:39080: $? = 0
configure:39080: result: yes
configure:39114: checking for stdbool.h
configure:39114: musl-gcc -fno-link-libatomic -idirafter /home/ildar/kyronix-ports/net/curl/kernel-headers -c -Werror-implicit-function-declaration -O2 -Wno-system-headers  -D_GNU_SOURCE -I/home/ildar/kyronix-ports/libs/openssl/stage/usr/include conftest.c >&5
configure:39114: $? = 0
configure:39114: result: yes
configure:39148: checking for sys/filio.h
configure:39148: musl-gcc -fno-link-libatomic -idirafter /home/ildar/kyronix-ports/net/curl/kernel-headers -c -Werror-implicit-function-declaration -O2 -Wno-system-headers  -D_GNU_SOURCE -I/home/ildar/kyronix-ports/libs/openssl/stage/usr/include conftest.c >&5
conftest.c:102:10: fatal error: sys/filio.h: No such file or directory
  102 | #include <sys/filio.h>
      |          ^~~~~~~~~~~~~
compilation terminated.
configure:39148: $? = 1
configure: failed program was:
| /* confdefs.h */
| #define PACKAGE_NAME "curl"
| #define PACKAGE_TARNAME "curl"
| #define PACKAGE_VERSION "-"
| #define PACKAGE_STRING "curl -"
| #define PACKAGE_BUGREPORT "a suitable curl mailing list: https://curl.se/mail/"
| #define PACKAGE_URL ""
| #define HAVE_STDIO_H 1
| #define HAVE_STDLIB_H 1
| #define HAVE_STRING_H 1
| #define HAVE_INTTYPES_H 1
| #define HAVE_STDINT_H 1
| #define HAVE_STRINGS_H 1
| #define HAVE_SYS_STAT_H 1
| #define HAVE_SYS_TYPES_H 1
| #define HAVE_UNISTD_H 1
| #define STDC_HEADERS 1
| #define HAVE_STDATOMIC_H 1
| #define HAVE_ATOMIC 1
| #define PACKAGE "curl"
| #define VERSION "-"
| #define CURL_OS "x86_64-pc-linux-musl"
| #define HAVE_DLFCN_H 1
| #define LT_OBJDIR ".libs/"
| #define CURL_DISABLE_LDAP 1
| #define CURL_DISABLE_LDAPS 1
| #define HAVE_SYS_TYPES_H 1
| #define HAVE_CLOCK_GETTIME_MONOTONIC 1
| #define HAVE_SYS_TYPES_H 1
| #define HAVE_CLOCK_GETTIME_MONOTONIC_RAW 1
| #define USE_IPV6 1
| #define HAVE_SOCKADDR_IN6_SIN6_SCOPE_ID 1
| #define HAVE_WRITABLE_ARGV 1
| #define HAVE_LIBSSL 1
| #define HAVE_OPENSSL_RSA_H 1
| #define USE_OPENSSL 1
| #define HAVE_OPENSSL_CRYPTO_H 1
| #define USE_OPENSSL 1
| #define HAVE_OPENSSL_PEM_H 1
| #define USE_OPENSSL 1
| #define HAVE_OPENSSL_SSL_H 1
| #define USE_OPENSSL 1
| #define HAVE_OPENSSL_ERR_H 1
| #define USE_OPENSSL 1
| #define HAVE_SSL_SET_QUIC_TLS_CBS 1
| #define HAVE_DES_ECB_ENCRYPT 1
| #define HAVE_OPENSSL_SRP 1
| #define CURL_CA_BUNDLE "/etc/ssl/cert.pem"
| #define HAVE_SYS_TYPES_H 1
| #define HAVE_SYS_SELECT_H 1
| #define HAVE_SYS_IOCTL_H 1
| #define HAVE_UNISTD_H 1
| #define HAVE_ARPA_INET_H 1
| #define HAVE_NET_IF_H 1
| #define HAVE_NETINET_IN_H 1
| #define HAVE_SYS_UN_H 1
| #define HAVE_LINUX_TCP_H 1
| #define HAVE_NETINET_TCP_H 1
| #define HAVE_NETINET_UDP_H 1
| #define HAVE_NETDB_H 1
| #define HAVE_SYS_PARAM_H 1
| #define HAVE_TERMIOS_H 1
| #define HAVE_FCNTL_H 1
| #define HAVE_PWD_H 1
| #define HAVE_UTIME_H 1
| #define HAVE_SYS_POLL_H 1
| #define HAVE_POLL_H 1
| #define HAVE_SYS_RESOURCE_H 1
| #define HAVE_LIBGEN_H 1
| #define HAVE_LOCALE_H 1
| #define HAVE_STDBOOL_H 1
| /* end confdefs.h.  */
| /* default includes */
| 
| #include <stdlib.h>
| #ifdef HAVE_SYS_TYPES_H
| #include <sys/types.h>
| #endif
| #if !defined(_WIN32) || defined(__MINGW32__)
| #include <sys/time.h>
| #endif
| #ifdef HAVE_SYS_SELECT_H
| #include <sys/select.h>
| #elif defined(HAVE_UNISTD_H)
| #include <unistd.h>
| #endif
| #ifndef _WIN32
| #include <sys/socket.h>
| #endif
| #ifdef HAVE_NETINET_IN_H
| #include <netinet/in.h>
| #endif
| #ifdef HAVE_NETINET_IN6_H
| #include <netinet/in6.h>  /* is this really required to detect other headers? */
| #endif
| #ifdef HAVE_SYS_UN_H
| #include <sys/un.h>  /* is this really required to detect other headers? */
| #endif
| 
| 
| 
| #include <sys/filio.h>
configure:39148: result: no
configure:39182: checking for sys/eventfd.h
configure:39182: musl-gcc -fno-link-libatomic -idirafter /home/ildar/kyronix-ports/net/curl/kernel-headers -c -Werror-implicit-function-declaration -O2 -Wno-system-headers  -D_GNU_SOURCE -I/home/ildar/kyronix-ports/libs/openssl/stage/usr/include conftest.c >&5
configure:39182: $? = 0
configure:39182: result: yes
configure:39218: checking for an ANSI C-conforming const
configure:39283: musl-gcc -fno-link-libatomic -idirafter /home/ildar/kyronix-ports/net/curl/kernel-headers -c -Werror-implicit-function-declaration -O2 -Wno-system-headers  -D_GNU_SOURCE -I/home/ildar/kyronix-ports/libs/openssl/stage/usr/include conftest.c >&5
configure:39283: $? = 0
configure:39291: result: yes
configure:39299: checking for size_t
configure:39299: musl-gcc -fno-link-libatomic -idirafter /home/ildar/kyronix-ports/net/curl/kernel-headers -c -Werror-implicit-function-declaration -O2 -Wno-system-headers  -D_GNU_SOURCE -I/home/ildar/kyronix-ports/libs/openssl/stage/usr/include conftest.c >&5
configure:39299: $? = 0
configure:39299: musl-gcc -fno-link-libatomic -idirafter /home/ildar/kyronix-ports/net/curl/kernel-headers -c -Werror-implicit-function-declaration -O2 -Wno-system-headers  -D_GNU_SOURCE -I/home/ildar/kyronix-ports/libs/openssl/stage/usr/include conftest.c >&5
conftest.c: In function 'main':
conftest.c:104:21: error: expected expression before ')' token
  104 | if (sizeof ((size_t)))
      |                     ^
configure:39299: $? = 1
configure: failed program was:
| /* confdefs.h */
| #define PACKAGE_NAME "curl"
| #define PACKAGE_TARNAME "curl"
| #define PACKAGE_VERSION "-"
| #define PACKAGE_STRING "curl -"
| #define PACKAGE_BUGREPORT "a suitable curl mailing list: https://curl.se/mail/"
| #define PACKAGE_URL ""
| #define HAVE_STDIO_H 1
| #define HAVE_STDLIB_H 1
| #define HAVE_STRING_H 1
| #define HAVE_INTTYPES_H 1
| #define HAVE_STDINT_H 1
| #define HAVE_STRINGS_H 1
| #define HAVE_SYS_STAT_H 1
| #define HAVE_SYS_TYPES_H 1
| #define HAVE_UNISTD_H 1
| #define STDC_HEADERS 1
| #define HAVE_STDATOMIC_H 1
| #define HAVE_ATOMIC 1
| #define PACKAGE "curl"
| #define VERSION "-"
| #define CURL_OS "x86_64-pc-linux-musl"
| #define HAVE_DLFCN_H 1
| #define LT_OBJDIR ".libs/"
| #define CURL_DISABLE_LDAP 1
| #define CURL_DISABLE_LDAPS 1
| #define HAVE_SYS_TYPES_H 1
| #define HAVE_CLOCK_GETTIME_MONOTONIC 1
| #define HAVE_SYS_TYPES_H 1
| #define HAVE_CLOCK_GETTIME_MONOTONIC_RAW 1
| #define USE_IPV6 1
| #define HAVE_SOCKADDR_IN6_SIN6_SCOPE_ID 1
| #define HAVE_WRITABLE_ARGV 1
| #define HAVE_LIBSSL 1
| #define HAVE_OPENSSL_RSA_H 1
| #define USE_OPENSSL 1
| #define HAVE_OPENSSL_CRYPTO_H 1
| #define USE_OPENSSL 1
| #define HAVE_OPENSSL_PEM_H 1
| #define USE_OPENSSL 1
| #define HAVE_OPENSSL_SSL_H 1
| #define USE_OPENSSL 1
| #define HAVE_OPENSSL_ERR_H 1
| #define USE_OPENSSL 1
| #define HAVE_SSL_SET_QUIC_TLS_CBS 1
| #define HAVE_DES_ECB_ENCRYPT 1
| #define HAVE_OPENSSL_SRP 1
| #define CURL_CA_BUNDLE "/etc/ssl/cert.pem"
| #define HAVE_SYS_TYPES_H 1
| #define HAVE_SYS_SELECT_H 1
| #define HAVE_SYS_IOCTL_H 1
| #define HAVE_UNISTD_H 1
| #define HAVE_ARPA_INET_H 1
| #define HAVE_NET_IF_H 1
| #define HAVE_NETINET_IN_H 1
| #define HAVE_SYS_UN_H 1
| #define HAVE_LINUX_TCP_H 1
| #define HAVE_NETINET_TCP_H 1
| #define HAVE_NETINET_UDP_H 1
| #define HAVE_NETDB_H 1
| #define HAVE_SYS_PARAM_H 1
| #define HAVE_TERMIOS_H 1
| #define HAVE_FCNTL_H 1
| #define HAVE_PWD_H 1
| #define HAVE_UTIME_H 1
| #define HAVE_SYS_POLL_H 1
| #define HAVE_POLL_H 1
| #define HAVE_SYS_RESOURCE_H 1
| #define HAVE_LIBGEN_H 1
| #define HAVE_LOCALE_H 1
| #define HAVE_STDBOOL_H 1
| #define HAVE_SYS_EVENTFD_H 1
| /* end confdefs.h.  */
| #include <stddef.h>
| #ifdef HAVE_STDIO_H
| # include <stdio.h>
| #endif
| #ifdef HAVE_STDLIB_H
| # include <stdlib.h>
| #endif
| #ifdef HAVE_STRING_H
| # include <string.h>
| #endif
| #ifdef HAVE_INTTYPES_H
| # include <inttypes.h>
| #endif
| #ifdef HAVE_STDINT_H
| # include <stdint.h>
| #endif
| #ifdef HAVE_STRINGS_H
| # include <strings.h>
| #endif
| #ifdef HAVE_SYS_TYPES_H
| # include <sys/types.h>
| #endif
| #ifdef HAVE_SYS_STAT_H
| # include <sys/stat.h>
| #endif
| #ifdef HAVE_UNISTD_H
| # include <unistd.h>
| #endif
| int main(void)
| {
| if (sizeof ((size_t)))
| 	    return 0;
|   return 0;
| }
configure:39299: result: yes
configure:39312: checking for sys/types.h
configure:39312: result: yes
configure:39319: checking for struct timeval
configure:39357: musl-gcc -fno-link-libatomic -idirafter /home/ildar/kyronix-ports/net/curl/kernel-headers -c -Werror-implicit-function-declaration -O2 -Wno-system-headers  -D_GNU_SOURCE -I/home/ildar/kyronix-ports/libs/openssl/stage/usr/include conftest.c >&5
configure:39357: $? = 0
configure:39370: result: yes
configure:39384: checking runtime libs availability
configure:39440: sh ./run-compiler -o conftest -Werror-implicit-function-declaration -O2 -Wno-system-headers  -D_GNU_SOURCE -I/home/ildar/kyronix-ports/libs/openssl/stage/usr/include  -L/home/ildar/kyronix-ports/libs/openssl/stage/usr/lib64 conftest.c -lssl -lcrypto -lssl -lcrypto  >&5
configure:39440: $? = 0
configure:39440: ./conftest
configure:39440: $? = 0
configure:39442: result: fine
configure:39466: checking size of size_t
configure:39489: musl-gcc -fno-link-libatomic -idirafter /home/ildar/kyronix-ports/net/curl/kernel-headers -c -Werror-implicit-function-declaration -O2 -Wno-system-headers  -D_GNU_SOURCE -I/home/ildar/kyronix-ports/libs/openssl/stage/usr/include conftest.c >&5
configure:39489: $? = 0
configure:39507: result: 8
configure:39519: checking size of long
configure:39542: musl-gcc -fno-link-libatomic -idirafter /home/ildar/kyronix-ports/net/curl/kernel-headers -c -Werror-implicit-function-declaration -O2 -Wno-system-headers  -D_GNU_SOURCE -I/home/ildar/kyronix-ports/libs/openssl/stage/usr/include conftest.c >&5
configure:39542: $? = 0
configure:39560: result: 8
configure:39572: checking size of int
configure:39595: musl-gcc -fno-link-libatomic -idirafter /home/ildar/kyronix-ports/net/curl/kernel-headers -c -Werror-implicit-function-declaration -O2 -Wno-system-headers  -D_GNU_SOURCE -I/home/ildar/kyronix-ports/libs/openssl/stage/usr/include conftest.c >&5
conftest.c: In function 'main':
conftest.c:88:9: error: duplicate case value
   88 |         case (sizeof(int) == 8):;
      |         ^~~~
conftest.c:87:9: note: previously used here
   87 |         case 0:
      |         ^~~~
configure:39595: $? = 1
configure: failed program was:
| /* confdefs.h */
| #define PACKAGE_NAME "curl"
| #define PACKAGE_TARNAME "curl"
| #define PACKAGE_VERSION "-"
| #define PACKAGE_STRING "curl -"
| #define PACKAGE_BUGREPORT "a suitable curl mailing list: https://curl.se/mail/"
| #define PACKAGE_URL ""
| #define HAVE_STDIO_H 1
| #define HAVE_STDLIB_H 1
| #define HAVE_STRING_H 1
| #define HAVE_INTTYPES_H 1
| #define HAVE_STDINT_H 1
| #define HAVE_STRINGS_H 1
| #define HAVE_SYS_STAT_H 1
| #define HAVE_SYS_TYPES_H 1
| #define HAVE_UNISTD_H 1
| #define STDC_HEADERS 1
| #define HAVE_STDATOMIC_H 1
| #define HAVE_ATOMIC 1
| #define PACKAGE "curl"
| #define VERSION "-"
| #define CURL_OS "x86_64-pc-linux-musl"
| #define HAVE_DLFCN_H 1
| #define LT_OBJDIR ".libs/"
| #define CURL_DISABLE_LDAP 1
| #define CURL_DISABLE_LDAPS 1
| #define HAVE_SYS_TYPES_H 1
| #define HAVE_CLOCK_GETTIME_MONOTONIC 1
| #define HAVE_SYS_TYPES_H 1
| #define HAVE_CLOCK_GETTIME_MONOTONIC_RAW 1
| #define USE_IPV6 1
| #define HAVE_SOCKADDR_IN6_SIN6_SCOPE_ID 1
| #define HAVE_WRITABLE_ARGV 1
| #define HAVE_LIBSSL 1
| #define HAVE_OPENSSL_RSA_H 1
| #define USE_OPENSSL 1
| #define HAVE_OPENSSL_CRYPTO_H 1
| #define USE_OPENSSL 1
| #define HAVE_OPENSSL_PEM_H 1
| #define USE_OPENSSL 1
| #define HAVE_OPENSSL_SSL_H 1
| #define USE_OPENSSL 1
| #define HAVE_OPENSSL_ERR_H 1
| #define USE_OPENSSL 1
| #define HAVE_SSL_SET_QUIC_TLS_CBS 1
| #define HAVE_DES_ECB_ENCRYPT 1
| #define HAVE_OPENSSL_SRP 1
| #define CURL_CA_BUNDLE "/etc/ssl/cert.pem"
| #define HAVE_SYS_TYPES_H 1
| #define HAVE_SYS_SELECT_H 1
| #define HAVE_SYS_IOCTL_H 1
| #define HAVE_UNISTD_H 1
| #define HAVE_ARPA_INET_H 1
| #define HAVE_NET_IF_H 1
| #define HAVE_NETINET_IN_H 1
| #define HAVE_SYS_UN_H 1
| #define HAVE_LINUX_TCP_H 1
| #define HAVE_NETINET_TCP_H 1
| #define HAVE_NETINET_UDP_H 1
| #define HAVE_NETDB_H 1
| #define HAVE_SYS_PARAM_H 1
| #define HAVE_TERMIOS_H 1
| #define HAVE_FCNTL_H 1
| #define HAVE_PWD_H 1
| #define HAVE_UTIME_H 1
| #define HAVE_SYS_POLL_H 1
| #define HAVE_POLL_H 1
| #define HAVE_SYS_RESOURCE_H 1
| #define HAVE_LIBGEN_H 1
| #define HAVE_LOCALE_H 1
| #define HAVE_STDBOOL_H 1
| #define HAVE_SYS_EVENTFD_H 1
| #define HAVE_SYS_TYPES_H 1
| #define HAVE_STRUCT_TIMEVAL 1
| #define SIZEOF_SIZE_T 8
| #define SIZEOF_LONG 8
| /* end confdefs.h.  */
| 
| 
|         #include <sys/types.h>
| 
| 
| int main(void)
| {
| 
|         switch(0) {
|         case 0:
|         case (sizeof(int) == 8):;
|         }
| 
|   return 0;
| }
| 
configure:39595: musl-gcc -fno-link-libatomic -idirafter /home/ildar/kyronix-ports/net/curl/kernel-headers -c -Werror-implicit-function-declaration -O2 -Wno-system-headers  -D_GNU_SOURCE -I/home/ildar/kyronix-ports/libs/openssl/stage/usr/include conftest.c >&5
configure:39595: $? = 0
configure:39613: result: 4
configure:39625: checking size of time_t
configure:39648: musl-gcc -fno-link-libatomic -idirafter /home/ildar/kyronix-ports/net/curl/kernel-headers -c -Werror-implicit-function-declaration -O2 -Wno-system-headers  -D_GNU_SOURCE -I/home/ildar/kyronix-ports/libs/openssl/stage/usr/include conftest.c >&5
configure:39648: $? = 0
configure:39666: result: 8
configure:39678: checking size of off_t
configure:39701: musl-gcc -fno-link-libatomic -idirafter /home/ildar/kyronix-ports/net/curl/kernel-headers -c -Werror-implicit-function-declaration -O2 -Wno-system-headers  -D_GNU_SOURCE -I/home/ildar/kyronix-ports/libs/openssl/stage/usr/include conftest.c >&5
configure:39701: $? = 0
configure:39719: result: 8
configure:39734: checking size of curl_off_t
configure:39759: musl-gcc -fno-link-libatomic -idirafter /home/ildar/kyronix-ports/net/curl/kernel-headers -c -Werror-implicit-function-declaration -O2 -Wno-system-headers -I../include  -D_GNU_SOURCE -I/home/ildar/kyronix-ports/libs/openssl/stage/usr/include conftest.c >&5
configure:39759: $? = 0
configure:39777: result: 8
configure:39789: checking size of curl_socket_t
configure:39814: musl-gcc -fno-link-libatomic -idirafter /home/ildar/kyronix-ports/net/curl/kernel-headers -c -Werror-implicit-function-declaration -O2 -Wno-system-headers -I../include  -D_GNU_SOURCE -I/home/ildar/kyronix-ports/libs/openssl/stage/usr/include conftest.c >&5
conftest.c: In function 'main':
conftest.c:94:9: error: duplicate case value
   94 |         case (sizeof(curl_socket_t) == 8):;
      |         ^~~~
conftest.c:93:9: note: previously used here
   93 |         case 0:
      |         ^~~~
configure:39814: $? = 1
configure: failed program was:
| /* confdefs.h */
| #define PACKAGE_NAME "curl"
| #define PACKAGE_TARNAME "curl"
| #define PACKAGE_VERSION "-"
| #define PACKAGE_STRING "curl -"
| #define PACKAGE_BUGREPORT "a suitable curl mailing list: https://curl.se/mail/"
| #define PACKAGE_URL ""
| #define HAVE_STDIO_H 1
| #define HAVE_STDLIB_H 1
| #define HAVE_STRING_H 1
| #define HAVE_INTTYPES_H 1
| #define HAVE_STDINT_H 1
| #define HAVE_STRINGS_H 1
| #define HAVE_SYS_STAT_H 1
| #define HAVE_SYS_TYPES_H 1
| #define HAVE_UNISTD_H 1
| #define STDC_HEADERS 1
| #define HAVE_STDATOMIC_H 1
| #define HAVE_ATOMIC 1
| #define PACKAGE "curl"
| #define VERSION "-"
| #define CURL_OS "x86_64-pc-linux-musl"
| #define HAVE_DLFCN_H 1
| #define LT_OBJDIR ".libs/"
| #define CURL_DISABLE_LDAP 1
| #define CURL_DISABLE_LDAPS 1
| #define HAVE_SYS_TYPES_H 1
| #define HAVE_CLOCK_GETTIME_MONOTONIC 1
| #define HAVE_SYS_TYPES_H 1
| #define HAVE_CLOCK_GETTIME_MONOTONIC_RAW 1
| #define USE_IPV6 1
| #define HAVE_SOCKADDR_IN6_SIN6_SCOPE_ID 1
| #define HAVE_WRITABLE_ARGV 1
| #define HAVE_LIBSSL 1
| #define HAVE_OPENSSL_RSA_H 1
| #define USE_OPENSSL 1
| #define HAVE_OPENSSL_CRYPTO_H 1
| #define USE_OPENSSL 1
| #define HAVE_OPENSSL_PEM_H 1
| #define USE_OPENSSL 1
| #define HAVE_OPENSSL_SSL_H 1
| #define USE_OPENSSL 1
| #define HAVE_OPENSSL_ERR_H 1
| #define USE_OPENSSL 1
| #define HAVE_SSL_SET_QUIC_TLS_CBS 1
| #define HAVE_DES_ECB_ENCRYPT 1
| #define HAVE_OPENSSL_SRP 1
| #define CURL_CA_BUNDLE "/etc/ssl/cert.pem"
| #define HAVE_SYS_TYPES_H 1
| #define HAVE_SYS_SELECT_H 1
| #define HAVE_SYS_IOCTL_H 1
| #define HAVE_UNISTD_H 1
| #define HAVE_ARPA_INET_H 1
| #define HAVE_NET_IF_H 1
| #define HAVE_NETINET_IN_H 1
| #define HAVE_SYS_UN_H 1
| #define HAVE_LINUX_TCP_H 1
| #define HAVE_NETINET_TCP_H 1
| #define HAVE_NETINET_UDP_H 1
| #define HAVE_NETDB_H 1
| #define HAVE_SYS_PARAM_H 1
| #define HAVE_TERMIOS_H 1
| #define HAVE_FCNTL_H 1
| #define HAVE_PWD_H 1
| #define HAVE_UTIME_H 1
| #define HAVE_SYS_POLL_H 1
| #define HAVE_POLL_H 1
| #define HAVE_SYS_RESOURCE_H 1
| #define HAVE_LIBGEN_H 1
| #define HAVE_LOCALE_H 1
| #define HAVE_STDBOOL_H 1
| #define HAVE_SYS_EVENTFD_H 1
| #define HAVE_SYS_TYPES_H 1
| #define HAVE_STRUCT_TIMEVAL 1
| #define SIZEOF_SIZE_T 8
| #define SIZEOF_LONG 8
| #define SIZEOF_INT 4
| #define SIZEOF_TIME_T 8
| #define SIZEOF_OFF_T 8
| #define SIZEOF_CURL_OFF_T 8
| /* end confdefs.h.  */
| 
| 
|         #include <sys/types.h>
| 
| #include <curl/curl.h>
| 
| 
| int main(void)
| {
| 
|         switch(0) {
|         case 0:
|         case (sizeof(curl_socket_t) == 8):;
|         }
| 
|   return 0;
| }
| 
configure:39814: musl-gcc -fno-link-libatomic -idirafter /home/ildar/kyronix-ports/net/curl/kernel-headers -c -Werror-implicit-function-declaration -O2 -Wno-system-headers -I../include  -D_GNU_SOURCE -I/home/ildar/kyronix-ports/libs/openssl/stage/usr/include conftest.c >&5
configure:39814: $? = 0
configure:39832: result: 4
configure:39847: checking for ssize_t
configure:39847: musl-gcc -fno-link-libatomic -idirafter /home/ildar/kyronix-ports/net/curl/kernel-headers -c -Werror-implicit-function-declaration -O2 -Wno-system-headers  -D_GNU_SOURCE -I/home/ildar/kyronix-ports/libs/openssl/stage/usr/include conftest.c >&5
configure:39847: $? = 0
configure:39847: musl-gcc -fno-link-libatomic -idirafter /home/ildar/kyronix-ports/net/curl/kernel-headers -c -Werror-implicit-function-declaration -O2 -Wno-system-headers  -D_GNU_SOURCE -I/home/ildar/kyronix-ports/libs/openssl/stage/usr/include conftest.c >&5
conftest.c: In function 'main':
conftest.c:113:22: error: expected expression before ')' token
  113 | if (sizeof ((ssize_t)))
      |                      ^
configure:39847: $? = 1
configure: failed program was:
| /* confdefs.h */
| #define PACKAGE_NAME "curl"
| #define PACKAGE_TARNAME "curl"
| #define PACKAGE_VERSION "-"
| #define PACKAGE_STRING "curl -"
| #define PACKAGE_BUGREPORT "a suitable curl mailing list: https://curl.se/mail/"
| #define PACKAGE_URL ""
| #define HAVE_STDIO_H 1
| #define HAVE_STDLIB_H 1
| #define HAVE_STRING_H 1
| #define HAVE_INTTYPES_H 1
| #define HAVE_STDINT_H 1
| #define HAVE_STRINGS_H 1
| #define HAVE_SYS_STAT_H 1
| #define HAVE_SYS_TYPES_H 1
| #define HAVE_UNISTD_H 1
| #define STDC_HEADERS 1
| #define HAVE_STDATOMIC_H 1
| #define HAVE_ATOMIC 1
| #define PACKAGE "curl"
| #define VERSION "-"
| #define CURL_OS "x86_64-pc-linux-musl"
| #define HAVE_DLFCN_H 1
| #define LT_OBJDIR ".libs/"
| #define CURL_DISABLE_LDAP 1
| #define CURL_DISABLE_LDAPS 1
| #define HAVE_SYS_TYPES_H 1
| #define HAVE_CLOCK_GETTIME_MONOTONIC 1
| #define HAVE_SYS_TYPES_H 1
| #define HAVE_CLOCK_GETTIME_MONOTONIC_RAW 1
| #define USE_IPV6 1
| #define HAVE_SOCKADDR_IN6_SIN6_SCOPE_ID 1
| #define HAVE_WRITABLE_ARGV 1
| #define HAVE_LIBSSL 1
| #define HAVE_OPENSSL_RSA_H 1
| #define USE_OPENSSL 1
| #define HAVE_OPENSSL_CRYPTO_H 1
| #define USE_OPENSSL 1
| #define HAVE_OPENSSL_PEM_H 1
| #define USE_OPENSSL 1
| #define HAVE_OPENSSL_SSL_H 1
| #define USE_OPENSSL 1
| #define HAVE_OPENSSL_ERR_H 1
| #define USE_OPENSSL 1
| #define HAVE_SSL_SET_QUIC_TLS_CBS 1
| #define HAVE_DES_ECB_ENCRYPT 1
| #define HAVE_OPENSSL_SRP 1
| #define CURL_CA_BUNDLE "/etc/ssl/cert.pem"
| #define HAVE_SYS_TYPES_H 1
| #define HAVE_SYS_SELECT_H 1
| #define HAVE_SYS_IOCTL_H 1
| #define HAVE_UNISTD_H 1
| #define HAVE_ARPA_INET_H 1
| #define HAVE_NET_IF_H 1
| #define HAVE_NETINET_IN_H 1
| #define HAVE_SYS_UN_H 1
| #define HAVE_LINUX_TCP_H 1
| #define HAVE_NETINET_TCP_H 1
| #define HAVE_NETINET_UDP_H 1
| #define HAVE_NETDB_H 1
| #define HAVE_SYS_PARAM_H 1
| #define HAVE_TERMIOS_H 1
| #define HAVE_FCNTL_H 1
| #define HAVE_PWD_H 1
| #define HAVE_UTIME_H 1
| #define HAVE_SYS_POLL_H 1
| #define HAVE_POLL_H 1
| #define HAVE_SYS_RESOURCE_H 1
| #define HAVE_LIBGEN_H 1
| #define HAVE_LOCALE_H 1
| #define HAVE_STDBOOL_H 1
| #define HAVE_SYS_EVENTFD_H 1
| #define HAVE_SYS_TYPES_H 1
| #define HAVE_STRUCT_TIMEVAL 1
| #define SIZEOF_SIZE_T 8
| #define SIZEOF_LONG 8
| #define SIZEOF_INT 4
| #define SIZEOF_TIME_T 8
| #define SIZEOF_OFF_T 8
| #define SIZEOF_CURL_OFF_T 8
| #define SIZEOF_CURL_SOCKET_T 4
| /* end confdefs.h.  */
| #include <stddef.h>
| #ifdef HAVE_STDIO_H
| # include <stdio.h>
| #endif
| #ifdef HAVE_STDLIB_H
| # include <stdlib.h>
| #endif
| #ifdef HAVE_STRING_H
| # include <string.h>
| #endif
| #ifdef HAVE_INTTYPES_H
| # include <inttypes.h>
| #endif
| #ifdef HAVE_STDINT_H
| # include <stdint.h>
| #endif
| #ifdef HAVE_STRINGS_H
| # include <strings.h>
| #endif
| #ifdef HAVE_SYS_TYPES_H
| # include <sys/types.h>
| #endif
| #ifdef HAVE_SYS_STAT_H
| # include <sys/stat.h>
| #endif
| #ifdef HAVE_UNISTD_H
| # include <unistd.h>
| #endif
| int main(void)
| {
| if (sizeof ((ssize_t)))
| 	    return 0;
|   return 0;
| }
configure:39847: result: yes
configure:39858: checking for bool
configure:39858: musl-gcc -fno-link-libatomic -idirafter /home/ildar/kyronix-ports/net/curl/kernel-headers -c -Werror-implicit-function-declaration -O2 -Wno-system-headers  -D_GNU_SOURCE -I/home/ildar/kyronix-ports/libs/openssl/stage/usr/include conftest.c >&5
configure:39858: $? = 0
configure:39858: musl-gcc -fno-link-libatomic -idirafter /home/ildar/kyronix-ports/net/curl/kernel-headers -c -Werror-implicit-function-declaration -O2 -Wno-system-headers  -D_GNU_SOURCE -I/home/ildar/kyronix-ports/libs/openssl/stage/usr/include conftest.c >&5
conftest.c: In function 'main':
conftest.c:94:19: error: expected expression before ')' token
   94 | if (sizeof ((bool)))
      |                   ^
configure:39858: $? = 1
configure: failed program was:
| /* confdefs.h */
| #define PACKAGE_NAME "curl"
| #define PACKAGE_TARNAME "curl"
| #define PACKAGE_VERSION "-"
| #define PACKAGE_STRING "curl -"
| #define PACKAGE_BUGREPORT "a suitable curl mailing list: https://curl.se/mail/"
| #define PACKAGE_URL ""
| #define HAVE_STDIO_H 1
| #define HAVE_STDLIB_H 1
| #define HAVE_STRING_H 1
| #define HAVE_INTTYPES_H 1
| #define HAVE_STDINT_H 1
| #define HAVE_STRINGS_H 1
| #define HAVE_SYS_STAT_H 1
| #define HAVE_SYS_TYPES_H 1
| #define HAVE_UNISTD_H 1
| #define STDC_HEADERS 1
| #define HAVE_STDATOMIC_H 1
| #define HAVE_ATOMIC 1
| #define PACKAGE "curl"
| #define VERSION "-"
| #define CURL_OS "x86_64-pc-linux-musl"
| #define HAVE_DLFCN_H 1
| #define LT_OBJDIR ".libs/"
| #define CURL_DISABLE_LDAP 1
| #define CURL_DISABLE_LDAPS 1
| #define HAVE_SYS_TYPES_H 1
| #define HAVE_CLOCK_GETTIME_MONOTONIC 1
| #define HAVE_SYS_TYPES_H 1
| #define HAVE_CLOCK_GETTIME_MONOTONIC_RAW 1
| #define USE_IPV6 1
| #define HAVE_SOCKADDR_IN6_SIN6_SCOPE_ID 1
| #define HAVE_WRITABLE_ARGV 1
| #define HAVE_LIBSSL 1
| #define HAVE_OPENSSL_RSA_H 1
| #define USE_OPENSSL 1
| #define HAVE_OPENSSL_CRYPTO_H 1
| #define USE_OPENSSL 1
| #define HAVE_OPENSSL_PEM_H 1
| #define USE_OPENSSL 1
| #define HAVE_OPENSSL_SSL_H 1
| #define USE_OPENSSL 1
| #define HAVE_OPENSSL_ERR_H 1
| #define USE_OPENSSL 1
| #define HAVE_SSL_SET_QUIC_TLS_CBS 1
| #define HAVE_DES_ECB_ENCRYPT 1
| #define HAVE_OPENSSL_SRP 1
| #define CURL_CA_BUNDLE "/etc/ssl/cert.pem"
| #define HAVE_SYS_TYPES_H 1
| #define HAVE_SYS_SELECT_H 1
| #define HAVE_SYS_IOCTL_H 1
| #define HAVE_UNISTD_H 1
| #define HAVE_ARPA_INET_H 1
| #define HAVE_NET_IF_H 1
| #define HAVE_NETINET_IN_H 1
| #define HAVE_SYS_UN_H 1
| #define HAVE_LINUX_TCP_H 1
| #define HAVE_NETINET_TCP_H 1
| #define HAVE_NETINET_UDP_H 1
| #define HAVE_NETDB_H 1
| #define HAVE_SYS_PARAM_H 1
| #define HAVE_TERMIOS_H 1
| #define HAVE_FCNTL_H 1
| #define HAVE_PWD_H 1
| #define HAVE_UTIME_H 1
| #define HAVE_SYS_POLL_H 1
| #define HAVE_POLL_H 1
| #define HAVE_SYS_RESOURCE_H 1
| #define HAVE_LIBGEN_H 1
| #define HAVE_LOCALE_H 1
| #define HAVE_STDBOOL_H 1
| #define HAVE_SYS_EVENTFD_H 1
| #define HAVE_SYS_TYPES_H 1
| #define HAVE_STRUCT_TIMEVAL 1
| #define SIZEOF_SIZE_T 8
| #define SIZEOF_LONG 8
| #define SIZEOF_INT 4
| #define SIZEOF_TIME_T 8
| #define SIZEOF_OFF_T 8
| #define SIZEOF_CURL_OFF_T 8
| #define SIZEOF_CURL_SOCKET_T 4
| /* end confdefs.h.  */
| 
| #ifdef HAVE_SYS_TYPES_H
| #include <sys/types.h>
| #endif
| #ifdef HAVE_STDBOOL_H
| #include <stdbool.h>
| #endif
| 
| 
| int main(void)
| {
| if (sizeof ((bool)))
| 	    return 0;
|   return 0;
| }
configure:39858: result: yes
configure:39878: checking for sa_family_t
configure:39878: musl-gcc -fno-link-libatomic -idirafter /home/ildar/kyronix-ports/net/curl/kernel-headers -c -Werror-implicit-function-declaration -O2 -Wno-system-headers  -D_GNU_SOURCE -I/home/ildar/kyronix-ports/libs/openssl/stage/usr/include conftest.c >&5
configure:39878: $? = 0
configure:39878: musl-gcc -fno-link-libatomic -idirafter /home/ildar/kyronix-ports/net/curl/kernel-headers -c -Werror-implicit-function-declaration -O2 -Wno-system-headers  -D_GNU_SOURCE -I/home/ildar/kyronix-ports/libs/openssl/stage/usr/include conftest.c >&5
conftest.c: In function 'main':
conftest.c:90:26: error: expected expression before ')' token
   90 | if (sizeof ((sa_family_t)))
      |                          ^
configure:39878: $? = 1
configure: failed program was:
| /* confdefs.h */
| #define PACKAGE_NAME "curl"
| #define PACKAGE_TARNAME "curl"
| #define PACKAGE_VERSION "-"
| #define PACKAGE_STRING "curl -"
| #define PACKAGE_BUGREPORT "a suitable curl mailing list: https://curl.se/mail/"
| #define PACKAGE_URL ""
| #define HAVE_STDIO_H 1
| #define HAVE_STDLIB_H 1
| #define HAVE_STRING_H 1
| #define HAVE_INTTYPES_H 1
| #define HAVE_STDINT_H 1
| #define HAVE_STRINGS_H 1
| #define HAVE_SYS_STAT_H 1
| #define HAVE_SYS_TYPES_H 1
| #define HAVE_UNISTD_H 1
| #define STDC_HEADERS 1
| #define HAVE_STDATOMIC_H 1
| #define HAVE_ATOMIC 1
| #define PACKAGE "curl"
| #define VERSION "-"
| #define CURL_OS "x86_64-pc-linux-musl"
| #define HAVE_DLFCN_H 1
| #define LT_OBJDIR ".libs/"
| #define CURL_DISABLE_LDAP 1
| #define CURL_DISABLE_LDAPS 1
| #define HAVE_SYS_TYPES_H 1
| #define HAVE_CLOCK_GETTIME_MONOTONIC 1
| #define HAVE_SYS_TYPES_H 1
| #define HAVE_CLOCK_GETTIME_MONOTONIC_RAW 1
| #define USE_IPV6 1
| #define HAVE_SOCKADDR_IN6_SIN6_SCOPE_ID 1
| #define HAVE_WRITABLE_ARGV 1
| #define HAVE_LIBSSL 1
| #define HAVE_OPENSSL_RSA_H 1
| #define USE_OPENSSL 1
| #define HAVE_OPENSSL_CRYPTO_H 1
| #define USE_OPENSSL 1
| #define HAVE_OPENSSL_PEM_H 1
| #define USE_OPENSSL 1
| #define HAVE_OPENSSL_SSL_H 1
| #define USE_OPENSSL 1
| #define HAVE_OPENSSL_ERR_H 1
| #define USE_OPENSSL 1
| #define HAVE_SSL_SET_QUIC_TLS_CBS 1
| #define HAVE_DES_ECB_ENCRYPT 1
| #define HAVE_OPENSSL_SRP 1
| #define CURL_CA_BUNDLE "/etc/ssl/cert.pem"
| #define HAVE_SYS_TYPES_H 1
| #define HAVE_SYS_SELECT_H 1
| #define HAVE_SYS_IOCTL_H 1
| #define HAVE_UNISTD_H 1
| #define HAVE_ARPA_INET_H 1
| #define HAVE_NET_IF_H 1
| #define HAVE_NETINET_IN_H 1
| #define HAVE_SYS_UN_H 1
| #define HAVE_LINUX_TCP_H 1
| #define HAVE_NETINET_TCP_H 1
| #define HAVE_NETINET_UDP_H 1
| #define HAVE_NETDB_H 1
| #define HAVE_SYS_PARAM_H 1
| #define HAVE_TERMIOS_H 1
| #define HAVE_FCNTL_H 1
| #define HAVE_PWD_H 1
| #define HAVE_UTIME_H 1
| #define HAVE_SYS_POLL_H 1
| #define HAVE_POLL_H 1
| #define HAVE_SYS_RESOURCE_H 1
| #define HAVE_LIBGEN_H 1
| #define HAVE_LOCALE_H 1
| #define HAVE_STDBOOL_H 1
| #define HAVE_SYS_EVENTFD_H 1
| #define HAVE_SYS_TYPES_H 1
| #define HAVE_STRUCT_TIMEVAL 1
| #define SIZEOF_SIZE_T 8
| #define SIZEOF_LONG 8
| #define SIZEOF_INT 4
| #define SIZEOF_TIME_T 8
| #define SIZEOF_OFF_T 8
| #define SIZEOF_CURL_OFF_T 8
| #define SIZEOF_CURL_SOCKET_T 4
| #define HAVE_BOOL_T 1
| /* end confdefs.h.  */
| 
|   #include <sys/socket.h>
| 
| 
| int main(void)
| {
| if (sizeof ((sa_family_t)))
| 	    return 0;
|   return 0;
| }
configure:39878: result: yes
configure:39891: checking for suseconds_t
configure:39891: musl-gcc -fno-link-libatomic -idirafter /home/ildar/kyronix-ports/net/curl/kernel-headers -c -Werror-implicit-function-declaration -O2 -Wno-system-headers  -D_GNU_SOURCE -I/home/ildar/kyronix-ports/libs/openssl/stage/usr/include conftest.c >&5
configure:39891: $? = 0
configure:39891: musl-gcc -fno-link-libatomic -idirafter /home/ildar/kyronix-ports/net/curl/kernel-headers -c -Werror-implicit-function-declaration -O2 -Wno-system-headers  -D_GNU_SOURCE -I/home/ildar/kyronix-ports/libs/openssl/stage/usr/include conftest.c >&5
conftest.c: In function 'main':
conftest.c:96:26: error: expected expression before ')' token
   96 | if (sizeof ((suseconds_t)))
      |                          ^
configure:39891: $? = 1
configure: failed program was:
| /* confdefs.h */
| #define PACKAGE_NAME "curl"
| #define PACKAGE_TARNAME "curl"
| #define PACKAGE_VERSION "-"
| #define PACKAGE_STRING "curl -"
| #define PACKAGE_BUGREPORT "a suitable curl mailing list: https://curl.se/mail/"
| #define PACKAGE_URL ""
| #define HAVE_STDIO_H 1
| #define HAVE_STDLIB_H 1
| #define HAVE_STRING_H 1
| #define HAVE_INTTYPES_H 1
| #define HAVE_STDINT_H 1
| #define HAVE_STRINGS_H 1
| #define HAVE_SYS_STAT_H 1
| #define HAVE_SYS_TYPES_H 1
| #define HAVE_UNISTD_H 1
| #define STDC_HEADERS 1
| #define HAVE_STDATOMIC_H 1
| #define HAVE_ATOMIC 1
| #define PACKAGE "curl"
| #define VERSION "-"
| #define CURL_OS "x86_64-pc-linux-musl"
| #define HAVE_DLFCN_H 1
| #define LT_OBJDIR ".libs/"
| #define CURL_DISABLE_LDAP 1
| #define CURL_DISABLE_LDAPS 1
| #define HAVE_SYS_TYPES_H 1
| #define HAVE_CLOCK_GETTIME_MONOTONIC 1
| #define HAVE_SYS_TYPES_H 1
| #define HAVE_CLOCK_GETTIME_MONOTONIC_RAW 1
| #define USE_IPV6 1
| #define HAVE_SOCKADDR_IN6_SIN6_SCOPE_ID 1
| #define HAVE_WRITABLE_ARGV 1
| #define HAVE_LIBSSL 1
| #define HAVE_OPENSSL_RSA_H 1
| #define USE_OPENSSL 1
| #define HAVE_OPENSSL_CRYPTO_H 1
| #define USE_OPENSSL 1
| #define HAVE_OPENSSL_PEM_H 1
| #define USE_OPENSSL 1
| #define HAVE_OPENSSL_SSL_H 1
| #define USE_OPENSSL 1
| #define HAVE_OPENSSL_ERR_H 1
| #define USE_OPENSSL 1
| #define HAVE_SSL_SET_QUIC_TLS_CBS 1
| #define HAVE_DES_ECB_ENCRYPT 1
| #define HAVE_OPENSSL_SRP 1
| #define CURL_CA_BUNDLE "/etc/ssl/cert.pem"
| #define HAVE_SYS_TYPES_H 1
| #define HAVE_SYS_SELECT_H 1
| #define HAVE_SYS_IOCTL_H 1
| #define HAVE_UNISTD_H 1
| #define HAVE_ARPA_INET_H 1
| #define HAVE_NET_IF_H 1
| #define HAVE_NETINET_IN_H 1
| #define HAVE_SYS_UN_H 1
| #define HAVE_LINUX_TCP_H 1
| #define HAVE_NETINET_TCP_H 1
| #define HAVE_NETINET_UDP_H 1
| #define HAVE_NETDB_H 1
| #define HAVE_SYS_PARAM_H 1
| #define HAVE_TERMIOS_H 1
| #define HAVE_FCNTL_H 1
| #define HAVE_PWD_H 1
| #define HAVE_UTIME_H 1
| #define HAVE_SYS_POLL_H 1
| #define HAVE_POLL_H 1
| #define HAVE_SYS_RESOURCE_H 1
| #define HAVE_LIBGEN_H 1
| #define HAVE_LOCALE_H 1
| #define HAVE_STDBOOL_H 1
| #define HAVE_SYS_EVENTFD_H 1
| #define HAVE_SYS_TYPES_H 1
| #define HAVE_STRUCT_TIMEVAL 1
| #define SIZEOF_SIZE_T 8
| #define SIZEOF_LONG 8
| #define SIZEOF_INT 4
| #define SIZEOF_TIME_T 8
| #define SIZEOF_OFF_T 8
| #define SIZEOF_CURL_OFF_T 8
| #define SIZEOF_CURL_SOCKET_T 4
| #define HAVE_BOOL_T 1
| #define HAVE_SA_FAMILY_T 1
| /* end confdefs.h.  */
| 
| #ifdef HAVE_SYS_TYPES_H
| #include <sys/types.h>
| #endif
| #ifndef _WIN32
| #include <sys/time.h>
| #endif
| 
| 
| int main(void)
| {
| if (sizeof ((suseconds_t)))
| 	    return 0;
|   return 0;
| }
configure:39891: result: yes
configure:39917: checking if time_t is unsigned
configure:39976: sh ./run-compiler -o conftest -Werror-implicit-function-declaration -O2 -Wno-system-headers  -D_GNU_SOURCE -I/home/ildar/kyronix-ports/libs/openssl/stage/usr/include  -L/home/ildar/kyronix-ports/libs/openssl/stage/usr/lib64 conftest.c -lssl -lcrypto -lssl -lcrypto  >&5
configure:39976: $? = 0
configure:39976: ./conftest
configure:39976: $? = 1
configure: program exited with status 1
configure: failed program was:
| /* confdefs.h */
| #define PACKAGE_NAME "curl"
| #define PACKAGE_TARNAME "curl"
| #define PACKAGE_VERSION "-"
| #define PACKAGE_STRING "curl -"
| #define PACKAGE_BUGREPORT "a suitable curl mailing list: https://curl.se/mail/"
| #define PACKAGE_URL ""
| #define HAVE_STDIO_H 1
| #define HAVE_STDLIB_H 1
| #define HAVE_STRING_H 1
| #define HAVE_INTTYPES_H 1
| #define HAVE_STDINT_H 1
| #define HAVE_STRINGS_H 1
| #define HAVE_SYS_STAT_H 1
| #define HAVE_SYS_TYPES_H 1
| #define HAVE_UNISTD_H 1
| #define STDC_HEADERS 1
| #define HAVE_STDATOMIC_H 1
| #define HAVE_ATOMIC 1
| #define PACKAGE "curl"
| #define VERSION "-"
| #define CURL_OS "x86_64-pc-linux-musl"
| #define HAVE_DLFCN_H 1
| #define LT_OBJDIR ".libs/"
| #define CURL_DISABLE_LDAP 1
| #define CURL_DISABLE_LDAPS 1
| #define HAVE_SYS_TYPES_H 1
| #define HAVE_CLOCK_GETTIME_MONOTONIC 1
| #define HAVE_SYS_TYPES_H 1
| #define HAVE_CLOCK_GETTIME_MONOTONIC_RAW 1
| #define USE_IPV6 1
| #define HAVE_SOCKADDR_IN6_SIN6_SCOPE_ID 1
| #define HAVE_WRITABLE_ARGV 1
| #define HAVE_LIBSSL 1
| #define HAVE_OPENSSL_RSA_H 1
| #define USE_OPENSSL 1
| #define HAVE_OPENSSL_CRYPTO_H 1
| #define USE_OPENSSL 1
| #define HAVE_OPENSSL_PEM_H 1
| #define USE_OPENSSL 1
| #define HAVE_OPENSSL_SSL_H 1
| #define USE_OPENSSL 1
| #define HAVE_OPENSSL_ERR_H 1
| #define USE_OPENSSL 1
| #define HAVE_SSL_SET_QUIC_TLS_CBS 1
| #define HAVE_DES_ECB_ENCRYPT 1
| #define HAVE_OPENSSL_SRP 1
| #define CURL_CA_BUNDLE "/etc/ssl/cert.pem"
| #define HAVE_SYS_TYPES_H 1
| #define HAVE_SYS_SELECT_H 1
| #define HAVE_SYS_IOCTL_H 1
| #define HAVE_UNISTD_H 1
| #define HAVE_ARPA_INET_H 1
| #define HAVE_NET_IF_H 1
| #define HAVE_NETINET_IN_H 1
| #define HAVE_SYS_UN_H 1
| #define HAVE_LINUX_TCP_H 1
| #define HAVE_NETINET_TCP_H 1
| #define HAVE_NETINET_UDP_H 1
| #define HAVE_NETDB_H 1
| #define HAVE_SYS_PARAM_H 1
| #define HAVE_TERMIOS_H 1
| #define HAVE_FCNTL_H 1
| #define HAVE_PWD_H 1
| #define HAVE_UTIME_H 1
| #define HAVE_SYS_POLL_H 1
| #define HAVE_POLL_H 1
| #define HAVE_SYS_RESOURCE_H 1
| #define HAVE_LIBGEN_H 1
| #define HAVE_LOCALE_H 1
| #define HAVE_STDBOOL_H 1
| #define HAVE_SYS_EVENTFD_H 1
| #define HAVE_SYS_TYPES_H 1
| #define HAVE_STRUCT_TIMEVAL 1
| #define SIZEOF_SIZE_T 8
| #define SIZEOF_LONG 8
| #define SIZEOF_INT 4
| #define SIZEOF_TIME_T 8
| #define SIZEOF_OFF_T 8
| #define SIZEOF_CURL_OFF_T 8
| #define SIZEOF_CURL_SOCKET_T 4
| #define HAVE_BOOL_T 1
| #define HAVE_SA_FAMILY_T 1
| #define HAVE_SUSECONDS_T 1
| /* end confdefs.h.  */
| 
|       #include <time.h>
|       int main(void) {
|         time_t t = -1;
|         return t < 0;
|       }
| 
configure:39985: result: no
configure:40002: checking for struct sockaddr_storage
configure:40002: musl-gcc -fno-link-libatomic -idirafter /home/ildar/kyronix-ports/net/curl/kernel-headers -c -Werror-implicit-function-declaration -O2 -Wno-system-headers  -D_GNU_SOURCE -I/home/ildar/kyronix-ports/libs/openssl/stage/usr/include conftest.c >&5
configure:40002: $? = 0
configure:40002: musl-gcc -fno-link-libatomic -idirafter /home/ildar/kyronix-ports/net/curl/kernel-headers -c -Werror-implicit-function-declaration -O2 -Wno-system-headers  -D_GNU_SOURCE -I/home/ildar/kyronix-ports/libs/openssl/stage/usr/include conftest.c >&5
conftest.c: In function 'main':
conftest.c:109:38: error: expected expression before ')' token
  109 | if (sizeof ((struct sockaddr_storage)))
      |                                      ^
configure:40002: $? = 1
configure: failed program was:
| /* confdefs.h */
| #define PACKAGE_NAME "curl"
| #define PACKAGE_TARNAME "curl"
| #define PACKAGE_VERSION "-"
| #define PACKAGE_STRING "curl -"
| #define PACKAGE_BUGREPORT "a suitable curl mailing list: https://curl.se/mail/"
| #define PACKAGE_URL ""
| #define HAVE_STDIO_H 1
| #define HAVE_STDLIB_H 1
| #define HAVE_STRING_H 1
| #define HAVE_INTTYPES_H 1
| #define HAVE_STDINT_H 1
| #define HAVE_STRINGS_H 1
| #define HAVE_SYS_STAT_H 1
| #define HAVE_SYS_TYPES_H 1
| #define HAVE_UNISTD_H 1
| #define STDC_HEADERS 1
| #define HAVE_STDATOMIC_H 1
| #define HAVE_ATOMIC 1
| #define PACKAGE "curl"
| #define VERSION "-"
| #define CURL_OS "x86_64-pc-linux-musl"
| #define HAVE_DLFCN_H 1
| #define LT_OBJDIR ".libs/"
| #define CURL_DISABLE_LDAP 1
| #define CURL_DISABLE_LDAPS 1
| #define HAVE_SYS_TYPES_H 1
| #define HAVE_CLOCK_GETTIME_MONOTONIC 1
| #define HAVE_SYS_TYPES_H 1
| #define HAVE_CLOCK_GETTIME_MONOTONIC_RAW 1
| #define USE_IPV6 1
| #define HAVE_SOCKADDR_IN6_SIN6_SCOPE_ID 1
| #define HAVE_WRITABLE_ARGV 1
| #define HAVE_LIBSSL 1
| #define HAVE_OPENSSL_RSA_H 1
| #define USE_OPENSSL 1
| #define HAVE_OPENSSL_CRYPTO_H 1
| #define USE_OPENSSL 1
| #define HAVE_OPENSSL_PEM_H 1
| #define USE_OPENSSL 1
| #define HAVE_OPENSSL_SSL_H 1
| #define USE_OPENSSL 1
| #define HAVE_OPENSSL_ERR_H 1
| #define USE_OPENSSL 1
| #define HAVE_SSL_SET_QUIC_TLS_CBS 1
| #define HAVE_DES_ECB_ENCRYPT 1
| #define HAVE_OPENSSL_SRP 1
| #define CURL_CA_BUNDLE "/etc/ssl/cert.pem"
| #define HAVE_SYS_TYPES_H 1
| #define HAVE_SYS_SELECT_H 1
| #define HAVE_SYS_IOCTL_H 1
| #define HAVE_UNISTD_H 1
| #define HAVE_ARPA_INET_H 1
| #define HAVE_NET_IF_H 1
| #define HAVE_NETINET_IN_H 1
| #define HAVE_SYS_UN_H 1
| #define HAVE_LINUX_TCP_H 1
| #define HAVE_NETINET_TCP_H 1
| #define HAVE_NETINET_UDP_H 1
| #define HAVE_NETDB_H 1
| #define HAVE_SYS_PARAM_H 1
| #define HAVE_TERMIOS_H 1
| #define HAVE_FCNTL_H 1
| #define HAVE_PWD_H 1
| #define HAVE_UTIME_H 1
| #define HAVE_SYS_POLL_H 1
| #define HAVE_POLL_H 1
| #define HAVE_SYS_RESOURCE_H 1
| #define HAVE_LIBGEN_H 1
| #define HAVE_LOCALE_H 1
| #define HAVE_STDBOOL_H 1
| #define HAVE_SYS_EVENTFD_H 1
| #define HAVE_SYS_TYPES_H 1
| #define HAVE_STRUCT_TIMEVAL 1
| #define SIZEOF_SIZE_T 8
| #define SIZEOF_LONG 8
| #define SIZEOF_INT 4
| #define SIZEOF_TIME_T 8
| #define SIZEOF_OFF_T 8
| #define SIZEOF_CURL_OFF_T 8
| #define SIZEOF_CURL_SOCKET_T 4
| #define HAVE_BOOL_T 1
| #define HAVE_SA_FAMILY_T 1
| #define HAVE_SUSECONDS_T 1
| /* end confdefs.h.  */
| 
|      #undef inline
|      #ifdef _WIN32
|      #ifndef WIN32_LEAN_AND_MEAN
|      #define WIN32_LEAN_AND_MEAN
|      #endif
|      #include <winsock2.h>
|      #else
|      #ifdef HAVE_SYS_TYPES_H
|      #include <sys/types.h>
|      #endif
|      #include <sys/socket.h>
|      #ifdef HAVE_NETINET_IN_H
|      #include <netinet/in.h>
|      #endif
|      #ifdef HAVE_ARPA_INET_H
|      #include <arpa/inet.h>
|      #endif
|      #endif
| 
| 
| int main(void)
| {
| if (sizeof ((struct sockaddr_storage)))
| 	    return 0;
|   return 0;
| }
configure:40002: result: yes
configure:40035: checking for sys/select.h
configure:40035: result: yes
configure:40043: checking for select
configure:40081: musl-gcc -fno-link-libatomic -idirafter /home/ildar/kyronix-ports/net/curl/kernel-headers -o conftest -Werror-implicit-function-declaration -O2 -Wno-system-headers  -D_GNU_SOURCE -I/home/ildar/kyronix-ports/libs/openssl/stage/usr/include  -L/home/ildar/kyronix-ports/libs/openssl/stage/usr/lib64 conftest.c -lssl -lcrypto -lssl -lcrypto  >&5
configure:40081: $? = 0
configure:40084: result: yes
configure:40109: checking for sys/types.h
configure:40109: result: yes
configure:40117: checking for recv
configure:40146: musl-gcc -fno-link-libatomic -idirafter /home/ildar/kyronix-ports/net/curl/kernel-headers -o conftest -Werror-implicit-function-declaration -O2 -Wno-system-headers  -D_GNU_SOURCE -I/home/ildar/kyronix-ports/libs/openssl/stage/usr/include  -L/home/ildar/kyronix-ports/libs/openssl/stage/usr/lib64 conftest.c -lssl -lcrypto -lssl -lcrypto  >&5
configure:40146: $? = 0
configure:40149: result: yes
configure:40175: checking for sys/types.h
configure:40175: result: yes
configure:40183: checking for send
configure:40213: musl-gcc -fno-link-libatomic -idirafter /home/ildar/kyronix-ports/net/curl/kernel-headers -o conftest -Werror-implicit-function-declaration -O2 -Wno-system-headers  -D_GNU_SOURCE -I/home/ildar/kyronix-ports/libs/openssl/stage/usr/include  -L/home/ildar/kyronix-ports/libs/openssl/stage/usr/lib64 conftest.c -lssl -lcrypto -lssl -lcrypto  >&5
configure:40213: $? = 0
configure:40216: result: yes
configure:40250: checking for sys/types.h
configure:40250: result: yes
configure:40257: checking for unistd.h
configure:40257: result: yes
configure:40274: checking if alarm can be linked
configure:40302: musl-gcc -fno-link-libatomic -idirafter /home/ildar/kyronix-ports/net/curl/kernel-headers -o conftest -Werror-implicit-function-declaration -O2 -Wno-system-headers  -D_GNU_SOURCE -I/home/ildar/kyronix-ports/libs/openssl/stage/usr/include  -L/home/ildar/kyronix-ports/libs/openssl/stage/usr/lib64 conftest.c -lssl -lcrypto -lssl -lcrypto  >&5
configure:40302: $? = 0
configure:40305: result: yes
configure:40320: checking if alarm is prototyped
configure:40332: result: yes
configure:40348: checking if alarm is compilable
configure:40366: musl-gcc -fno-link-libatomic -idirafter /home/ildar/kyronix-ports/net/curl/kernel-headers -c -Werror-implicit-function-declaration -O2 -Wno-system-headers  -D_GNU_SOURCE -I/home/ildar/kyronix-ports/libs/openssl/stage/usr/include conftest.c >&5
configure:40366: $? = 0
configure:40369: result: yes
configure:40384: checking if alarm usage allowed
configure:40387: result: yes
configure:40397: checking if alarm might be used
configure:40403: result: yes
configure:40426: checking for sys/types.h
configure:40426: result: yes
configure:40433: checking for strings.h
configure:40433: result: yes
configure:40452: checking for sys/types.h
configure:40452: result: yes
configure:40459: checking for libgen.h
configure:40459: result: yes
configure:40478: checking if basename can be linked
configure:40506: musl-gcc -fno-link-libatomic -idirafter /home/ildar/kyronix-ports/net/curl/kernel-headers -o conftest -Werror-implicit-function-declaration -O2 -Wno-system-headers  -D_GNU_SOURCE -I/home/ildar/kyronix-ports/libs/openssl/stage/usr/include  -L/home/ildar/kyronix-ports/libs/openssl/stage/usr/lib64 conftest.c -lssl -lcrypto -lssl -lcrypto  >&5
configure:40506: $? = 0
configure:40509: result: yes
configure:40524: checking if basename is prototyped
configure:40538: result: yes
configure:40554: checking if basename is compilable
configure:40574: musl-gcc -fno-link-libatomic -idirafter /home/ildar/kyronix-ports/net/curl/kernel-headers -c -Werror-implicit-function-declaration -O2 -Wno-system-headers  -D_GNU_SOURCE -I/home/ildar/kyronix-ports/libs/openssl/stage/usr/include conftest.c >&5
configure:40574: $? = 0
configure:40577: result: yes
configure:40592: checking if basename usage allowed
configure:40595: result: yes
configure:40605: checking if basename might be used
configure:40611: result: yes
configure:40631: checking if closesocket can be linked
configure:40649: musl-gcc -fno-link-libatomic -idirafter /home/ildar/kyronix-ports/net/curl/kernel-headers -o conftest -Werror-implicit-function-declaration -O2 -Wno-system-headers  -D_GNU_SOURCE -I/home/ildar/kyronix-ports/libs/openssl/stage/usr/include  -L/home/ildar/kyronix-ports/libs/openssl/stage/usr/lib64 conftest.c -lssl -lcrypto -lssl -lcrypto  >&5
conftest.c: In function 'main':
conftest.c:115:10: error: implicit declaration of function 'closesocket' [-Wimplicit-function-declaration]
  115 |       if(closesocket(0))
      |          ^~~~~~~~~~~
configure:40649: $? = 1
configure: failed program was:
| /* confdefs.h */
| #define PACKAGE_NAME "curl"
| #define PACKAGE_TARNAME "curl"
| #define PACKAGE_VERSION "-"
| #define PACKAGE_STRING "curl -"
| #define PACKAGE_BUGREPORT "a suitable curl mailing list: https://curl.se/mail/"
| #define PACKAGE_URL ""
| #define HAVE_STDIO_H 1
| #define HAVE_STDLIB_H 1
| #define HAVE_STRING_H 1
| #define HAVE_INTTYPES_H 1
| #define HAVE_STDINT_H 1
| #define HAVE_STRINGS_H 1
| #define HAVE_SYS_STAT_H 1
| #define HAVE_SYS_TYPES_H 1
| #define HAVE_UNISTD_H 1
| #define STDC_HEADERS 1
| #define HAVE_STDATOMIC_H 1
| #define HAVE_ATOMIC 1
| #define PACKAGE "curl"
| #define VERSION "-"
| #define CURL_OS "x86_64-pc-linux-musl"
| #define HAVE_DLFCN_H 1
| #define LT_OBJDIR ".libs/"
| #define CURL_DISABLE_LDAP 1
| #define CURL_DISABLE_LDAPS 1
| #define HAVE_SYS_TYPES_H 1
| #define HAVE_CLOCK_GETTIME_MONOTONIC 1
| #define HAVE_SYS_TYPES_H 1
| #define HAVE_CLOCK_GETTIME_MONOTONIC_RAW 1
| #define USE_IPV6 1
| #define HAVE_SOCKADDR_IN6_SIN6_SCOPE_ID 1
| #define HAVE_WRITABLE_ARGV 1
| #define HAVE_LIBSSL 1
| #define HAVE_OPENSSL_RSA_H 1
| #define USE_OPENSSL 1
| #define HAVE_OPENSSL_CRYPTO_H 1
| #define USE_OPENSSL 1
| #define HAVE_OPENSSL_PEM_H 1
| #define USE_OPENSSL 1
| #define HAVE_OPENSSL_SSL_H 1
| #define USE_OPENSSL 1
| #define HAVE_OPENSSL_ERR_H 1
| #define USE_OPENSSL 1
| #define HAVE_SSL_SET_QUIC_TLS_CBS 1
| #define HAVE_DES_ECB_ENCRYPT 1
| #define HAVE_OPENSSL_SRP 1
| #define CURL_CA_BUNDLE "/etc/ssl/cert.pem"
| #define HAVE_SYS_TYPES_H 1
| #define HAVE_SYS_SELECT_H 1
| #define HAVE_SYS_IOCTL_H 1
| #define HAVE_UNISTD_H 1
| #define HAVE_ARPA_INET_H 1
| #define HAVE_NET_IF_H 1
| #define HAVE_NETINET_IN_H 1
| #define HAVE_SYS_UN_H 1
| #define HAVE_LINUX_TCP_H 1
| #define HAVE_NETINET_TCP_H 1
| #define HAVE_NETINET_UDP_H 1
| #define HAVE_NETDB_H 1
| #define HAVE_SYS_PARAM_H 1
| #define HAVE_TERMIOS_H 1
| #define HAVE_FCNTL_H 1
| #define HAVE_PWD_H 1
| #define HAVE_UTIME_H 1
| #define HAVE_SYS_POLL_H 1
| #define HAVE_POLL_H 1
| #define HAVE_SYS_RESOURCE_H 1
| #define HAVE_LIBGEN_H 1
| #define HAVE_LOCALE_H 1
| #define HAVE_STDBOOL_H 1
| #define HAVE_SYS_EVENTFD_H 1
| #define HAVE_SYS_TYPES_H 1
| #define HAVE_STRUCT_TIMEVAL 1
| #define SIZEOF_SIZE_T 8
| #define SIZEOF_LONG 8
| #define SIZEOF_INT 4
| #define SIZEOF_TIME_T 8
| #define SIZEOF_OFF_T 8
| #define SIZEOF_CURL_OFF_T 8
| #define SIZEOF_CURL_SOCKET_T 4
| #define HAVE_BOOL_T 1
| #define HAVE_SA_FAMILY_T 1
| #define HAVE_SUSECONDS_T 1
| #define HAVE_STRUCT_SOCKADDR_STORAGE 1
| #define HAVE_SYS_SELECT_H 1
| #define HAVE_SELECT 1
| #define HAVE_SYS_TYPES_H 1
| #define HAVE_RECV 1
| #define HAVE_SYS_TYPES_H 1
| #define HAVE_SEND 1
| #define HAVE_SYS_TYPES_H 1
| #define HAVE_UNISTD_H 1
| #define HAVE_ALARM 1
| #define HAVE_SYS_TYPES_H 1
| #define HAVE_STRINGS_H 1
| #define HAVE_SYS_TYPES_H 1
| #define HAVE_LIBGEN_H 1
| #define HAVE_BASENAME 1
| /* end confdefs.h.  */
| 
| 
|       /* includes start */
| #ifdef _WIN32
| #  ifndef WIN32_LEAN_AND_MEAN
| #  define WIN32_LEAN_AND_MEAN
| #  endif
| #  include <winsock2.h>
| #endif
| /* includes end */
| 
| int main(void)
| {
| 
|       if(closesocket(0))
|         return 1;
| 
|   return 0;
| }
| 
configure:40658: result: no
configure:40744: checking if closesocket might be used
configure:40757: result: no
configure:40772: checking for sys/types.h
configure:40772: result: yes
configure:40789: checking if CloseSocket can be linked
configure:40808: musl-gcc -fno-link-libatomic -idirafter /home/ildar/kyronix-ports/net/curl/kernel-headers -o conftest -Werror-implicit-function-declaration -O2 -Wno-system-headers  -D_GNU_SOURCE -I/home/ildar/kyronix-ports/libs/openssl/stage/usr/include  -L/home/ildar/kyronix-ports/libs/openssl/stage/usr/lib64 conftest.c -lssl -lcrypto -lssl -lcrypto  >&5
conftest.c: In function 'main':
conftest.c:132:10: error: implicit declaration of function 'CloseSocket' [-Wimplicit-function-declaration]
  132 |       if(CloseSocket(0))
      |          ^~~~~~~~~~~
configure:40808: $? = 1
configure: failed program was:
| /* confdefs.h */
| #define PACKAGE_NAME "curl"
| #define PACKAGE_TARNAME "curl"
| #define PACKAGE_VERSION "-"
| #define PACKAGE_STRING "curl -"
| #define PACKAGE_BUGREPORT "a suitable curl mailing list: https://curl.se/mail/"
| #define PACKAGE_URL ""
| #define HAVE_STDIO_H 1
| #define HAVE_STDLIB_H 1
| #define HAVE_STRING_H 1
| #define HAVE_INTTYPES_H 1
| #define HAVE_STDINT_H 1
| #define HAVE_STRINGS_H 1
| #define HAVE_SYS_STAT_H 1
| #define HAVE_SYS_TYPES_H 1
| #define HAVE_UNISTD_H 1
| #define STDC_HEADERS 1
| #define HAVE_STDATOMIC_H 1
| #define HAVE_ATOMIC 1
| #define PACKAGE "curl"
| #define VERSION "-"
| #define CURL_OS "x86_64-pc-linux-musl"
| #define HAVE_DLFCN_H 1
| #define LT_OBJDIR ".libs/"
| #define CURL_DISABLE_LDAP 1
| #define CURL_DISABLE_LDAPS 1
| #define HAVE_SYS_TYPES_H 1
| #define HAVE_CLOCK_GETTIME_MONOTONIC 1
| #define HAVE_SYS_TYPES_H 1
| #define HAVE_CLOCK_GETTIME_MONOTONIC_RAW 1
| #define USE_IPV6 1
| #define HAVE_SOCKADDR_IN6_SIN6_SCOPE_ID 1
| #define HAVE_WRITABLE_ARGV 1
| #define HAVE_LIBSSL 1
| #define HAVE_OPENSSL_RSA_H 1
| #define USE_OPENSSL 1
| #define HAVE_OPENSSL_CRYPTO_H 1
| #define USE_OPENSSL 1
| #define HAVE_OPENSSL_PEM_H 1
| #define USE_OPENSSL 1
| #define HAVE_OPENSSL_SSL_H 1
| #define USE_OPENSSL 1
| #define HAVE_OPENSSL_ERR_H 1
| #define USE_OPENSSL 1
| #define HAVE_SSL_SET_QUIC_TLS_CBS 1
| #define HAVE_DES_ECB_ENCRYPT 1
| #define HAVE_OPENSSL_SRP 1
| #define CURL_CA_BUNDLE "/etc/ssl/cert.pem"
| #define HAVE_SYS_TYPES_H 1
| #define HAVE_SYS_SELECT_H 1
| #define HAVE_SYS_IOCTL_H 1
| #define HAVE_UNISTD_H 1
| #define HAVE_ARPA_INET_H 1
| #define HAVE_NET_IF_H 1
| #define HAVE_NETINET_IN_H 1
| #define HAVE_SYS_UN_H 1
| #define HAVE_LINUX_TCP_H 1
| #define HAVE_NETINET_TCP_H 1
| #define HAVE_NETINET_UDP_H 1
| #define HAVE_NETDB_H 1
| #define HAVE_SYS_PARAM_H 1
| #define HAVE_TERMIOS_H 1
| #define HAVE_FCNTL_H 1
| #define HAVE_PWD_H 1
| #define HAVE_UTIME_H 1
| #define HAVE_SYS_POLL_H 1
| #define HAVE_POLL_H 1
| #define HAVE_SYS_RESOURCE_H 1
| #define HAVE_LIBGEN_H 1
| #define HAVE_LOCALE_H 1
| #define HAVE_STDBOOL_H 1
| #define HAVE_SYS_EVENTFD_H 1
| #define HAVE_SYS_TYPES_H 1
| #define HAVE_STRUCT_TIMEVAL 1
| #define SIZEOF_SIZE_T 8
| #define SIZEOF_LONG 8
| #define SIZEOF_INT 4
| #define SIZEOF_TIME_T 8
| #define SIZEOF_OFF_T 8
| #define SIZEOF_CURL_OFF_T 8
| #define SIZEOF_CURL_SOCKET_T 4
| #define HAVE_BOOL_T 1
| #define HAVE_SA_FAMILY_T 1
| #define HAVE_SUSECONDS_T 1
| #define HAVE_STRUCT_SOCKADDR_STORAGE 1
| #define HAVE_SYS_SELECT_H 1
| #define HAVE_SELECT 1
| #define HAVE_SYS_TYPES_H 1
| #define HAVE_RECV 1
| #define HAVE_SYS_TYPES_H 1
| #define HAVE_SEND 1
| #define HAVE_SYS_TYPES_H 1
| #define HAVE_UNISTD_H 1
| #define HAVE_ALARM 1
| #define HAVE_SYS_TYPES_H 1
| #define HAVE_STRINGS_H 1
| #define HAVE_SYS_TYPES_H 1
| #define HAVE_LIBGEN_H 1
| #define HAVE_BASENAME 1
| #define HAVE_SYS_TYPES_H 1
| /* end confdefs.h.  */
| 
| 
|       /* includes start */
| #ifdef HAVE_PROTO_BSDSOCKET_H
| #  define __NO_NET_API
| #  define __USE_INLINE__
| #  include <proto/bsdsocket.h>
| #  ifdef HAVE_SYS_IOCTL_H
| #    include <sys/ioctl.h>
| #  endif
| #  ifdef __amigaos4__
| struct SocketIFace *ISocket = NULL;
| #  else
| struct Library *SocketBase = NULL;
| #  endif
| #  define select(a, b, c, d, e)  WaitSelect(a, b, c, d, e, 0)
| #endif
| /* includes end */
|       /* includes start */
| #ifdef HAVE_SYS_TYPES_H
| #  include <sys/types.h>
| #endif
| #ifndef _WIN32
| #  include <sys/socket.h>
| #endif
| /* includes end */
| 
| int main(void)
| {
| 
|       if(CloseSocket(0))
|         return 1;
| 
|   return 0;
| }
| 
configure:40817: result: no
configure:40876: checking if CloseSocket might be used
configure:40888: result: no
configure:40906: checking for sys/types.h
configure:40906: result: yes
configure:40913: checking for unistd.h
configure:40913: result: yes
configure:40920: checking for fcntl.h
configure:40920: result: yes
configure:40937: checking if fcntl can be linked
configure:40965: musl-gcc -fno-link-libatomic -idirafter /home/ildar/kyronix-ports/net/curl/kernel-headers -o conftest -Werror-implicit-function-declaration -O2 -Wno-system-headers  -D_GNU_SOURCE -I/home/ildar/kyronix-ports/libs/openssl/stage/usr/include  -L/home/ildar/kyronix-ports/libs/openssl/stage/usr/lib64 conftest.c -lssl -lcrypto -lssl -lcrypto  >&5
configure:40965: $? = 0
configure:40968: result: yes
configure:40983: checking if fcntl is prototyped
configure:40995: result: yes
configure:41011: checking if fcntl is compilable
configure:41029: musl-gcc -fno-link-libatomic -idirafter /home/ildar/kyronix-ports/net/curl/kernel-headers -c -Werror-implicit-function-declaration -O2 -Wno-system-headers  -D_GNU_SOURCE -I/home/ildar/kyronix-ports/libs/openssl/stage/usr/include conftest.c >&5
configure:41029: $? = 0
configure:41032: result: yes
configure:41047: checking if fcntl usage allowed
configure:41050: result: yes
configure:41060: checking if fcntl might be used
configure:41066: result: yes
configure:41084: checking if fcntl O_NONBLOCK is compilable
configure:41103: musl-gcc -fno-link-libatomic -idirafter /home/ildar/kyronix-ports/net/curl/kernel-headers -c -Werror-implicit-function-declaration -O2 -Wno-system-headers  -D_GNU_SOURCE -I/home/ildar/kyronix-ports/libs/openssl/stage/usr/include conftest.c >&5
configure:41103: $? = 0
configure:41106: result: yes
configure:41121: checking if fcntl O_NONBLOCK usage allowed
configure:41124: result: yes
configure:41134: checking if fcntl O_NONBLOCK might be used
configure:41138: result: yes
configure:41168: checking whether build target is a native Windows one
configure:41207: result: no
configure:41229: checking for sys/types.h
configure:41229: result: yes
configure:41236: checking for netdb.h
configure:41236: result: yes
configure:41255: checking if freeaddrinfo can be linked
configure:41274: musl-gcc -fno-link-libatomic -idirafter /home/ildar/kyronix-ports/net/curl/kernel-headers -o conftest -Werror-implicit-function-declaration -O2 -Wno-system-headers  -D_GNU_SOURCE -I/home/ildar/kyronix-ports/libs/openssl/stage/usr/include  -L/home/ildar/kyronix-ports/libs/openssl/stage/usr/lib64 conftest.c -lssl -lcrypto -lssl -lcrypto  >&5
configure:41274: $? = 0
configure:41277: result: yes
configure:41292: checking if freeaddrinfo is prototyped
configure:41306: result: yes
configure:41322: checking if freeaddrinfo is compilable
configure:41341: musl-gcc -fno-link-libatomic -idirafter /home/ildar/kyronix-ports/net/curl/kernel-headers -c -Werror-implicit-function-declaration -O2 -Wno-system-headers  -D_GNU_SOURCE -I/home/ildar/kyronix-ports/libs/openssl/stage/usr/include conftest.c >&5
configure:41341: $? = 0
configure:41344: result: yes
configure:41359: checking if freeaddrinfo usage allowed
configure:41362: result: yes
configure:41372: checking if freeaddrinfo might be used
configure:41378: result: yes
configure:41400: checking for sys/types.h
configure:41400: result: yes
configure:41407: checking for sys/xattr.h
configure:41407: musl-gcc -fno-link-libatomic -idirafter /home/ildar/kyronix-ports/net/curl/kernel-headers -c -Werror-implicit-function-declaration -O2 -Wno-system-headers  -D_GNU_SOURCE -I/home/ildar/kyronix-ports/libs/openssl/stage/usr/include conftest.c >&5
configure:41407: $? = 0
configure:41407: result: yes
configure:41425: checking if fsetxattr can be linked
configure:41453: musl-gcc -fno-link-libatomic -idirafter /home/ildar/kyronix-ports/net/curl/kernel-headers -o conftest -Werror-implicit-function-declaration -O2 -Wno-system-headers  -D_GNU_SOURCE -I/home/ildar/kyronix-ports/libs/openssl/stage/usr/include  -L/home/ildar/kyronix-ports/libs/openssl/stage/usr/lib64 conftest.c -lssl -lcrypto -lssl -lcrypto  >&5
configure:41453: $? = 0
configure:41456: result: yes
configure:41471: checking if fsetxattr is prototyped
configure:41483: result: yes
configure:41500: checking if fsetxattr takes 5 args.
configure:41518: musl-gcc -fno-link-libatomic -idirafter /home/ildar/kyronix-ports/net/curl/kernel-headers -c -Werror-implicit-function-declaration -O2 -Wno-system-headers  -D_GNU_SOURCE -I/home/ildar/kyronix-ports/libs/openssl/stage/usr/include conftest.c >&5
configure:41518: $? = 0
configure:41521: result: yes
configure:41571: checking if fsetxattr is compilable
configure:41574: result: yes
configure:41583: checking if fsetxattr usage allowed
configure:41586: result: yes
configure:41596: checking if fsetxattr might be used
configure:41602: result: yes
configure:41633: checking for sys/types.h
configure:41633: result: yes
configure:41657: checking if getaddrinfo can be linked
configure:41678: musl-gcc -fno-link-libatomic -idirafter /home/ildar/kyronix-ports/net/curl/kernel-headers -o conftest -Werror-implicit-function-declaration -O2 -Wno-system-headers  -D_GNU_SOURCE -I/home/ildar/kyronix-ports/libs/openssl/stage/usr/include  -L/home/ildar/kyronix-ports/libs/openssl/stage/usr/lib64 conftest.c -lssl -lcrypto -lssl -lcrypto  >&5
configure:41678: $? = 0
configure:41681: result: yes
configure:41696: checking if getaddrinfo is prototyped
configure:41710: result: yes
configure:41726: checking if getaddrinfo is compilable
configure:41747: musl-gcc -fno-link-libatomic -idirafter /home/ildar/kyronix-ports/net/curl/kernel-headers -c -Werror-implicit-function-declaration -O2 -Wno-system-headers  -D_GNU_SOURCE -I/home/ildar/kyronix-ports/libs/openssl/stage/usr/include conftest.c >&5
configure:41747: $? = 0
configure:41750: result: yes
configure:41766: checking if getaddrinfo seems to work
configure:41894: sh ./run-compiler -o conftest -Werror-implicit-function-declaration -O2 -Wno-system-headers  -D_GNU_SOURCE -I/home/ildar/kyronix-ports/libs/openssl/stage/usr/include  -L/home/ildar/kyronix-ports/libs/openssl/stage/usr/lib64 conftest.c -lssl -lcrypto -lssl -lcrypto  >&5
configure:41894: $? = 0
configure:41894: ./conftest
configure:41894: $? = 0
configure:41896: result: yes
configure:41919: checking if getaddrinfo usage allowed
configure:41922: result: yes
configure:41932: checking if getaddrinfo might be used
configure:41938: result: yes
configure:41952: checking if getaddrinfo is thread-safe
configure:42002: result: yes
configure:42023: checking if gethostbyname_r can be linked
configure:42051: musl-gcc -fno-link-libatomic -idirafter /home/ildar/kyronix-ports/net/curl/kernel-headers -o conftest -Werror-implicit-function-declaration -O2 -Wno-system-headers  -D_GNU_SOURCE -I/home/ildar/kyronix-ports/libs/openssl/stage/usr/include  -L/home/ildar/kyronix-ports/libs/openssl/stage/usr/lib64 conftest.c -lssl -lcrypto -lssl -lcrypto  >&5
configure:42051: $? = 0
configure:42054: result: yes
configure:42069: checking if gethostbyname_r is prototyped
configure:42081: result: yes
configure:42098: checking if gethostbyname_r takes 3 args.
configure:42117: musl-gcc -fno-link-libatomic -idirafter /home/ildar/kyronix-ports/net/curl/kernel-headers -c -Werror-implicit-function-declaration -O2 -Wno-system-headers  -D_GNU_SOURCE -I/home/ildar/kyronix-ports/libs/openssl/stage/usr/include conftest.c >&5
conftest.c: In function 'main':
conftest.c:147:14: error: too few arguments to function 'gethostbyname_r'; expected 6, have 3
  147 |           if(gethostbyname_r(0, 0, 0))
      |              ^~~~~~~~~~~~~~~
In file included from conftest.c:124:
/usr/lib/musl/include/netdb.h:134:5: note: declared here
  134 | int gethostbyname_r(const char *, struct hostent *, char *, size_t, struct hostent **, int *);
      |     ^~~~~~~~~~~~~~~
configure:42117: $? = 1
configure: failed program was:
| /* confdefs.h */
| #define PACKAGE_NAME "curl"
| #define PACKAGE_TARNAME "curl"
| #define PACKAGE_VERSION "-"
| #define PACKAGE_STRING "curl -"
| #define PACKAGE_BUGREPORT "a suitable curl mailing list: https://curl.se/mail/"
| #define PACKAGE_URL ""
| #define HAVE_STDIO_H 1
| #define HAVE_STDLIB_H 1
| #define HAVE_STRING_H 1
| #define HAVE_INTTYPES_H 1
| #define HAVE_STDINT_H 1
| #define HAVE_STRINGS_H 1
| #define HAVE_SYS_STAT_H 1
| #define HAVE_SYS_TYPES_H 1
| #define HAVE_UNISTD_H 1
| #define STDC_HEADERS 1
| #define HAVE_STDATOMIC_H 1
| #define HAVE_ATOMIC 1
| #define PACKAGE "curl"
| #define VERSION "-"
| #define CURL_OS "x86_64-pc-linux-musl"
| #define HAVE_DLFCN_H 1
| #define LT_OBJDIR ".libs/"
| #define CURL_DISABLE_LDAP 1
| #define CURL_DISABLE_LDAPS 1
| #define HAVE_SYS_TYPES_H 1
| #define HAVE_CLOCK_GETTIME_MONOTONIC 1
| #define HAVE_SYS_TYPES_H 1
| #define HAVE_CLOCK_GETTIME_MONOTONIC_RAW 1
| #define USE_IPV6 1
| #define HAVE_SOCKADDR_IN6_SIN6_SCOPE_ID 1
| #define HAVE_WRITABLE_ARGV 1
| #define HAVE_LIBSSL 1
| #define HAVE_OPENSSL_RSA_H 1
| #define USE_OPENSSL 1
| #define HAVE_OPENSSL_CRYPTO_H 1
| #define USE_OPENSSL 1
| #define HAVE_OPENSSL_PEM_H 1
| #define USE_OPENSSL 1
| #define HAVE_OPENSSL_SSL_H 1
| #define USE_OPENSSL 1
| #define HAVE_OPENSSL_ERR_H 1
| #define USE_OPENSSL 1
| #define HAVE_SSL_SET_QUIC_TLS_CBS 1
| #define HAVE_DES_ECB_ENCRYPT 1
| #define HAVE_OPENSSL_SRP 1
| #define CURL_CA_BUNDLE "/etc/ssl/cert.pem"
| #define HAVE_SYS_TYPES_H 1
| #define HAVE_SYS_SELECT_H 1
| #define HAVE_SYS_IOCTL_H 1
| #define HAVE_UNISTD_H 1
| #define HAVE_ARPA_INET_H 1
| #define HAVE_NET_IF_H 1
| #define HAVE_NETINET_IN_H 1
| #define HAVE_SYS_UN_H 1
| #define HAVE_LINUX_TCP_H 1
| #define HAVE_NETINET_TCP_H 1
| #define HAVE_NETINET_UDP_H 1
| #define HAVE_NETDB_H 1
| #define HAVE_SYS_PARAM_H 1
| #define HAVE_TERMIOS_H 1
| #define HAVE_FCNTL_H 1
| #define HAVE_PWD_H 1
| #define HAVE_UTIME_H 1
| #define HAVE_SYS_POLL_H 1
| #define HAVE_POLL_H 1
| #define HAVE_SYS_RESOURCE_H 1
| #define HAVE_LIBGEN_H 1
| #define HAVE_LOCALE_H 1
| #define HAVE_STDBOOL_H 1
| #define HAVE_SYS_EVENTFD_H 1
| #define HAVE_SYS_TYPES_H 1
| #define HAVE_STRUCT_TIMEVAL 1
| #define SIZEOF_SIZE_T 8
| #define SIZEOF_LONG 8
| #define SIZEOF_INT 4
| #define SIZEOF_TIME_T 8
| #define SIZEOF_OFF_T 8
| #define SIZEOF_CURL_OFF_T 8
| #define SIZEOF_CURL_SOCKET_T 4
| #define HAVE_BOOL_T 1
| #define HAVE_SA_FAMILY_T 1
| #define HAVE_SUSECONDS_T 1
| #define HAVE_STRUCT_SOCKADDR_STORAGE 1
| #define HAVE_SYS_SELECT_H 1
| #define HAVE_SELECT 1
| #define HAVE_SYS_TYPES_H 1
| #define HAVE_RECV 1
| #define HAVE_SYS_TYPES_H 1
| #define HAVE_SEND 1
| #define HAVE_SYS_TYPES_H 1
| #define HAVE_UNISTD_H 1
| #define HAVE_ALARM 1
| #define HAVE_SYS_TYPES_H 1
| #define HAVE_STRINGS_H 1
| #define HAVE_SYS_TYPES_H 1
| #define HAVE_LIBGEN_H 1
| #define HAVE_BASENAME 1
| #define HAVE_SYS_TYPES_H 1
| #define HAVE_SYS_TYPES_H 1
| #define HAVE_UNISTD_H 1
| #define HAVE_FCNTL_H 1
| #define HAVE_FCNTL 1
| #define HAVE_FCNTL_O_NONBLOCK 1
| #define HAVE_SYS_TYPES_H 1
| #define HAVE_NETDB_H 1
| #define HAVE_FREEADDRINFO 1
| #define HAVE_SYS_TYPES_H 1
| #define HAVE_SYS_XATTR_H 1
| #define HAVE_FSETXATTR 1
| #define HAVE_FSETXATTR_5 1
| #define HAVE_SYS_TYPES_H 1
| #define HAVE_GETADDRINFO 1
| #define HAVE_GETADDRINFO_THREADSAFE 1
| /* end confdefs.h.  */
| 
| 
|           /* includes start */
| #ifdef HAVE_SYS_TYPES_H
| #  include <sys/types.h>
| #endif
| #ifdef HAVE_NETDB_H
| #  include <netdb.h>
| #endif
| /* includes end */
|           /* includes start */
| #ifdef HAVE_PROTO_BSDSOCKET_H
| #  define __NO_NET_API
| #  define __USE_INLINE__
| #  include <proto/bsdsocket.h>
| #  ifdef HAVE_SYS_IOCTL_H
| #    include <sys/ioctl.h>
| #  endif
| #  ifdef __amigaos4__
| struct SocketIFace *ISocket = NULL;
| #  else
| struct Library *SocketBase = NULL;
| #  endif
| #  define select(a, b, c, d, e)  WaitSelect(a, b, c, d, e, 0)
| #endif
| /* includes end */
| 
| int main(void)
| {
| 
|           if(gethostbyname_r(0, 0, 0))
|             return 1;
| 
|   return 0;
| }
| 
configure:42127: result: no
configure:42135: checking if gethostbyname_r takes 5 args.
configure:42154: musl-gcc -fno-link-libatomic -idirafter /home/ildar/kyronix-ports/net/curl/kernel-headers -c -Werror-implicit-function-declaration -O2 -Wno-system-headers  -D_GNU_SOURCE -I/home/ildar/kyronix-ports/libs/openssl/stage/usr/include conftest.c >&5
conftest.c: In function 'main':
conftest.c:147:14: error: too few arguments to function 'gethostbyname_r'; expected 6, have 5
  147 |           if(gethostbyname_r(0, 0, 0, 0, 0))
      |              ^~~~~~~~~~~~~~~
In file included from conftest.c:124:
/usr/lib/musl/include/netdb.h:134:5: note: declared here
  134 | int gethostbyname_r(const char *, struct hostent *, char *, size_t, struct hostent **, int *);
      |     ^~~~~~~~~~~~~~~
configure:42154: $? = 1
configure: failed program was:
| /* confdefs.h */
| #define PACKAGE_NAME "curl"
| #define PACKAGE_TARNAME "curl"
| #define PACKAGE_VERSION "-"
| #define PACKAGE_STRING "curl -"
| #define PACKAGE_BUGREPORT "a suitable curl mailing list: https://curl.se/mail/"
| #define PACKAGE_URL ""
| #define HAVE_STDIO_H 1
| #define HAVE_STDLIB_H 1
| #define HAVE_STRING_H 1
| #define HAVE_INTTYPES_H 1
| #define HAVE_STDINT_H 1
| #define HAVE_STRINGS_H 1
| #define HAVE_SYS_STAT_H 1
| #define HAVE_SYS_TYPES_H 1
| #define HAVE_UNISTD_H 1
| #define STDC_HEADERS 1
| #define HAVE_STDATOMIC_H 1
| #define HAVE_ATOMIC 1
| #define PACKAGE "curl"
| #define VERSION "-"
| #define CURL_OS "x86_64-pc-linux-musl"
| #define HAVE_DLFCN_H 1
| #define LT_OBJDIR ".libs/"
| #define CURL_DISABLE_LDAP 1
| #define CURL_DISABLE_LDAPS 1
| #define HAVE_SYS_TYPES_H 1
| #define HAVE_CLOCK_GETTIME_MONOTONIC 1
| #define HAVE_SYS_TYPES_H 1
| #define HAVE_CLOCK_GETTIME_MONOTONIC_RAW 1
| #define USE_IPV6 1
| #define HAVE_SOCKADDR_IN6_SIN6_SCOPE_ID 1
| #define HAVE_WRITABLE_ARGV 1
| #define HAVE_LIBSSL 1
| #define HAVE_OPENSSL_RSA_H 1
| #define USE_OPENSSL 1
| #define HAVE_OPENSSL_CRYPTO_H 1
| #define USE_OPENSSL 1
| #define HAVE_OPENSSL_PEM_H 1
| #define USE_OPENSSL 1
| #define HAVE_OPENSSL_SSL_H 1
| #define USE_OPENSSL 1
| #define HAVE_OPENSSL_ERR_H 1
| #define USE_OPENSSL 1
| #define HAVE_SSL_SET_QUIC_TLS_CBS 1
| #define HAVE_DES_ECB_ENCRYPT 1
| #define HAVE_OPENSSL_SRP 1
| #define CURL_CA_BUNDLE "/etc/ssl/cert.pem"
| #define HAVE_SYS_TYPES_H 1
| #define HAVE_SYS_SELECT_H 1
| #define HAVE_SYS_IOCTL_H 1
| #define HAVE_UNISTD_H 1
| #define HAVE_ARPA_INET_H 1
| #define HAVE_NET_IF_H 1
| #define HAVE_NETINET_IN_H 1
| #define HAVE_SYS_UN_H 1
| #define HAVE_LINUX_TCP_H 1
| #define HAVE_NETINET_TCP_H 1
| #define HAVE_NETINET_UDP_H 1
| #define HAVE_NETDB_H 1
| #define HAVE_SYS_PARAM_H 1
| #define HAVE_TERMIOS_H 1
| #define HAVE_FCNTL_H 1
| #define HAVE_PWD_H 1
| #define HAVE_UTIME_H 1
| #define HAVE_SYS_POLL_H 1
| #define HAVE_POLL_H 1
| #define HAVE_SYS_RESOURCE_H 1
| #define HAVE_LIBGEN_H 1
| #define HAVE_LOCALE_H 1
| #define HAVE_STDBOOL_H 1
| #define HAVE_SYS_EVENTFD_H 1
| #define HAVE_SYS_TYPES_H 1
| #define HAVE_STRUCT_TIMEVAL 1
| #define SIZEOF_SIZE_T 8
| #define SIZEOF_LONG 8
| #define SIZEOF_INT 4
| #define SIZEOF_TIME_T 8
| #define SIZEOF_OFF_T 8
| #define SIZEOF_CURL_OFF_T 8
| #define SIZEOF_CURL_SOCKET_T 4
| #define HAVE_BOOL_T 1
| #define HAVE_SA_FAMILY_T 1
| #define HAVE_SUSECONDS_T 1
| #define HAVE_STRUCT_SOCKADDR_STORAGE 1
| #define HAVE_SYS_SELECT_H 1
| #define HAVE_SELECT 1
| #define HAVE_SYS_TYPES_H 1
| #define HAVE_RECV 1
| #define HAVE_SYS_TYPES_H 1
| #define HAVE_SEND 1
| #define HAVE_SYS_TYPES_H 1
| #define HAVE_UNISTD_H 1
| #define HAVE_ALARM 1
| #define HAVE_SYS_TYPES_H 1
| #define HAVE_STRINGS_H 1
| #define HAVE_SYS_TYPES_H 1
| #define HAVE_LIBGEN_H 1
| #define HAVE_BASENAME 1
| #define HAVE_SYS_TYPES_H 1
| #define HAVE_SYS_TYPES_H 1
| #define HAVE_UNISTD_H 1
| #define HAVE_FCNTL_H 1
| #define HAVE_FCNTL 1
| #define HAVE_FCNTL_O_NONBLOCK 1
| #define HAVE_SYS_TYPES_H 1
| #define HAVE_NETDB_H 1
| #define HAVE_FREEADDRINFO 1
| #define HAVE_SYS_TYPES_H 1
| #define HAVE_SYS_XATTR_H 1
| #define HAVE_FSETXATTR 1
| #define HAVE_FSETXATTR_5 1
| #define HAVE_SYS_TYPES_H 1
| #define HAVE_GETADDRINFO 1
| #define HAVE_GETADDRINFO_THREADSAFE 1
| /* end confdefs.h.  */
| 
| 
|           /* includes start */
| #ifdef HAVE_SYS_TYPES_H
| #  include <sys/types.h>
| #endif
| #ifdef HAVE_NETDB_H
| #  include <netdb.h>
| #endif
| /* includes end */
|           /* includes start */
| #ifdef HAVE_PROTO_BSDSOCKET_H
| #  define __NO_NET_API
| #  define __USE_INLINE__
| #  include <proto/bsdsocket.h>
| #  ifdef HAVE_SYS_IOCTL_H
| #    include <sys/ioctl.h>
| #  endif
| #  ifdef __amigaos4__
| struct SocketIFace *ISocket = NULL;
| #  else
| struct Library *SocketBase = NULL;
| #  endif
| #  define select(a, b, c, d, e)  WaitSelect(a, b, c, d, e, 0)
| #endif
| /* includes end */
| 
| int main(void)
| {
| 
|           if(gethostbyname_r(0, 0, 0, 0, 0))
|             return 1;
| 
|   return 0;
| }
| 
configure:42164: result: no
configure:42172: checking if gethostbyname_r takes 6 args.
configure:42191: musl-gcc -fno-link-libatomic -idirafter /home/ildar/kyronix-ports/net/curl/kernel-headers -c -Werror-implicit-function-declaration -O2 -Wno-system-headers  -D_GNU_SOURCE -I/home/ildar/kyronix-ports/libs/openssl/stage/usr/include conftest.c >&5
configure:42191: $? = 0
configure:42194: result: yes
configure:42208: checking if gethostbyname_r is compilable
configure:42211: result: yes
configure:42220: checking if gethostbyname_r usage allowed
configure:42223: result: yes
configure:42233: checking if gethostbyname_r might be used
configure:42239: result: yes
configure:42287: checking if gethostname can be linked
configure:42308: musl-gcc -fno-link-libatomic -idirafter /home/ildar/kyronix-ports/net/curl/kernel-headers -o conftest -Werror-implicit-function-declaration -O2 -Wno-system-headers  -D_GNU_SOURCE -I/home/ildar/kyronix-ports/libs/openssl/stage/usr/include  -L/home/ildar/kyronix-ports/libs/openssl/stage/usr/lib64 conftest.c -lssl -lcrypto -lssl -lcrypto  >&5
configure:42308: $? = 0
configure:42311: result: yes
configure:42326: checking if gethostname is prototyped
configure:42340: result: yes
configure:42356: checking if gethostname is compilable
configure:42377: musl-gcc -fno-link-libatomic -idirafter /home/ildar/kyronix-ports/net/curl/kernel-headers -c -Werror-implicit-function-declaration -O2 -Wno-system-headers  -D_GNU_SOURCE -I/home/ildar/kyronix-ports/libs/openssl/stage/usr/include conftest.c >&5
configure:42377: $? = 0
configure:42380: result: yes
configure:42395: checking for gethostname arg 2 data type
configure:42427: musl-gcc -fno-link-libatomic -idirafter /home/ildar/kyronix-ports/net/curl/kernel-headers -c -Werror-implicit-function-declaration -O2 -Wno-system-headers  -D_GNU_SOURCE -I/home/ildar/kyronix-ports/libs/openssl/stage/usr/include conftest.c >&5
conftest.c:165:31: error: conflicting types for 'gethostname'; have 'int(char *, int)'
  165 |               int FUNCALLCONV gethostname(char *, int);
      |                               ^~~~~~~~~~~
In file included from conftest.c:134:
/usr/lib/musl/include/unistd.h:124:5: note: previous declaration of 'gethostname' with type 'int(char *, size_t)' {aka 'int(char *, long unsigned int)'}
  124 | int gethostname(char *, size_t);
      |     ^~~~~~~~~~~
configure:42427: $? = 1
configure: failed program was:
| /* confdefs.h */
| #define PACKAGE_NAME "curl"
| #define PACKAGE_TARNAME "curl"
| #define PACKAGE_VERSION "-"
| #define PACKAGE_STRING "curl -"
| #define PACKAGE_BUGREPORT "a suitable curl mailing list: https://curl.se/mail/"
| #define PACKAGE_URL ""
| #define HAVE_STDIO_H 1
| #define HAVE_STDLIB_H 1
| #define HAVE_STRING_H 1
| #define HAVE_INTTYPES_H 1
| #define HAVE_STDINT_H 1
| #define HAVE_STRINGS_H 1
| #define HAVE_SYS_STAT_H 1
| #define HAVE_SYS_TYPES_H 1
| #define HAVE_UNISTD_H 1
| #define STDC_HEADERS 1
| #define HAVE_STDATOMIC_H 1
| #define HAVE_ATOMIC 1
| #define PACKAGE "curl"
| #define VERSION "-"
| #define CURL_OS "x86_64-pc-linux-musl"
| #define HAVE_DLFCN_H 1
| #define LT_OBJDIR ".libs/"
| #define CURL_DISABLE_LDAP 1
| #define CURL_DISABLE_LDAPS 1
| #define HAVE_SYS_TYPES_H 1
| #define HAVE_CLOCK_GETTIME_MONOTONIC 1
| #define HAVE_SYS_TYPES_H 1
| #define HAVE_CLOCK_GETTIME_MONOTONIC_RAW 1
| #define USE_IPV6 1
| #define HAVE_SOCKADDR_IN6_SIN6_SCOPE_ID 1
| #define HAVE_WRITABLE_ARGV 1
| #define HAVE_LIBSSL 1
| #define HAVE_OPENSSL_RSA_H 1
| #define USE_OPENSSL 1
| #define HAVE_OPENSSL_CRYPTO_H 1
| #define USE_OPENSSL 1
| #define HAVE_OPENSSL_PEM_H 1
| #define USE_OPENSSL 1
| #define HAVE_OPENSSL_SSL_H 1
| #define USE_OPENSSL 1
| #define HAVE_OPENSSL_ERR_H 1
| #define USE_OPENSSL 1
| #define HAVE_SSL_SET_QUIC_TLS_CBS 1
| #define HAVE_DES_ECB_ENCRYPT 1
| #define HAVE_OPENSSL_SRP 1
| #define CURL_CA_BUNDLE "/etc/ssl/cert.pem"
| #define HAVE_SYS_TYPES_H 1
| #define HAVE_SYS_SELECT_H 1
| #define HAVE_SYS_IOCTL_H 1
| #define HAVE_UNISTD_H 1
| #define HAVE_ARPA_INET_H 1
| #define HAVE_NET_IF_H 1
| #define HAVE_NETINET_IN_H 1
| #define HAVE_SYS_UN_H 1
| #define HAVE_LINUX_TCP_H 1
| #define HAVE_NETINET_TCP_H 1
| #define HAVE_NETINET_UDP_H 1
| #define HAVE_NETDB_H 1
| #define HAVE_SYS_PARAM_H 1
| #define HAVE_TERMIOS_H 1
| #define HAVE_FCNTL_H 1
| #define HAVE_PWD_H 1
| #define HAVE_UTIME_H 1
| #define HAVE_SYS_POLL_H 1
| #define HAVE_POLL_H 1
| #define HAVE_SYS_RESOURCE_H 1
| #define HAVE_LIBGEN_H 1
| #define HAVE_LOCALE_H 1
| #define HAVE_STDBOOL_H 1
| #define HAVE_SYS_EVENTFD_H 1
| #define HAVE_SYS_TYPES_H 1
| #define HAVE_STRUCT_TIMEVAL 1
| #define SIZEOF_SIZE_T 8
| #define SIZEOF_LONG 8
| #define SIZEOF_INT 4
| #define SIZEOF_TIME_T 8
| #define SIZEOF_OFF_T 8
| #define SIZEOF_CURL_OFF_T 8
| #define SIZEOF_CURL_SOCKET_T 4
| #define HAVE_BOOL_T 1
| #define HAVE_SA_FAMILY_T 1
| #define HAVE_SUSECONDS_T 1
| #define HAVE_STRUCT_SOCKADDR_STORAGE 1
| #define HAVE_SYS_SELECT_H 1
| #define HAVE_SELECT 1
| #define HAVE_SYS_TYPES_H 1
| #define HAVE_RECV 1
| #define HAVE_SYS_TYPES_H 1
| #define HAVE_SEND 1
| #define HAVE_SYS_TYPES_H 1
| #define HAVE_UNISTD_H 1
| #define HAVE_ALARM 1
| #define HAVE_SYS_TYPES_H 1
| #define HAVE_STRINGS_H 1
| #define HAVE_SYS_TYPES_H 1
| #define HAVE_LIBGEN_H 1
| #define HAVE_BASENAME 1
| #define HAVE_SYS_TYPES_H 1
| #define HAVE_SYS_TYPES_H 1
| #define HAVE_UNISTD_H 1
| #define HAVE_FCNTL_H 1
| #define HAVE_FCNTL 1
| #define HAVE_FCNTL_O_NONBLOCK 1
| #define HAVE_SYS_TYPES_H 1
| #define HAVE_NETDB_H 1
| #define HAVE_FREEADDRINFO 1
| #define HAVE_SYS_TYPES_H 1
| #define HAVE_SYS_XATTR_H 1
| #define HAVE_FSETXATTR 1
| #define HAVE_FSETXATTR_5 1
| #define HAVE_SYS_TYPES_H 1
| #define HAVE_GETADDRINFO 1
| #define HAVE_GETADDRINFO_THREADSAFE 1
| #define HAVE_GETHOSTBYNAME_R 1
| #define HAVE_GETHOSTBYNAME_R_6 1
| /* end confdefs.h.  */
| 
| 
|               /* includes start */
| #ifdef _WIN32
| #  ifndef WIN32_LEAN_AND_MEAN
| #  define WIN32_LEAN_AND_MEAN
| #  endif
| #  include <winsock2.h>
| #endif
| /* includes end */
|               /* includes start */
| #ifdef HAVE_SYS_TYPES_H
| #  include <sys/types.h>
| #endif
| #ifdef HAVE_UNISTD_H
| #  include <unistd.h>
| #endif
| /* includes end */
|               /* includes start */
| #ifdef HAVE_PROTO_BSDSOCKET_H
| #  define __NO_NET_API
| #  define __USE_INLINE__
| #  include <proto/bsdsocket.h>
| #  ifdef HAVE_SYS_IOCTL_H
| #    include <sys/ioctl.h>
| #  endif
| #  ifdef __amigaos4__
| struct SocketIFace *ISocket = NULL;
| #  else
| struct Library *SocketBase = NULL;
| #  endif
| #  define select(a, b, c, d, e)  WaitSelect(a, b, c, d, e, 0)
| #endif
| /* includes end */
|               /* preprocess start */
| #ifdef _WIN32
| #  define FUNCALLCONV __stdcall
| #else
| #  define FUNCALLCONV
| #endif
| /* preprocess end */
|               #if defined(_WIN32) && defined(WINSOCK_API_LINKAGE)
|               WINSOCK_API_LINKAGE
|               #else
|               extern
|               #endif
|               int FUNCALLCONV gethostname(char *, int);
| 
| int main(void)
| {
| 
|               char s[1];
|               if(gethostname((char *)s, 0))
|                 return 1;
| 
|   return 0;
| }
| 
configure:42427: musl-gcc -fno-link-libatomic -idirafter /home/ildar/kyronix-ports/net/curl/kernel-headers -c -Werror-implicit-function-declaration -O2 -Wno-system-headers  -D_GNU_SOURCE -I/home/ildar/kyronix-ports/libs/openssl/stage/usr/include conftest.c >&5
conftest.c:165:31: error: conflicting types for 'gethostname'; have 'int(char *, unsigned int)'
  165 |               int FUNCALLCONV gethostname(char *, unsigned int);
      |                               ^~~~~~~~~~~
In file included from conftest.c:134:
/usr/lib/musl/include/unistd.h:124:5: note: previous declaration of 'gethostname' with type 'int(char *, size_t)' {aka 'int(char *, long unsigned int)'}
  124 | int gethostname(char *, size_t);
      |     ^~~~~~~~~~~
configure:42427: $? = 1
configure: failed program was:
| /* confdefs.h */
| #define PACKAGE_NAME "curl"
| #define PACKAGE_TARNAME "curl"
| #define PACKAGE_VERSION "-"
| #define PACKAGE_STRING "curl -"
| #define PACKAGE_BUGREPORT "a suitable curl mailing list: https://curl.se/mail/"
| #define PACKAGE_URL ""
| #define HAVE_STDIO_H 1
| #define HAVE_STDLIB_H 1
| #define HAVE_STRING_H 1
| #define HAVE_INTTYPES_H 1
| #define HAVE_STDINT_H 1
| #define HAVE_STRINGS_H 1
| #define HAVE_SYS_STAT_H 1
| #define HAVE_SYS_TYPES_H 1
| #define HAVE_UNISTD_H 1
| #define STDC_HEADERS 1
| #define HAVE_STDATOMIC_H 1
| #define HAVE_ATOMIC 1
| #define PACKAGE "curl"
| #define VERSION "-"
| #define CURL_OS "x86_64-pc-linux-musl"
| #define HAVE_DLFCN_H 1
| #define LT_OBJDIR ".libs/"
| #define CURL_DISABLE_LDAP 1
| #define CURL_DISABLE_LDAPS 1
| #define HAVE_SYS_TYPES_H 1
| #define HAVE_CLOCK_GETTIME_MONOTONIC 1
| #define HAVE_SYS_TYPES_H 1
| #define HAVE_CLOCK_GETTIME_MONOTONIC_RAW 1
| #define USE_IPV6 1
| #define HAVE_SOCKADDR_IN6_SIN6_SCOPE_ID 1
| #define HAVE_WRITABLE_ARGV 1
| #define HAVE_LIBSSL 1
| #define HAVE_OPENSSL_RSA_H 1
| #define USE_OPENSSL 1
| #define HAVE_OPENSSL_CRYPTO_H 1
| #define USE_OPENSSL 1
| #define HAVE_OPENSSL_PEM_H 1
| #define USE_OPENSSL 1
| #define HAVE_OPENSSL_SSL_H 1
| #define USE_OPENSSL 1
| #define HAVE_OPENSSL_ERR_H 1
| #define USE_OPENSSL 1
| #define HAVE_SSL_SET_QUIC_TLS_CBS 1
| #define HAVE_DES_ECB_ENCRYPT 1
| #define HAVE_OPENSSL_SRP 1
| #define CURL_CA_BUNDLE "/etc/ssl/cert.pem"
| #define HAVE_SYS_TYPES_H 1
| #define HAVE_SYS_SELECT_H 1
| #define HAVE_SYS_IOCTL_H 1
| #define HAVE_UNISTD_H 1
| #define HAVE_ARPA_INET_H 1
| #define HAVE_NET_IF_H 1
| #define HAVE_NETINET_IN_H 1
| #define HAVE_SYS_UN_H 1
| #define HAVE_LINUX_TCP_H 1
| #define HAVE_NETINET_TCP_H 1
| #define HAVE_NETINET_UDP_H 1
| #define HAVE_NETDB_H 1
| #define HAVE_SYS_PARAM_H 1
| #define HAVE_TERMIOS_H 1
| #define HAVE_FCNTL_H 1
| #define HAVE_PWD_H 1
| #define HAVE_UTIME_H 1
| #define HAVE_SYS_POLL_H 1
| #define HAVE_POLL_H 1
| #define HAVE_SYS_RESOURCE_H 1
| #define HAVE_LIBGEN_H 1
| #define HAVE_LOCALE_H 1
| #define HAVE_STDBOOL_H 1
| #define HAVE_SYS_EVENTFD_H 1
| #define HAVE_SYS_TYPES_H 1
| #define HAVE_STRUCT_TIMEVAL 1
| #define SIZEOF_SIZE_T 8
| #define SIZEOF_LONG 8
| #define SIZEOF_INT 4
| #define SIZEOF_TIME_T 8
| #define SIZEOF_OFF_T 8
| #define SIZEOF_CURL_OFF_T 8
| #define SIZEOF_CURL_SOCKET_T 4
| #define HAVE_BOOL_T 1
| #define HAVE_SA_FAMILY_T 1
| #define HAVE_SUSECONDS_T 1
| #define HAVE_STRUCT_SOCKADDR_STORAGE 1
| #define HAVE_SYS_SELECT_H 1
| #define HAVE_SELECT 1
| #define HAVE_SYS_TYPES_H 1
| #define HAVE_RECV 1
| #define HAVE_SYS_TYPES_H 1
| #define HAVE_SEND 1
| #define HAVE_SYS_TYPES_H 1
| #define HAVE_UNISTD_H 1
| #define HAVE_ALARM 1
| #define HAVE_SYS_TYPES_H 1
| #define HAVE_STRINGS_H 1
| #define HAVE_SYS_TYPES_H 1
| #define HAVE_LIBGEN_H 1
| #define HAVE_BASENAME 1
| #define HAVE_SYS_TYPES_H 1
| #define HAVE_SYS_TYPES_H 1
| #define HAVE_UNISTD_H 1
| #define HAVE_FCNTL_H 1
| #define HAVE_FCNTL 1
| #define HAVE_FCNTL_O_NONBLOCK 1
| #define HAVE_SYS_TYPES_H 1
| #define HAVE_NETDB_H 1
| #define HAVE_FREEADDRINFO 1
| #define HAVE_SYS_TYPES_H 1
| #define HAVE_SYS_XATTR_H 1
| #define HAVE_FSETXATTR 1
| #define HAVE_FSETXATTR_5 1
| #define HAVE_SYS_TYPES_H 1
| #define HAVE_GETADDRINFO 1
| #define HAVE_GETADDRINFO_THREADSAFE 1
| #define HAVE_GETHOSTBYNAME_R 1
| #define HAVE_GETHOSTBYNAME_R_6 1
| /* end confdefs.h.  */
| 
| 
|               /* includes start */
| #ifdef _WIN32
| #  ifndef WIN32_LEAN_AND_MEAN
| #  define WIN32_LEAN_AND_MEAN
| #  endif
| #  include <winsock2.h>
| #endif
| /* includes end */
|               /* includes start */
| #ifdef HAVE_SYS_TYPES_H
| #  include <sys/types.h>
| #endif
| #ifdef HAVE_UNISTD_H
| #  include <unistd.h>
| #endif
| /* includes end */
|               /* includes start */
| #ifdef HAVE_PROTO_BSDSOCKET_H
| #  define __NO_NET_API
| #  define __USE_INLINE__
| #  include <proto/bsdsocket.h>
| #  ifdef HAVE_SYS_IOCTL_H
| #    include <sys/ioctl.h>
| #  endif
| #  ifdef __amigaos4__
| struct SocketIFace *ISocket = NULL;
| #  else
| struct Library *SocketBase = NULL;
| #  endif
| #  define select(a, b, c, d, e)  WaitSelect(a, b, c, d, e, 0)
| #endif
| /* includes end */
|               /* preprocess start */
| #ifdef _WIN32
| #  define FUNCALLCONV __stdcall
| #else
| #  define FUNCALLCONV
| #endif
| /* preprocess end */
|               #if defined(_WIN32) && defined(WINSOCK_API_LINKAGE)
|               WINSOCK_API_LINKAGE
|               #else
|               extern
|               #endif
|               int FUNCALLCONV gethostname(char *, unsigned int);
| 
| int main(void)
| {
| 
|               char s[1];
|               if(gethostname((char *)s, 0))
|                 return 1;
| 
|   return 0;
| }
| 
configure:42427: musl-gcc -fno-link-libatomic -idirafter /home/ildar/kyronix-ports/net/curl/kernel-headers -c -Werror-implicit-function-declaration -O2 -Wno-system-headers  -D_GNU_SOURCE -I/home/ildar/kyronix-ports/libs/openssl/stage/usr/include conftest.c >&5
configure:42427: $? = 0
configure:42437: result: size_t
configure:42447: checking if gethostname usage allowed
configure:42450: result: yes
configure:42460: checking if gethostname might be used
configure:42466: result: yes
configure:42494: checking for sys/types.h
configure:42494: result: yes
configure:42501: checking for netinet/in.h
configure:42501: result: yes
configure:42508: checking for ifaddrs.h
configure:42508: musl-gcc -fno-link-libatomic -idirafter /home/ildar/kyronix-ports/net/curl/kernel-headers -c -Werror-implicit-function-declaration -O2 -Wno-system-headers  -D_GNU_SOURCE -I/home/ildar/kyronix-ports/libs/openssl/stage/usr/include conftest.c >&5
configure:42508: $? = 0
configure:42508: result: yes
configure:42527: checking if getifaddrs can be linked
configure:42555: musl-gcc -fno-link-libatomic -idirafter /home/ildar/kyronix-ports/net/curl/kernel-headers -o conftest -Werror-implicit-function-declaration -O2 -Wno-system-headers  -D_GNU_SOURCE -I/home/ildar/kyronix-ports/libs/openssl/stage/usr/include  -L/home/ildar/kyronix-ports/libs/openssl/stage/usr/lib64 conftest.c -lssl -lcrypto -lssl -lcrypto  >&5
configure:42555: $? = 0
configure:42558: result: yes
configure:42573: checking if getifaddrs is prototyped
configure:42585: result: yes
configure:42601: checking if getifaddrs is compilable
configure:42619: musl-gcc -fno-link-libatomic -idirafter /home/ildar/kyronix-ports/net/curl/kernel-headers -c -Werror-implicit-function-declaration -O2 -Wno-system-headers  -D_GNU_SOURCE -I/home/ildar/kyronix-ports/libs/openssl/stage/usr/include conftest.c >&5
configure:42619: $? = 0
configure:42622: result: yes
configure:42638: checking if getifaddrs seems to work
configure:42728: sh ./run-compiler -o conftest -Werror-implicit-function-declaration -O2 -Wno-system-headers  -D_GNU_SOURCE -I/home/ildar/kyronix-ports/libs/openssl/stage/usr/include  -L/home/ildar/kyronix-ports/libs/openssl/stage/usr/lib64 conftest.c -lssl -lcrypto -lssl -lcrypto  >&5
configure:42728: $? = 0
configure:42728: ./conftest
configure:42728: $? = 0
configure:42730: result: yes
configure:42753: checking if getifaddrs usage allowed
configure:42756: result: yes
configure:42766: checking if getifaddrs might be used
configure:42773: result: yes
configure:42796: checking if getpeername can be linked
configure:42816: musl-gcc -fno-link-libatomic -idirafter /home/ildar/kyronix-ports/net/curl/kernel-headers -o conftest -Werror-implicit-function-declaration -O2 -Wno-system-headers  -D_GNU_SOURCE -I/home/ildar/kyronix-ports/libs/openssl/stage/usr/include  -L/home/ildar/kyronix-ports/libs/openssl/stage/usr/lib64 conftest.c -lssl -lcrypto -lssl -lcrypto  >&5
configure:42816: $? = 0
configure:42819: result: yes
configure:42834: checking if getpeername is prototyped
configure:42848: result: yes
configure:42864: checking if getpeername is compilable
configure:42884: musl-gcc -fno-link-libatomic -idirafter /home/ildar/kyronix-ports/net/curl/kernel-headers -c -Werror-implicit-function-declaration -O2 -Wno-system-headers  -D_GNU_SOURCE -I/home/ildar/kyronix-ports/libs/openssl/stage/usr/include conftest.c >&5
configure:42884: $? = 0
configure:42887: result: yes
configure:42902: checking if getpeername usage allowed
configure:42905: result: yes
configure:42915: checking if getpeername might be used
configure:42921: result: yes
configure:42944: checking if getsockname can be linked
configure:42964: musl-gcc -fno-link-libatomic -idirafter /home/ildar/kyronix-ports/net/curl/kernel-headers -o conftest -Werror-implicit-function-declaration -O2 -Wno-system-headers  -D_GNU_SOURCE -I/home/ildar/kyronix-ports/libs/openssl/stage/usr/include  -L/home/ildar/kyronix-ports/libs/openssl/stage/usr/lib64 conftest.c -lssl -lcrypto -lssl -lcrypto  >&5
configure:42964: $? = 0
configure:42967: result: yes
configure:42982: checking if getsockname is prototyped
configure:42996: result: yes
configure:43012: checking if getsockname is compilable
configure:43032: musl-gcc -fno-link-libatomic -idirafter /home/ildar/kyronix-ports/net/curl/kernel-headers -c -Werror-implicit-function-declaration -O2 -Wno-system-headers  -D_GNU_SOURCE -I/home/ildar/kyronix-ports/libs/openssl/stage/usr/include conftest.c >&5
configure:43032: $? = 0
configure:43035: result: yes
configure:43050: checking if getsockname usage allowed
configure:43053: result: yes
configure:43063: checking if getsockname might be used
configure:43069: result: yes
configure:43092: checking for sys/types.h
configure:43092: result: yes
configure:43111: checking if gmtime_r can be linked
configure:43139: musl-gcc -fno-link-libatomic -idirafter /home/ildar/kyronix-ports/net/curl/kernel-headers -o conftest -Werror-implicit-function-declaration -O2 -Wno-system-headers  -D_GNU_SOURCE -I/home/ildar/kyronix-ports/libs/openssl/stage/usr/include  -L/home/ildar/kyronix-ports/libs/openssl/stage/usr/lib64 conftest.c -lssl -lcrypto -lssl -lcrypto  >&5
configure:43139: $? = 0
configure:43142: result: yes
configure:43157: checking if gmtime_r is prototyped
configure:43169: result: yes
configure:43185: checking if gmtime_r is compilable
configure:43206: musl-gcc -fno-link-libatomic -idirafter /home/ildar/kyronix-ports/net/curl/kernel-headers -c -Werror-implicit-function-declaration -O2 -Wno-system-headers  -D_GNU_SOURCE -I/home/ildar/kyronix-ports/libs/openssl/stage/usr/include conftest.c >&5
configure:43206: $? = 0
configure:43209: result: yes
configure:43225: checking if gmtime_r seems to work
configure:43313: sh ./run-compiler -o conftest -Werror-implicit-function-declaration -O2 -Wno-system-headers  -D_GNU_SOURCE -I/home/ildar/kyronix-ports/libs/openssl/stage/usr/include  -L/home/ildar/kyronix-ports/libs/openssl/stage/usr/lib64 conftest.c -lssl -lcrypto -lssl -lcrypto  >&5
configure:43313: $? = 0
configure:43313: ./conftest
configure:43313: $? = 0
configure:43315: result: yes
configure:43338: checking if gmtime_r usage allowed
configure:43341: result: yes
configure:43351: checking if gmtime_r might be used
configure:43358: result: yes
configure:43389: checking for sys/types.h
configure:43389: result: yes
configure:43396: checking for unistd.h
configure:43396: result: yes
configure:43403: checking for sys/ioctl.h
configure:43403: result: yes
configure:43410: checking for stropts.h
configure:43410: musl-gcc -fno-link-libatomic -idirafter /home/ildar/kyronix-ports/net/curl/kernel-headers -c -Werror-implicit-function-declaration -O2 -Wno-system-headers  -D_GNU_SOURCE -I/home/ildar/kyronix-ports/libs/openssl/stage/usr/include conftest.c >&5
configure:43410: $? = 0
configure:43410: result: yes
configure:43427: checking if ioctl can be linked
configure:43455: musl-gcc -fno-link-libatomic -idirafter /home/ildar/kyronix-ports/net/curl/kernel-headers -o conftest -Werror-implicit-function-declaration -O2 -Wno-system-headers  -D_GNU_SOURCE -I/home/ildar/kyronix-ports/libs/openssl/stage/usr/include  -L/home/ildar/kyronix-ports/libs/openssl/stage/usr/lib64 conftest.c -lssl -lcrypto -lssl -lcrypto  >&5
configure:43455: $? = 0
configure:43458: result: yes
configure:43473: checking if ioctl is prototyped
configure:43485: result: yes
configure:43501: checking if ioctl is compilable
configure:43519: musl-gcc -fno-link-libatomic -idirafter /home/ildar/kyronix-ports/net/curl/kernel-headers -c -Werror-implicit-function-declaration -O2 -Wno-system-headers  -D_GNU_SOURCE -I/home/ildar/kyronix-ports/libs/openssl/stage/usr/include conftest.c >&5
configure:43519: $? = 0
configure:43522: result: yes
configure:43537: checking if ioctl usage allowed
configure:43540: result: yes
configure:43550: checking if ioctl might be used
configure:43556: result: yes
configure:43565: checking if ioctl FIONBIO is compilable
configure:43584: musl-gcc -fno-link-libatomic -idirafter /home/ildar/kyronix-ports/net/curl/kernel-headers -c -Werror-implicit-function-declaration -O2 -Wno-system-headers  -D_GNU_SOURCE -I/home/ildar/kyronix-ports/libs/openssl/stage/usr/include conftest.c >&5
configure:43584: $? = 0
configure:43587: result: yes
configure:43602: checking if ioctl FIONBIO usage allowed
configure:43605: result: yes
configure:43615: checking if ioctl FIONBIO might be used
configure:43619: result: yes
configure:43637: checking if ioctl SIOCGIFADDR is compilable
configure:43657: musl-gcc -fno-link-libatomic -idirafter /home/ildar/kyronix-ports/net/curl/kernel-headers -c -Werror-implicit-function-declaration -O2 -Wno-system-headers  -D_GNU_SOURCE -I/home/ildar/kyronix-ports/libs/openssl/stage/usr/include conftest.c >&5
configure:43657: $? = 0
configure:43660: result: yes
configure:43675: checking if ioctl SIOCGIFADDR usage allowed
configure:43678: result: yes
configure:43688: checking if ioctl SIOCGIFADDR might be used
configure:43692: result: yes
configure:43718: checking if ioctlsocket can be linked
configure:43736: musl-gcc -fno-link-libatomic -idirafter /home/ildar/kyronix-ports/net/curl/kernel-headers -o conftest -Werror-implicit-function-declaration -O2 -Wno-system-headers  -D_GNU_SOURCE -I/home/ildar/kyronix-ports/libs/openssl/stage/usr/include  -L/home/ildar/kyronix-ports/libs/openssl/stage/usr/lib64 conftest.c -lssl -lcrypto -lssl -lcrypto  >&5
conftest.c: In function 'main':
conftest.c:149:10: error: implicit declaration of function 'ioctlsocket' [-Wimplicit-function-declaration]
  149 |       if(ioctlsocket(0, 0, 0))
      |          ^~~~~~~~~~~
configure:43736: $? = 1
configure: failed program was:
| /* confdefs.h */
| #define PACKAGE_NAME "curl"
| #define PACKAGE_TARNAME "curl"
| #define PACKAGE_VERSION "-"
| #define PACKAGE_STRING "curl -"
| #define PACKAGE_BUGREPORT "a suitable curl mailing list: https://curl.se/mail/"
| #define PACKAGE_URL ""
| #define HAVE_STDIO_H 1
| #define HAVE_STDLIB_H 1
| #define HAVE_STRING_H 1
| #define HAVE_INTTYPES_H 1
| #define HAVE_STDINT_H 1
| #define HAVE_STRINGS_H 1
| #define HAVE_SYS_STAT_H 1
| #define HAVE_SYS_TYPES_H 1
| #define HAVE_UNISTD_H 1
| #define STDC_HEADERS 1
| #define HAVE_STDATOMIC_H 1
| #define HAVE_ATOMIC 1
| #define PACKAGE "curl"
| #define VERSION "-"
| #define CURL_OS "x86_64-pc-linux-musl"
| #define HAVE_DLFCN_H 1
| #define LT_OBJDIR ".libs/"
| #define CURL_DISABLE_LDAP 1
| #define CURL_DISABLE_LDAPS 1
| #define HAVE_SYS_TYPES_H 1
| #define HAVE_CLOCK_GETTIME_MONOTONIC 1
| #define HAVE_SYS_TYPES_H 1
| #define HAVE_CLOCK_GETTIME_MONOTONIC_RAW 1
| #define USE_IPV6 1
| #define HAVE_SOCKADDR_IN6_SIN6_SCOPE_ID 1
| #define HAVE_WRITABLE_ARGV 1
| #define HAVE_LIBSSL 1
| #define HAVE_OPENSSL_RSA_H 1
| #define USE_OPENSSL 1
| #define HAVE_OPENSSL_CRYPTO_H 1
| #define USE_OPENSSL 1
| #define HAVE_OPENSSL_PEM_H 1
| #define USE_OPENSSL 1
| #define HAVE_OPENSSL_SSL_H 1
| #define USE_OPENSSL 1
| #define HAVE_OPENSSL_ERR_H 1
| #define USE_OPENSSL 1
| #define HAVE_SSL_SET_QUIC_TLS_CBS 1
| #define HAVE_DES_ECB_ENCRYPT 1
| #define HAVE_OPENSSL_SRP 1
| #define CURL_CA_BUNDLE "/etc/ssl/cert.pem"
| #define HAVE_SYS_TYPES_H 1
| #define HAVE_SYS_SELECT_H 1
| #define HAVE_SYS_IOCTL_H 1
| #define HAVE_UNISTD_H 1
| #define HAVE_ARPA_INET_H 1
| #define HAVE_NET_IF_H 1
| #define HAVE_NETINET_IN_H 1
| #define HAVE_SYS_UN_H 1
| #define HAVE_LINUX_TCP_H 1
| #define HAVE_NETINET_TCP_H 1
| #define HAVE_NETINET_UDP_H 1
| #define HAVE_NETDB_H 1
| #define HAVE_SYS_PARAM_H 1
| #define HAVE_TERMIOS_H 1
| #define HAVE_FCNTL_H 1
| #define HAVE_PWD_H 1
| #define HAVE_UTIME_H 1
| #define HAVE_SYS_POLL_H 1
| #define HAVE_POLL_H 1
| #define HAVE_SYS_RESOURCE_H 1
| #define HAVE_LIBGEN_H 1
| #define HAVE_LOCALE_H 1
| #define HAVE_STDBOOL_H 1
| #define HAVE_SYS_EVENTFD_H 1
| #define HAVE_SYS_TYPES_H 1
| #define HAVE_STRUCT_TIMEVAL 1
| #define SIZEOF_SIZE_T 8
| #define SIZEOF_LONG 8
| #define SIZEOF_INT 4
| #define SIZEOF_TIME_T 8
| #define SIZEOF_OFF_T 8
| #define SIZEOF_CURL_OFF_T 8
| #define SIZEOF_CURL_SOCKET_T 4
| #define HAVE_BOOL_T 1
| #define HAVE_SA_FAMILY_T 1
| #define HAVE_SUSECONDS_T 1
| #define HAVE_STRUCT_SOCKADDR_STORAGE 1
| #define HAVE_SYS_SELECT_H 1
| #define HAVE_SELECT 1
| #define HAVE_SYS_TYPES_H 1
| #define HAVE_RECV 1
| #define HAVE_SYS_TYPES_H 1
| #define HAVE_SEND 1
| #define HAVE_SYS_TYPES_H 1
| #define HAVE_UNISTD_H 1
| #define HAVE_ALARM 1
| #define HAVE_SYS_TYPES_H 1
| #define HAVE_STRINGS_H 1
| #define HAVE_SYS_TYPES_H 1
| #define HAVE_LIBGEN_H 1
| #define HAVE_BASENAME 1
| #define HAVE_SYS_TYPES_H 1
| #define HAVE_SYS_TYPES_H 1
| #define HAVE_UNISTD_H 1
| #define HAVE_FCNTL_H 1
| #define HAVE_FCNTL 1
| #define HAVE_FCNTL_O_NONBLOCK 1
| #define HAVE_SYS_TYPES_H 1
| #define HAVE_NETDB_H 1
| #define HAVE_FREEADDRINFO 1
| #define HAVE_SYS_TYPES_H 1
| #define HAVE_SYS_XATTR_H 1
| #define HAVE_FSETXATTR 1
| #define HAVE_FSETXATTR_5 1
| #define HAVE_SYS_TYPES_H 1
| #define HAVE_GETADDRINFO 1
| #define HAVE_GETADDRINFO_THREADSAFE 1
| #define HAVE_GETHOSTBYNAME_R 1
| #define HAVE_GETHOSTBYNAME_R_6 1
| #define GETHOSTNAME_TYPE_ARG2 size_t
| #define HAVE_GETHOSTNAME 1
| #define HAVE_SYS_TYPES_H 1
| #define HAVE_NETINET_IN_H 1
| #define HAVE_IFADDRS_H 1
| #define HAVE_GETIFADDRS 1
| #define HAVE_GETPEERNAME 1
| #define HAVE_GETSOCKNAME 1
| #define HAVE_SYS_TYPES_H 1
| #define HAVE_GMTIME_R 1
| #define HAVE_SYS_TYPES_H 1
| #define HAVE_UNISTD_H 1
| #define HAVE_SYS_IOCTL_H 1
| #define HAVE_STROPTS_H 1
| #define HAVE_IOCTL_FIONBIO 1
| #define HAVE_IOCTL_SIOCGIFADDR 1
| /* end confdefs.h.  */
| 
| 
|       /* includes start */
| #ifdef _WIN32
| #  ifndef WIN32_LEAN_AND_MEAN
| #  define WIN32_LEAN_AND_MEAN
| #  endif
| #  include <winsock2.h>
| #endif
| /* includes end */
| 
| int main(void)
| {
| 
|       if(ioctlsocket(0, 0, 0))
|         return 1;
| 
|   return 0;
| }
| 
configure:43745: result: no
configure:43831: checking if ioctlsocket might be used
configure:43916: result: no
configure:43928: checking if IoctlSocket can be linked
configure:43946: musl-gcc -fno-link-libatomic -idirafter /home/ildar/kyronix-ports/net/curl/kernel-headers -o conftest -Werror-implicit-function-declaration -O2 -Wno-system-headers  -D_GNU_SOURCE -I/home/ildar/kyronix-ports/libs/openssl/stage/usr/include  -L/home/ildar/kyronix-ports/libs/openssl/stage/usr/lib64 conftest.c -lssl -lcrypto -lssl -lcrypto  >&5
conftest.c: In function 'main':
conftest.c:157:10: error: implicit declaration of function 'IoctlSocket' [-Wimplicit-function-declaration]
  157 |       if(IoctlSocket(0, 0, 0))
      |          ^~~~~~~~~~~
configure:43946: $? = 1
configure: failed program was:
| /* confdefs.h */
| #define PACKAGE_NAME "curl"
| #define PACKAGE_TARNAME "curl"
| #define PACKAGE_VERSION "-"
| #define PACKAGE_STRING "curl -"
| #define PACKAGE_BUGREPORT "a suitable curl mailing list: https://curl.se/mail/"
| #define PACKAGE_URL ""
| #define HAVE_STDIO_H 1
| #define HAVE_STDLIB_H 1
| #define HAVE_STRING_H 1
| #define HAVE_INTTYPES_H 1
| #define HAVE_STDINT_H 1
| #define HAVE_STRINGS_H 1
| #define HAVE_SYS_STAT_H 1
| #define HAVE_SYS_TYPES_H 1
| #define HAVE_UNISTD_H 1
| #define STDC_HEADERS 1
| #define HAVE_STDATOMIC_H 1
| #define HAVE_ATOMIC 1
| #define PACKAGE "curl"
| #define VERSION "-"
| #define CURL_OS "x86_64-pc-linux-musl"
| #define HAVE_DLFCN_H 1
| #define LT_OBJDIR ".libs/"
| #define CURL_DISABLE_LDAP 1
| #define CURL_DISABLE_LDAPS 1
| #define HAVE_SYS_TYPES_H 1
| #define HAVE_CLOCK_GETTIME_MONOTONIC 1
| #define HAVE_SYS_TYPES_H 1
| #define HAVE_CLOCK_GETTIME_MONOTONIC_RAW 1
| #define USE_IPV6 1
| #define HAVE_SOCKADDR_IN6_SIN6_SCOPE_ID 1
| #define HAVE_WRITABLE_ARGV 1
| #define HAVE_LIBSSL 1
| #define HAVE_OPENSSL_RSA_H 1
| #define USE_OPENSSL 1
| #define HAVE_OPENSSL_CRYPTO_H 1
| #define USE_OPENSSL 1
| #define HAVE_OPENSSL_PEM_H 1
| #define USE_OPENSSL 1
| #define HAVE_OPENSSL_SSL_H 1
| #define USE_OPENSSL 1
| #define HAVE_OPENSSL_ERR_H 1
| #define USE_OPENSSL 1
| #define HAVE_SSL_SET_QUIC_TLS_CBS 1
| #define HAVE_DES_ECB_ENCRYPT 1
| #define HAVE_OPENSSL_SRP 1
| #define CURL_CA_BUNDLE "/etc/ssl/cert.pem"
| #define HAVE_SYS_TYPES_H 1
| #define HAVE_SYS_SELECT_H 1
| #define HAVE_SYS_IOCTL_H 1
| #define HAVE_UNISTD_H 1
| #define HAVE_ARPA_INET_H 1
| #define HAVE_NET_IF_H 1
| #define HAVE_NETINET_IN_H 1
| #define HAVE_SYS_UN_H 1
| #define HAVE_LINUX_TCP_H 1
| #define HAVE_NETINET_TCP_H 1
| #define HAVE_NETINET_UDP_H 1
| #define HAVE_NETDB_H 1
| #define HAVE_SYS_PARAM_H 1
| #define HAVE_TERMIOS_H 1
| #define HAVE_FCNTL_H 1
| #define HAVE_PWD_H 1
| #define HAVE_UTIME_H 1
| #define HAVE_SYS_POLL_H 1
| #define HAVE_POLL_H 1
| #define HAVE_SYS_RESOURCE_H 1
| #define HAVE_LIBGEN_H 1
| #define HAVE_LOCALE_H 1
| #define HAVE_STDBOOL_H 1
| #define HAVE_SYS_EVENTFD_H 1
| #define HAVE_SYS_TYPES_H 1
| #define HAVE_STRUCT_TIMEVAL 1
| #define SIZEOF_SIZE_T 8
| #define SIZEOF_LONG 8
| #define SIZEOF_INT 4
| #define SIZEOF_TIME_T 8
| #define SIZEOF_OFF_T 8
| #define SIZEOF_CURL_OFF_T 8
| #define SIZEOF_CURL_SOCKET_T 4
| #define HAVE_BOOL_T 1
| #define HAVE_SA_FAMILY_T 1
| #define HAVE_SUSECONDS_T 1
| #define HAVE_STRUCT_SOCKADDR_STORAGE 1
| #define HAVE_SYS_SELECT_H 1
| #define HAVE_SELECT 1
| #define HAVE_SYS_TYPES_H 1
| #define HAVE_RECV 1
| #define HAVE_SYS_TYPES_H 1
| #define HAVE_SEND 1
| #define HAVE_SYS_TYPES_H 1
| #define HAVE_UNISTD_H 1
| #define HAVE_ALARM 1
| #define HAVE_SYS_TYPES_H 1
| #define HAVE_STRINGS_H 1
| #define HAVE_SYS_TYPES_H 1
| #define HAVE_LIBGEN_H 1
| #define HAVE_BASENAME 1
| #define HAVE_SYS_TYPES_H 1
| #define HAVE_SYS_TYPES_H 1
| #define HAVE_UNISTD_H 1
| #define HAVE_FCNTL_H 1
| #define HAVE_FCNTL 1
| #define HAVE_FCNTL_O_NONBLOCK 1
| #define HAVE_SYS_TYPES_H 1
| #define HAVE_NETDB_H 1
| #define HAVE_FREEADDRINFO 1
| #define HAVE_SYS_TYPES_H 1
| #define HAVE_SYS_XATTR_H 1
| #define HAVE_FSETXATTR 1
| #define HAVE_FSETXATTR_5 1
| #define HAVE_SYS_TYPES_H 1
| #define HAVE_GETADDRINFO 1
| #define HAVE_GETADDRINFO_THREADSAFE 1
| #define HAVE_GETHOSTBYNAME_R 1
| #define HAVE_GETHOSTBYNAME_R_6 1
| #define GETHOSTNAME_TYPE_ARG2 size_t
| #define HAVE_GETHOSTNAME 1
| #define HAVE_SYS_TYPES_H 1
| #define HAVE_NETINET_IN_H 1
| #define HAVE_IFADDRS_H 1
| #define HAVE_GETIFADDRS 1
| #define HAVE_GETPEERNAME 1
| #define HAVE_GETSOCKNAME 1
| #define HAVE_SYS_TYPES_H 1
| #define HAVE_GMTIME_R 1
| #define HAVE_SYS_TYPES_H 1
| #define HAVE_UNISTD_H 1
| #define HAVE_SYS_IOCTL_H 1
| #define HAVE_STROPTS_H 1
| #define HAVE_IOCTL_FIONBIO 1
| #define HAVE_IOCTL_SIOCGIFADDR 1
| /* end confdefs.h.  */
| 
| 
|       /* includes start */
| #ifdef HAVE_PROTO_BSDSOCKET_H
| #  define __NO_NET_API
| #  define __USE_INLINE__
| #  include <proto/bsdsocket.h>
| #  ifdef HAVE_SYS_IOCTL_H
| #    include <sys/ioctl.h>
| #  endif
| #  ifdef __amigaos4__
| struct SocketIFace *ISocket = NULL;
| #  else
| struct Library *SocketBase = NULL;
| #  endif
| #  define select(a, b, c, d, e)  WaitSelect(a, b, c, d, e, 0)
| #endif
| /* includes end */
| 
| int main(void)
| {
| 
|       if(IoctlSocket(0, 0, 0))
|         return 1;
| 
|   return 0;
| }
| 
configure:43955: result: no
configure:44013: checking if IoctlSocket might be used
configure:44098: result: no
configure:44113: checking if localtime_r can be linked
configure:44141: musl-gcc -fno-link-libatomic -idirafter /home/ildar/kyronix-ports/net/curl/kernel-headers -o conftest -Werror-implicit-function-declaration -O2 -Wno-system-headers  -D_GNU_SOURCE -I/home/ildar/kyronix-ports/libs/openssl/stage/usr/include  -L/home/ildar/kyronix-ports/libs/openssl/stage/usr/lib64 conftest.c -lssl -lcrypto -lssl -lcrypto  >&5
configure:44141: $? = 0
configure:44144: result: yes
configure:44159: checking if localtime_r is prototyped
configure:44171: result: yes
configure:44187: checking if localtime_r is compilable
configure:44208: musl-gcc -fno-link-libatomic -idirafter /home/ildar/kyronix-ports/net/curl/kernel-headers -c -Werror-implicit-function-declaration -O2 -Wno-system-headers  -D_GNU_SOURCE -I/home/ildar/kyronix-ports/libs/openssl/stage/usr/include conftest.c >&5
configure:44208: $? = 0
configure:44211: result: yes
configure:44227: checking if localtime_r seems to work
configure:44315: sh ./run-compiler -o conftest -Werror-implicit-function-declaration -O2 -Wno-system-headers  -D_GNU_SOURCE -I/home/ildar/kyronix-ports/libs/openssl/stage/usr/include  -L/home/ildar/kyronix-ports/libs/openssl/stage/usr/lib64 conftest.c -lssl -lcrypto -lssl -lcrypto  >&5
configure:44315: $? = 0
configure:44315: ./conftest
configure:44315: $? = 0
configure:44317: result: yes
configure:44340: checking if localtime_r usage allowed
configure:44343: result: yes
configure:44353: checking if localtime_r might be used
configure:44360: result: yes
configure:44381: checking if memrchr can be linked
configure:44409: musl-gcc -fno-link-libatomic -idirafter /home/ildar/kyronix-ports/net/curl/kernel-headers -o conftest -Werror-implicit-function-declaration -O2 -Wno-system-headers  -D_GNU_SOURCE -I/home/ildar/kyronix-ports/libs/openssl/stage/usr/include  -L/home/ildar/kyronix-ports/libs/openssl/stage/usr/lib64 conftest.c -lssl -lcrypto -lssl -lcrypto  >&5
configure:44409: $? = 0
configure:44412: result: yes
configure:44464: checking if memrchr is prototyped
configure:44476: result: yes
configure:44493: checking if memrchr is compilable
configure:44511: musl-gcc -fno-link-libatomic -idirafter /home/ildar/kyronix-ports/net/curl/kernel-headers -c -Werror-implicit-function-declaration -O2 -Wno-system-headers  -D_GNU_SOURCE -I/home/ildar/kyronix-ports/libs/openssl/stage/usr/include conftest.c >&5
configure:44511: $? = 0
configure:44514: result: yes
configure:44529: checking if memrchr usage allowed
configure:44532: result: yes
configure:44542: checking if memrchr might be used
configure:44548: result: yes
configure:44568: checking for sys/types.h
configure:44568: result: yes
configure:44585: checking if sigaction can be linked
configure:44613: musl-gcc -fno-link-libatomic -idirafter /home/ildar/kyronix-ports/net/curl/kernel-headers -o conftest -Werror-implicit-function-declaration -O2 -Wno-system-headers  -D_GNU_SOURCE -I/home/ildar/kyronix-ports/libs/openssl/stage/usr/include  -L/home/ildar/kyronix-ports/libs/openssl/stage/usr/lib64 conftest.c -lssl -lcrypto -lssl -lcrypto  >&5
configure:44613: $? = 0
configure:44616: result: yes
configure:44631: checking if sigaction is prototyped
configure:44643: result: yes
configure:44659: checking if sigaction is compilable
configure:44677: musl-gcc -fno-link-libatomic -idirafter /home/ildar/kyronix-ports/net/curl/kernel-headers -c -Werror-implicit-function-declaration -O2 -Wno-system-headers  -D_GNU_SOURCE -I/home/ildar/kyronix-ports/libs/openssl/stage/usr/include conftest.c >&5
configure:44677: $? = 0
configure:44680: result: yes
configure:44695: checking if sigaction usage allowed
configure:44698: result: yes
configure:44708: checking if sigaction might be used
configure:44714: result: yes
configure:44734: checking if siginterrupt can be linked
configure:44762: musl-gcc -fno-link-libatomic -idirafter /home/ildar/kyronix-ports/net/curl/kernel-headers -o conftest -Werror-implicit-function-declaration -O2 -Wno-system-headers  -D_GNU_SOURCE -I/home/ildar/kyronix-ports/libs/openssl/stage/usr/include  -L/home/ildar/kyronix-ports/libs/openssl/stage/usr/lib64 conftest.c -lssl -lcrypto -lssl -lcrypto  >&5
configure:44762: $? = 0
configure:44765: result: yes
configure:44780: checking if siginterrupt is prototyped
configure:44792: result: yes
configure:44808: checking if siginterrupt is compilable
configure:44826: musl-gcc -fno-link-libatomic -idirafter /home/ildar/kyronix-ports/net/curl/kernel-headers -c -Werror-implicit-function-declaration -O2 -Wno-system-headers  -D_GNU_SOURCE -I/home/ildar/kyronix-ports/libs/openssl/stage/usr/include conftest.c >&5
configure:44826: $? = 0
configure:44829: result: yes
configure:44844: checking if siginterrupt usage allowed
configure:44847: result: yes
configure:44857: checking if siginterrupt might be used
configure:44863: result: yes
configure:44883: checking if signal can be linked
configure:44911: musl-gcc -fno-link-libatomic -idirafter /home/ildar/kyronix-ports/net/curl/kernel-headers -o conftest -Werror-implicit-function-declaration -O2 -Wno-system-headers  -D_GNU_SOURCE -I/home/ildar/kyronix-ports/libs/openssl/stage/usr/include  -L/home/ildar/kyronix-ports/libs/openssl/stage/usr/lib64 conftest.c -lssl -lcrypto -lssl -lcrypto  >&5
configure:44911: $? = 0
configure:44914: result: yes
configure:44929: checking if signal is prototyped
configure:44941: result: yes
configure:44957: checking if signal is compilable
configure:44975: musl-gcc -fno-link-libatomic -idirafter /home/ildar/kyronix-ports/net/curl/kernel-headers -c -Werror-implicit-function-declaration -O2 -Wno-system-headers  -D_GNU_SOURCE -I/home/ildar/kyronix-ports/libs/openssl/stage/usr/include conftest.c >&5
configure:44975: $? = 0
configure:44978: result: yes
configure:44993: checking if signal usage allowed
configure:44996: result: yes
configure:45006: checking if signal might be used
configure:45012: result: yes
configure:45032: checking for sys/types.h
configure:45032: result: yes
configure:45050: checking if sigsetjmp can be linked
configure:45078: musl-gcc -fno-link-libatomic -idirafter /home/ildar/kyronix-ports/net/curl/kernel-headers -o conftest -Werror-implicit-function-declaration -O2 -Wno-system-headers  -D_GNU_SOURCE -I/home/ildar/kyronix-ports/libs/openssl/stage/usr/include  -L/home/ildar/kyronix-ports/libs/openssl/stage/usr/lib64 conftest.c -lssl -lcrypto -lssl -lcrypto  >&5
configure:45078: $? = 0
configure:45081: result: yes
configure:45134: checking if sigsetjmp is prototyped
configure:45146: result: yes
configure:45163: checking if sigsetjmp is compilable
configure:45182: musl-gcc -fno-link-libatomic -idirafter /home/ildar/kyronix-ports/net/curl/kernel-headers -c -Werror-implicit-function-declaration -O2 -Wno-system-headers  -D_GNU_SOURCE -I/home/ildar/kyronix-ports/libs/openssl/stage/usr/include conftest.c >&5
configure:45182: $? = 0
configure:45185: result: yes
configure:45200: checking if sigsetjmp usage allowed
configure:45203: result: yes
configure:45213: checking if sigsetjmp might be used
configure:45219: result: yes
configure:45240: checking if socket can be linked
configure:45260: musl-gcc -fno-link-libatomic -idirafter /home/ildar/kyronix-ports/net/curl/kernel-headers -o conftest -Werror-implicit-function-declaration -O2 -Wno-system-headers  -D_GNU_SOURCE -I/home/ildar/kyronix-ports/libs/openssl/stage/usr/include  -L/home/ildar/kyronix-ports/libs/openssl/stage/usr/lib64 conftest.c -lssl -lcrypto -lssl -lcrypto  >&5
configure:45260: $? = 0
configure:45263: result: yes
configure:45278: checking if socket is prototyped
configure:45292: result: yes
configure:45308: checking if socket is compilable
configure:45328: musl-gcc -fno-link-libatomic -idirafter /home/ildar/kyronix-ports/net/curl/kernel-headers -c -Werror-implicit-function-declaration -O2 -Wno-system-headers  -D_GNU_SOURCE -I/home/ildar/kyronix-ports/libs/openssl/stage/usr/include conftest.c >&5
configure:45328: $? = 0
configure:45331: result: yes
configure:45346: checking if socket usage allowed
configure:45349: result: yes
configure:45359: checking if socket might be used
configure:45365: result: yes
configure:45385: checking if socketpair can be linked
configure:45413: musl-gcc -fno-link-libatomic -idirafter /home/ildar/kyronix-ports/net/curl/kernel-headers -o conftest -Werror-implicit-function-declaration -O2 -Wno-system-headers  -D_GNU_SOURCE -I/home/ildar/kyronix-ports/libs/openssl/stage/usr/include  -L/home/ildar/kyronix-ports/libs/openssl/stage/usr/lib64 conftest.c -lssl -lcrypto -lssl -lcrypto  >&5
configure:45413: $? = 0
configure:45416: result: yes
configure:45431: checking if socketpair is prototyped
configure:45443: result: yes
configure:45459: checking if socketpair is compilable
configure:45478: musl-gcc -fno-link-libatomic -idirafter /home/ildar/kyronix-ports/net/curl/kernel-headers -c -Werror-implicit-function-declaration -O2 -Wno-system-headers  -D_GNU_SOURCE -I/home/ildar/kyronix-ports/libs/openssl/stage/usr/include conftest.c >&5
configure:45478: $? = 0
configure:45481: result: yes
configure:45496: checking if socketpair usage allowed
configure:45499: result: yes
configure:45509: checking if socketpair might be used
configure:45515: result: yes
configure:45542: checking if strerror_r can be linked
configure:45570: musl-gcc -fno-link-libatomic -idirafter /home/ildar/kyronix-ports/net/curl/kernel-headers -o conftest -Werror-implicit-function-declaration -O2 -Wno-system-headers  -D_GNU_SOURCE -I/home/ildar/kyronix-ports/libs/openssl/stage/usr/include  -L/home/ildar/kyronix-ports/libs/openssl/stage/usr/lib64 conftest.c -lssl -lcrypto -lssl -lcrypto  >&5
configure:45570: $? = 0
configure:45573: result: yes
configure:45588: checking if strerror_r is prototyped
configure:45600: result: yes
configure:45616: checking if strerror_r is compilable
configure:45635: musl-gcc -fno-link-libatomic -idirafter /home/ildar/kyronix-ports/net/curl/kernel-headers -c -Werror-implicit-function-declaration -O2 -Wno-system-headers  -D_GNU_SOURCE -I/home/ildar/kyronix-ports/libs/openssl/stage/usr/include conftest.c >&5
configure:45635: $? = 0
configure:45638: result: yes
configure:45653: checking if strerror_r is glibc like
configure:45677: musl-gcc -fno-link-libatomic -idirafter /home/ildar/kyronix-ports/net/curl/kernel-headers -c -Werror-implicit-function-declaration -O2 -Wno-system-headers  -D_GNU_SOURCE -I/home/ildar/kyronix-ports/libs/openssl/stage/usr/include conftest.c >&5
conftest.c:156:19: error: conflicting types for 'strerror_r'; have 'char *(int,  char *, size_t)' {aka 'char *(int,  char *, long unsigned int)'}
  156 |             char *strerror_r(int errnum, char *workbuf, size_t bufsize);
      |                   ^~~~~~~~~~
In file included from conftest.c:151:
/usr/lib/musl/include/string.h:66:5: note: previous declaration of 'strerror_r' with type 'int(int,  char *, size_t)' {aka 'int(int,  char *, long unsigned int)'}
   66 | int strerror_r (int, char *, size_t);
      |     ^~~~~~~~~~
configure:45677: $? = 1
configure: failed program was:
| /* confdefs.h */
| #define PACKAGE_NAME "curl"
| #define PACKAGE_TARNAME "curl"
| #define PACKAGE_VERSION "-"
| #define PACKAGE_STRING "curl -"
| #define PACKAGE_BUGREPORT "a suitable curl mailing list: https://curl.se/mail/"
| #define PACKAGE_URL ""
| #define HAVE_STDIO_H 1
| #define HAVE_STDLIB_H 1
| #define HAVE_STRING_H 1
| #define HAVE_INTTYPES_H 1
| #define HAVE_STDINT_H 1
| #define HAVE_STRINGS_H 1
| #define HAVE_SYS_STAT_H 1
| #define HAVE_SYS_TYPES_H 1
| #define HAVE_UNISTD_H 1
| #define STDC_HEADERS 1
| #define HAVE_STDATOMIC_H 1
| #define HAVE_ATOMIC 1
| #define PACKAGE "curl"
| #define VERSION "-"
| #define CURL_OS "x86_64-pc-linux-musl"
| #define HAVE_DLFCN_H 1
| #define LT_OBJDIR ".libs/"
| #define CURL_DISABLE_LDAP 1
| #define CURL_DISABLE_LDAPS 1
| #define HAVE_SYS_TYPES_H 1
| #define HAVE_CLOCK_GETTIME_MONOTONIC 1
| #define HAVE_SYS_TYPES_H 1
| #define HAVE_CLOCK_GETTIME_MONOTONIC_RAW 1
| #define USE_IPV6 1
| #define HAVE_SOCKADDR_IN6_SIN6_SCOPE_ID 1
| #define HAVE_WRITABLE_ARGV 1
| #define HAVE_LIBSSL 1
| #define HAVE_OPENSSL_RSA_H 1
| #define USE_OPENSSL 1
| #define HAVE_OPENSSL_CRYPTO_H 1
| #define USE_OPENSSL 1
| #define HAVE_OPENSSL_PEM_H 1
| #define USE_OPENSSL 1
| #define HAVE_OPENSSL_SSL_H 1
| #define USE_OPENSSL 1
| #define HAVE_OPENSSL_ERR_H 1
| #define USE_OPENSSL 1
| #define HAVE_SSL_SET_QUIC_TLS_CBS 1
| #define HAVE_DES_ECB_ENCRYPT 1
| #define HAVE_OPENSSL_SRP 1
| #define CURL_CA_BUNDLE "/etc/ssl/cert.pem"
| #define HAVE_SYS_TYPES_H 1
| #define HAVE_SYS_SELECT_H 1
| #define HAVE_SYS_IOCTL_H 1
| #define HAVE_UNISTD_H 1
| #define HAVE_ARPA_INET_H 1
| #define HAVE_NET_IF_H 1
| #define HAVE_NETINET_IN_H 1
| #define HAVE_SYS_UN_H 1
| #define HAVE_LINUX_TCP_H 1
| #define HAVE_NETINET_TCP_H 1
| #define HAVE_NETINET_UDP_H 1
| #define HAVE_NETDB_H 1
| #define HAVE_SYS_PARAM_H 1
| #define HAVE_TERMIOS_H 1
| #define HAVE_FCNTL_H 1
| #define HAVE_PWD_H 1
| #define HAVE_UTIME_H 1
| #define HAVE_SYS_POLL_H 1
| #define HAVE_POLL_H 1
| #define HAVE_SYS_RESOURCE_H 1
| #define HAVE_LIBGEN_H 1
| #define HAVE_LOCALE_H 1
| #define HAVE_STDBOOL_H 1
| #define HAVE_SYS_EVENTFD_H 1
| #define HAVE_SYS_TYPES_H 1
| #define HAVE_STRUCT_TIMEVAL 1
| #define SIZEOF_SIZE_T 8
| #define SIZEOF_LONG 8
| #define SIZEOF_INT 4
| #define SIZEOF_TIME_T 8
| #define SIZEOF_OFF_T 8
| #define SIZEOF_CURL_OFF_T 8
| #define SIZEOF_CURL_SOCKET_T 4
| #define HAVE_BOOL_T 1
| #define HAVE_SA_FAMILY_T 1
| #define HAVE_SUSECONDS_T 1
| #define HAVE_STRUCT_SOCKADDR_STORAGE 1
| #define HAVE_SYS_SELECT_H 1
| #define HAVE_SELECT 1
| #define HAVE_SYS_TYPES_H 1
| #define HAVE_RECV 1
| #define HAVE_SYS_TYPES_H 1
| #define HAVE_SEND 1
| #define HAVE_SYS_TYPES_H 1
| #define HAVE_UNISTD_H 1
| #define HAVE_ALARM 1
| #define HAVE_SYS_TYPES_H 1
| #define HAVE_STRINGS_H 1
| #define HAVE_SYS_TYPES_H 1
| #define HAVE_LIBGEN_H 1
| #define HAVE_BASENAME 1
| #define HAVE_SYS_TYPES_H 1
| #define HAVE_SYS_TYPES_H 1
| #define HAVE_UNISTD_H 1
| #define HAVE_FCNTL_H 1
| #define HAVE_FCNTL 1
| #define HAVE_FCNTL_O_NONBLOCK 1
| #define HAVE_SYS_TYPES_H 1
| #define HAVE_NETDB_H 1
| #define HAVE_FREEADDRINFO 1
| #define HAVE_SYS_TYPES_H 1
| #define HAVE_SYS_XATTR_H 1
| #define HAVE_FSETXATTR 1
| #define HAVE_FSETXATTR_5 1
| #define HAVE_SYS_TYPES_H 1
| #define HAVE_GETADDRINFO 1
| #define HAVE_GETADDRINFO_THREADSAFE 1
| #define HAVE_GETHOSTBYNAME_R 1
| #define HAVE_GETHOSTBYNAME_R_6 1
| #define GETHOSTNAME_TYPE_ARG2 size_t
| #define HAVE_GETHOSTNAME 1
| #define HAVE_SYS_TYPES_H 1
| #define HAVE_NETINET_IN_H 1
| #define HAVE_IFADDRS_H 1
| #define HAVE_GETIFADDRS 1
| #define HAVE_GETPEERNAME 1
| #define HAVE_GETSOCKNAME 1
| #define HAVE_SYS_TYPES_H 1
| #define HAVE_GMTIME_R 1
| #define HAVE_SYS_TYPES_H 1
| #define HAVE_UNISTD_H 1
| #define HAVE_SYS_IOCTL_H 1
| #define HAVE_STROPTS_H 1
| #define HAVE_IOCTL_FIONBIO 1
| #define HAVE_IOCTL_SIOCGIFADDR 1
| #define HAVE_LOCALTIME_R 1
| #define HAVE_MEMRCHR 1
| #define HAVE_SYS_TYPES_H 1
| #define HAVE_SIGACTION 1
| #define HAVE_SIGINTERRUPT 1
| #define HAVE_SIGNAL 1
| #define HAVE_SYS_TYPES_H 1
| #define HAVE_SIGSETJMP 1
| #define HAVE_SOCKET 1
| #define HAVE_SOCKETPAIR 1
| /* end confdefs.h.  */
| 
| 
|             /* includes start */
| #ifdef HAVE_SYS_TYPES_H
| #  include <sys/types.h>
| #endif
| #include <string.h>
| #ifdef HAVE_STRINGS_H
| #  include <strings.h>
| #endif
| /* includes end */
|             char *strerror_r(int errnum, char *workbuf, size_t bufsize);
| 
| int main(void)
| {
| 
|             char s[1];
|             if(strerror_r(0, s, 0))
|               return 1;
|             (void)s;
| 
|   return 0;
| }
| 
configure:45677: musl-gcc -fno-link-libatomic -idirafter /home/ildar/kyronix-ports/net/curl/kernel-headers -c -Werror-implicit-function-declaration -O2 -Wno-system-headers  -D_GNU_SOURCE -I/home/ildar/kyronix-ports/libs/openssl/stage/usr/include conftest.c >&5
conftest.c:156:19: error: conflicting types for 'strerror_r'; have 'char *(int,  char *, int)'
  156 |             char *strerror_r(int errnum, char *workbuf, int bufsize);
      |                   ^~~~~~~~~~
In file included from conftest.c:151:
/usr/lib/musl/include/string.h:66:5: note: previous declaration of 'strerror_r' with type 'int(int,  char *, size_t)' {aka 'int(int,  char *, long unsigned int)'}
   66 | int strerror_r (int, char *, size_t);
      |     ^~~~~~~~~~
configure:45677: $? = 1
configure: failed program was:
| /* confdefs.h */
| #define PACKAGE_NAME "curl"
| #define PACKAGE_TARNAME "curl"
| #define PACKAGE_VERSION "-"
| #define PACKAGE_STRING "curl -"
| #define PACKAGE_BUGREPORT "a suitable curl mailing list: https://curl.se/mail/"
| #define PACKAGE_URL ""
| #define HAVE_STDIO_H 1
| #define HAVE_STDLIB_H 1
| #define HAVE_STRING_H 1
| #define HAVE_INTTYPES_H 1
| #define HAVE_STDINT_H 1
| #define HAVE_STRINGS_H 1
| #define HAVE_SYS_STAT_H 1
| #define HAVE_SYS_TYPES_H 1
| #define HAVE_UNISTD_H 1
| #define STDC_HEADERS 1
| #define HAVE_STDATOMIC_H 1
| #define HAVE_ATOMIC 1
| #define PACKAGE "curl"
| #define VERSION "-"
| #define CURL_OS "x86_64-pc-linux-musl"
| #define HAVE_DLFCN_H 1
| #define LT_OBJDIR ".libs/"
| #define CURL_DISABLE_LDAP 1
| #define CURL_DISABLE_LDAPS 1
| #define HAVE_SYS_TYPES_H 1
| #define HAVE_CLOCK_GETTIME_MONOTONIC 1
| #define HAVE_SYS_TYPES_H 1
| #define HAVE_CLOCK_GETTIME_MONOTONIC_RAW 1
| #define USE_IPV6 1
| #define HAVE_SOCKADDR_IN6_SIN6_SCOPE_ID 1
| #define HAVE_WRITABLE_ARGV 1
| #define HAVE_LIBSSL 1
| #define HAVE_OPENSSL_RSA_H 1
| #define USE_OPENSSL 1
| #define HAVE_OPENSSL_CRYPTO_H 1
| #define USE_OPENSSL 1
| #define HAVE_OPENSSL_PEM_H 1
| #define USE_OPENSSL 1
| #define HAVE_OPENSSL_SSL_H 1
| #define USE_OPENSSL 1
| #define HAVE_OPENSSL_ERR_H 1
| #define USE_OPENSSL 1
| #define HAVE_SSL_SET_QUIC_TLS_CBS 1
| #define HAVE_DES_ECB_ENCRYPT 1
| #define HAVE_OPENSSL_SRP 1
| #define CURL_CA_BUNDLE "/etc/ssl/cert.pem"
| #define HAVE_SYS_TYPES_H 1
| #define HAVE_SYS_SELECT_H 1
| #define HAVE_SYS_IOCTL_H 1
| #define HAVE_UNISTD_H 1
| #define HAVE_ARPA_INET_H 1
| #define HAVE_NET_IF_H 1
| #define HAVE_NETINET_IN_H 1
| #define HAVE_SYS_UN_H 1
| #define HAVE_LINUX_TCP_H 1
| #define HAVE_NETINET_TCP_H 1
| #define HAVE_NETINET_UDP_H 1
| #define HAVE_NETDB_H 1
| #define HAVE_SYS_PARAM_H 1
| #define HAVE_TERMIOS_H 1
| #define HAVE_FCNTL_H 1
| #define HAVE_PWD_H 1
| #define HAVE_UTIME_H 1
| #define HAVE_SYS_POLL_H 1
| #define HAVE_POLL_H 1
| #define HAVE_SYS_RESOURCE_H 1
| #define HAVE_LIBGEN_H 1
| #define HAVE_LOCALE_H 1
| #define HAVE_STDBOOL_H 1
| #define HAVE_SYS_EVENTFD_H 1
| #define HAVE_SYS_TYPES_H 1
| #define HAVE_STRUCT_TIMEVAL 1
| #define SIZEOF_SIZE_T 8
| #define SIZEOF_LONG 8
| #define SIZEOF_INT 4
| #define SIZEOF_TIME_T 8
| #define SIZEOF_OFF_T 8
| #define SIZEOF_CURL_OFF_T 8
| #define SIZEOF_CURL_SOCKET_T 4
| #define HAVE_BOOL_T 1
| #define HAVE_SA_FAMILY_T 1
| #define HAVE_SUSECONDS_T 1
| #define HAVE_STRUCT_SOCKADDR_STORAGE 1
| #define HAVE_SYS_SELECT_H 1
| #define HAVE_SELECT 1
| #define HAVE_SYS_TYPES_H 1
| #define HAVE_RECV 1
| #define HAVE_SYS_TYPES_H 1
| #define HAVE_SEND 1
| #define HAVE_SYS_TYPES_H 1
| #define HAVE_UNISTD_H 1
| #define HAVE_ALARM 1
| #define HAVE_SYS_TYPES_H 1
| #define HAVE_STRINGS_H 1
| #define HAVE_SYS_TYPES_H 1
| #define HAVE_LIBGEN_H 1
| #define HAVE_BASENAME 1
| #define HAVE_SYS_TYPES_H 1
| #define HAVE_SYS_TYPES_H 1
| #define HAVE_UNISTD_H 1
| #define HAVE_FCNTL_H 1
| #define HAVE_FCNTL 1
| #define HAVE_FCNTL_O_NONBLOCK 1
| #define HAVE_SYS_TYPES_H 1
| #define HAVE_NETDB_H 1
| #define HAVE_FREEADDRINFO 1
| #define HAVE_SYS_TYPES_H 1
| #define HAVE_SYS_XATTR_H 1
| #define HAVE_FSETXATTR 1
| #define HAVE_FSETXATTR_5 1
| #define HAVE_SYS_TYPES_H 1
| #define HAVE_GETADDRINFO 1
| #define HAVE_GETADDRINFO_THREADSAFE 1
| #define HAVE_GETHOSTBYNAME_R 1
| #define HAVE_GETHOSTBYNAME_R_6 1
| #define GETHOSTNAME_TYPE_ARG2 size_t
| #define HAVE_GETHOSTNAME 1
| #define HAVE_SYS_TYPES_H 1
| #define HAVE_NETINET_IN_H 1
| #define HAVE_IFADDRS_H 1
| #define HAVE_GETIFADDRS 1
| #define HAVE_GETPEERNAME 1
| #define HAVE_GETSOCKNAME 1
| #define HAVE_SYS_TYPES_H 1
| #define HAVE_GMTIME_R 1
| #define HAVE_SYS_TYPES_H 1
| #define HAVE_UNISTD_H 1
| #define HAVE_SYS_IOCTL_H 1
| #define HAVE_STROPTS_H 1
| #define HAVE_IOCTL_FIONBIO 1
| #define HAVE_IOCTL_SIOCGIFADDR 1
| #define HAVE_LOCALTIME_R 1
| #define HAVE_MEMRCHR 1
| #define HAVE_SYS_TYPES_H 1
| #define HAVE_SIGACTION 1
| #define HAVE_SIGINTERRUPT 1
| #define HAVE_SIGNAL 1
| #define HAVE_SYS_TYPES_H 1
| #define HAVE_SIGSETJMP 1
| #define HAVE_SOCKET 1
| #define HAVE_SOCKETPAIR 1
| /* end confdefs.h.  */
| 
| 
|             /* includes start */
| #ifdef HAVE_SYS_TYPES_H
| #  include <sys/types.h>
| #endif
| #include <string.h>
| #ifdef HAVE_STRINGS_H
| #  include <strings.h>
| #endif
| /* includes end */
|             char *strerror_r(int errnum, char *workbuf, int bufsize);
| 
| int main(void)
| {
| 
|             char s[1];
|             if(strerror_r(0, s, 0))
|               return 1;
|             (void)s;
| 
|   return 0;
| }
| 
configure:45677: musl-gcc -fno-link-libatomic -idirafter /home/ildar/kyronix-ports/net/curl/kernel-headers -c -Werror-implicit-function-declaration -O2 -Wno-system-headers  -D_GNU_SOURCE -I/home/ildar/kyronix-ports/libs/openssl/stage/usr/include conftest.c >&5
conftest.c:156:19: error: conflicting types for 'strerror_r'; have 'char *(int,  char *, unsigned int)'
  156 |             char *strerror_r(int errnum, char *workbuf, unsigned int bufsize);
      |                   ^~~~~~~~~~
In file included from conftest.c:151:
/usr/lib/musl/include/string.h:66:5: note: previous declaration of 'strerror_r' with type 'int(int,  char *, size_t)' {aka 'int(int,  char *, long unsigned int)'}
   66 | int strerror_r (int, char *, size_t);
      |     ^~~~~~~~~~
configure:45677: $? = 1
configure: failed program was:
| /* confdefs.h */
| #define PACKAGE_NAME "curl"
| #define PACKAGE_TARNAME "curl"
| #define PACKAGE_VERSION "-"
| #define PACKAGE_STRING "curl -"
| #define PACKAGE_BUGREPORT "a suitable curl mailing list: https://curl.se/mail/"
| #define PACKAGE_URL ""
| #define HAVE_STDIO_H 1
| #define HAVE_STDLIB_H 1
| #define HAVE_STRING_H 1
| #define HAVE_INTTYPES_H 1
| #define HAVE_STDINT_H 1
| #define HAVE_STRINGS_H 1
| #define HAVE_SYS_STAT_H 1
| #define HAVE_SYS_TYPES_H 1
| #define HAVE_UNISTD_H 1
| #define STDC_HEADERS 1
| #define HAVE_STDATOMIC_H 1
| #define HAVE_ATOMIC 1
| #define PACKAGE "curl"
| #define VERSION "-"
| #define CURL_OS "x86_64-pc-linux-musl"
| #define HAVE_DLFCN_H 1
| #define LT_OBJDIR ".libs/"
| #define CURL_DISABLE_LDAP 1
| #define CURL_DISABLE_LDAPS 1
| #define HAVE_SYS_TYPES_H 1
| #define HAVE_CLOCK_GETTIME_MONOTONIC 1
| #define HAVE_SYS_TYPES_H 1
| #define HAVE_CLOCK_GETTIME_MONOTONIC_RAW 1
| #define USE_IPV6 1
| #define HAVE_SOCKADDR_IN6_SIN6_SCOPE_ID 1
| #define HAVE_WRITABLE_ARGV 1
| #define HAVE_LIBSSL 1
| #define HAVE_OPENSSL_RSA_H 1
| #define USE_OPENSSL 1
| #define HAVE_OPENSSL_CRYPTO_H 1
| #define USE_OPENSSL 1
| #define HAVE_OPENSSL_PEM_H 1
| #define USE_OPENSSL 1
| #define HAVE_OPENSSL_SSL_H 1
| #define USE_OPENSSL 1
| #define HAVE_OPENSSL_ERR_H 1
| #define USE_OPENSSL 1
| #define HAVE_SSL_SET_QUIC_TLS_CBS 1
| #define HAVE_DES_ECB_ENCRYPT 1
| #define HAVE_OPENSSL_SRP 1
| #define CURL_CA_BUNDLE "/etc/ssl/cert.pem"
| #define HAVE_SYS_TYPES_H 1
| #define HAVE_SYS_SELECT_H 1
| #define HAVE_SYS_IOCTL_H 1
| #define HAVE_UNISTD_H 1
| #define HAVE_ARPA_INET_H 1
| #define HAVE_NET_IF_H 1
| #define HAVE_NETINET_IN_H 1
| #define HAVE_SYS_UN_H 1
| #define HAVE_LINUX_TCP_H 1
| #define HAVE_NETINET_TCP_H 1
| #define HAVE_NETINET_UDP_H 1
| #define HAVE_NETDB_H 1
| #define HAVE_SYS_PARAM_H 1
| #define HAVE_TERMIOS_H 1
| #define HAVE_FCNTL_H 1
| #define HAVE_PWD_H 1
| #define HAVE_UTIME_H 1
| #define HAVE_SYS_POLL_H 1
| #define HAVE_POLL_H 1
| #define HAVE_SYS_RESOURCE_H 1
| #define HAVE_LIBGEN_H 1
| #define HAVE_LOCALE_H 1
| #define HAVE_STDBOOL_H 1
| #define HAVE_SYS_EVENTFD_H 1
| #define HAVE_SYS_TYPES_H 1
| #define HAVE_STRUCT_TIMEVAL 1
| #define SIZEOF_SIZE_T 8
| #define SIZEOF_LONG 8
| #define SIZEOF_INT 4
| #define SIZEOF_TIME_T 8
| #define SIZEOF_OFF_T 8
| #define SIZEOF_CURL_OFF_T 8
| #define SIZEOF_CURL_SOCKET_T 4
| #define HAVE_BOOL_T 1
| #define HAVE_SA_FAMILY_T 1
| #define HAVE_SUSECONDS_T 1
| #define HAVE_STRUCT_SOCKADDR_STORAGE 1
| #define HAVE_SYS_SELECT_H 1
| #define HAVE_SELECT 1
| #define HAVE_SYS_TYPES_H 1
| #define HAVE_RECV 1
| #define HAVE_SYS_TYPES_H 1
| #define HAVE_SEND 1
| #define HAVE_SYS_TYPES_H 1
| #define HAVE_UNISTD_H 1
| #define HAVE_ALARM 1
| #define HAVE_SYS_TYPES_H 1
| #define HAVE_STRINGS_H 1
| #define HAVE_SYS_TYPES_H 1
| #define HAVE_LIBGEN_H 1
| #define HAVE_BASENAME 1
| #define HAVE_SYS_TYPES_H 1
| #define HAVE_SYS_TYPES_H 1
| #define HAVE_UNISTD_H 1
| #define HAVE_FCNTL_H 1
| #define HAVE_FCNTL 1
| #define HAVE_FCNTL_O_NONBLOCK 1
| #define HAVE_SYS_TYPES_H 1
| #define HAVE_NETDB_H 1
| #define HAVE_FREEADDRINFO 1
| #define HAVE_SYS_TYPES_H 1
| #define HAVE_SYS_XATTR_H 1
| #define HAVE_FSETXATTR 1
| #define HAVE_FSETXATTR_5 1
| #define HAVE_SYS_TYPES_H 1
| #define HAVE_GETADDRINFO 1
| #define HAVE_GETADDRINFO_THREADSAFE 1
| #define HAVE_GETHOSTBYNAME_R 1
| #define HAVE_GETHOSTBYNAME_R_6 1
| #define GETHOSTNAME_TYPE_ARG2 size_t
| #define HAVE_GETHOSTNAME 1
| #define HAVE_SYS_TYPES_H 1
| #define HAVE_NETINET_IN_H 1
| #define HAVE_IFADDRS_H 1
| #define HAVE_GETIFADDRS 1
| #define HAVE_GETPEERNAME 1
| #define HAVE_GETSOCKNAME 1
| #define HAVE_SYS_TYPES_H 1
| #define HAVE_GMTIME_R 1
| #define HAVE_SYS_TYPES_H 1
| #define HAVE_UNISTD_H 1
| #define HAVE_SYS_IOCTL_H 1
| #define HAVE_STROPTS_H 1
| #define HAVE_IOCTL_FIONBIO 1
| #define HAVE_IOCTL_SIOCGIFADDR 1
| #define HAVE_LOCALTIME_R 1
| #define HAVE_MEMRCHR 1
| #define HAVE_SYS_TYPES_H 1
| #define HAVE_SIGACTION 1
| #define HAVE_SIGINTERRUPT 1
| #define HAVE_SIGNAL 1
| #define HAVE_SYS_TYPES_H 1
| #define HAVE_SIGSETJMP 1
| #define HAVE_SOCKET 1
| #define HAVE_SOCKETPAIR 1
| /* end confdefs.h.  */
| 
| 
|             /* includes start */
| #ifdef HAVE_SYS_TYPES_H
| #  include <sys/types.h>
| #endif
| #include <string.h>
| #ifdef HAVE_STRINGS_H
| #  include <strings.h>
| #endif
| /* includes end */
|             char *strerror_r(int errnum, char *workbuf, unsigned int bufsize);
| 
| int main(void)
| {
| 
|             char s[1];
|             if(strerror_r(0, s, 0))
|               return 1;
|             (void)s;
| 
|   return 0;
| }
| 
configure:45688: result: no
configure:45819: checking if strerror_r is POSIX like
configure:45843: musl-gcc -fno-link-libatomic -idirafter /home/ildar/kyronix-ports/net/curl/kernel-headers -c -Werror-implicit-function-declaration -O2 -Wno-system-headers  -D_GNU_SOURCE -I/home/ildar/kyronix-ports/libs/openssl/stage/usr/include conftest.c >&5
configure:45843: $? = 0
configure:45859: result: yes
configure:45868: checking if strerror_r seems to work
configure:45960: sh ./run-compiler -o conftest -Werror-implicit-function-declaration -O2 -Wno-system-headers  -D_GNU_SOURCE -I/home/ildar/kyronix-ports/libs/openssl/stage/usr/include  -L/home/ildar/kyronix-ports/libs/openssl/stage/usr/lib64 conftest.c -lssl -lcrypto -lssl -lcrypto  >&5
configure:45960: $? = 0
configure:45960: ./conftest
configure:45960: $? = 0
configure:45962: result: yes
configure:46000: checking if strerror_r usage allowed
configure:46003: result: yes
configure:46013: checking if strerror_r might be used
configure:46019: result: yes
configure:46060: checking for accept4
configure:46060: musl-gcc -fno-link-libatomic -idirafter /home/ildar/kyronix-ports/net/curl/kernel-headers -o conftest -Werror-implicit-function-declaration -O2 -Wno-system-headers  -D_GNU_SOURCE -I/home/ildar/kyronix-ports/libs/openssl/stage/usr/include  -L/home/ildar/kyronix-ports/libs/openssl/stage/usr/lib64 conftest.c -lssl -lcrypto -lssl -lcrypto  >&5
configure:46060: $? = 0
configure:46060: result: yes
configure:46066: checking for eventfd
configure:46066: musl-gcc -fno-link-libatomic -idirafter /home/ildar/kyronix-ports/net/curl/kernel-headers -o conftest -Werror-implicit-function-declaration -O2 -Wno-system-headers  -D_GNU_SOURCE -I/home/ildar/kyronix-ports/libs/openssl/stage/usr/include  -L/home/ildar/kyronix-ports/libs/openssl/stage/usr/lib64 conftest.c -lssl -lcrypto -lssl -lcrypto  >&5
configure:46066: $? = 0
configure:46066: result: yes
configure:46072: checking for fnmatch
configure:46072: musl-gcc -fno-link-libatomic -idirafter /home/ildar/kyronix-ports/net/curl/kernel-headers -o conftest -Werror-implicit-function-declaration -O2 -Wno-system-headers  -D_GNU_SOURCE -I/home/ildar/kyronix-ports/libs/openssl/stage/usr/include  -L/home/ildar/kyronix-ports/libs/openssl/stage/usr/lib64 conftest.c -lssl -lcrypto -lssl -lcrypto  >&5
configure:46072: $? = 0
configure:46072: result: yes
configure:46078: checking for geteuid
configure:46078: musl-gcc -fno-link-libatomic -idirafter /home/ildar/kyronix-ports/net/curl/kernel-headers -o conftest -Werror-implicit-function-declaration -O2 -Wno-system-headers  -D_GNU_SOURCE -I/home/ildar/kyronix-ports/libs/openssl/stage/usr/include  -L/home/ildar/kyronix-ports/libs/openssl/stage/usr/lib64 conftest.c -lssl -lcrypto -lssl -lcrypto  >&5
configure:46078: $? = 0
configure:46078: result: yes
configure:46084: checking for getpass_r
configure:46084: musl-gcc -fno-link-libatomic -idirafter /home/ildar/kyronix-ports/net/curl/kernel-headers -o conftest -Werror-implicit-function-declaration -O2 -Wno-system-headers  -D_GNU_SOURCE -I/home/ildar/kyronix-ports/libs/openssl/stage/usr/include  -L/home/ildar/kyronix-ports/libs/openssl/stage/usr/lib64 conftest.c -lssl -lcrypto -lssl -lcrypto  >&5
/usr/bin/ld: /tmp/ccf5megh.o: in function `main':
conftest.c:(.text.startup+0x5): undefined reference to `getpass_r'
collect2: error: ld returned 1 exit status
configure:46084: $? = 1
configure: failed program was:
| /* confdefs.h */
| #define PACKAGE_NAME "curl"
| #define PACKAGE_TARNAME "curl"
| #define PACKAGE_VERSION "-"
| #define PACKAGE_STRING "curl -"
| #define PACKAGE_BUGREPORT "a suitable curl mailing list: https://curl.se/mail/"
| #define PACKAGE_URL ""
| #define HAVE_STDIO_H 1
| #define HAVE_STDLIB_H 1
| #define HAVE_STRING_H 1
| #define HAVE_INTTYPES_H 1
| #define HAVE_STDINT_H 1
| #define HAVE_STRINGS_H 1
| #define HAVE_SYS_STAT_H 1
| #define HAVE_SYS_TYPES_H 1
| #define HAVE_UNISTD_H 1
| #define STDC_HEADERS 1
| #define HAVE_STDATOMIC_H 1
| #define HAVE_ATOMIC 1
| #define PACKAGE "curl"
| #define VERSION "-"
| #define CURL_OS "x86_64-pc-linux-musl"
| #define HAVE_DLFCN_H 1
| #define LT_OBJDIR ".libs/"
| #define CURL_DISABLE_LDAP 1
| #define CURL_DISABLE_LDAPS 1
| #define HAVE_SYS_TYPES_H 1
| #define HAVE_CLOCK_GETTIME_MONOTONIC 1
| #define HAVE_SYS_TYPES_H 1
| #define HAVE_CLOCK_GETTIME_MONOTONIC_RAW 1
| #define USE_IPV6 1
| #define HAVE_SOCKADDR_IN6_SIN6_SCOPE_ID 1
| #define HAVE_WRITABLE_ARGV 1
| #define HAVE_LIBSSL 1
| #define HAVE_OPENSSL_RSA_H 1
| #define USE_OPENSSL 1
| #define HAVE_OPENSSL_CRYPTO_H 1
| #define USE_OPENSSL 1
| #define HAVE_OPENSSL_PEM_H 1
| #define USE_OPENSSL 1
| #define HAVE_OPENSSL_SSL_H 1
| #define USE_OPENSSL 1
| #define HAVE_OPENSSL_ERR_H 1
| #define USE_OPENSSL 1
| #define HAVE_SSL_SET_QUIC_TLS_CBS 1
| #define HAVE_DES_ECB_ENCRYPT 1
| #define HAVE_OPENSSL_SRP 1
| #define CURL_CA_BUNDLE "/etc/ssl/cert.pem"
| #define HAVE_SYS_TYPES_H 1
| #define HAVE_SYS_SELECT_H 1
| #define HAVE_SYS_IOCTL_H 1
| #define HAVE_UNISTD_H 1
| #define HAVE_ARPA_INET_H 1
| #define HAVE_NET_IF_H 1
| #define HAVE_NETINET_IN_H 1
| #define HAVE_SYS_UN_H 1
| #define HAVE_LINUX_TCP_H 1
| #define HAVE_NETINET_TCP_H 1
| #define HAVE_NETINET_UDP_H 1
| #define HAVE_NETDB_H 1
| #define HAVE_SYS_PARAM_H 1
| #define HAVE_TERMIOS_H 1
| #define HAVE_FCNTL_H 1
| #define HAVE_PWD_H 1
| #define HAVE_UTIME_H 1
| #define HAVE_SYS_POLL_H 1
| #define HAVE_POLL_H 1
| #define HAVE_SYS_RESOURCE_H 1
| #define HAVE_LIBGEN_H 1
| #define HAVE_LOCALE_H 1
| #define HAVE_STDBOOL_H 1
| #define HAVE_SYS_EVENTFD_H 1
| #define HAVE_SYS_TYPES_H 1
| #define HAVE_STRUCT_TIMEVAL 1
| #define SIZEOF_SIZE_T 8
| #define SIZEOF_LONG 8
| #define SIZEOF_INT 4
| #define SIZEOF_TIME_T 8
| #define SIZEOF_OFF_T 8
| #define SIZEOF_CURL_OFF_T 8
| #define SIZEOF_CURL_SOCKET_T 4
| #define HAVE_BOOL_T 1
| #define HAVE_SA_FAMILY_T 1
| #define HAVE_SUSECONDS_T 1
| #define HAVE_STRUCT_SOCKADDR_STORAGE 1
| #define HAVE_SYS_SELECT_H 1
| #define HAVE_SELECT 1
| #define HAVE_SYS_TYPES_H 1
| #define HAVE_RECV 1
| #define HAVE_SYS_TYPES_H 1
| #define HAVE_SEND 1
| #define HAVE_SYS_TYPES_H 1
| #define HAVE_UNISTD_H 1
| #define HAVE_ALARM 1
| #define HAVE_SYS_TYPES_H 1
| #define HAVE_STRINGS_H 1
| #define HAVE_SYS_TYPES_H 1
| #define HAVE_LIBGEN_H 1
| #define HAVE_BASENAME 1
| #define HAVE_SYS_TYPES_H 1
| #define HAVE_SYS_TYPES_H 1
| #define HAVE_UNISTD_H 1
| #define HAVE_FCNTL_H 1
| #define HAVE_FCNTL 1
| #define HAVE_FCNTL_O_NONBLOCK 1
| #define HAVE_SYS_TYPES_H 1
| #define HAVE_NETDB_H 1
| #define HAVE_FREEADDRINFO 1
| #define HAVE_SYS_TYPES_H 1
| #define HAVE_SYS_XATTR_H 1
| #define HAVE_FSETXATTR 1
| #define HAVE_FSETXATTR_5 1
| #define HAVE_SYS_TYPES_H 1
| #define HAVE_GETADDRINFO 1
| #define HAVE_GETADDRINFO_THREADSAFE 1
| #define HAVE_GETHOSTBYNAME_R 1
| #define HAVE_GETHOSTBYNAME_R_6 1
| #define GETHOSTNAME_TYPE_ARG2 size_t
| #define HAVE_GETHOSTNAME 1
| #define HAVE_SYS_TYPES_H 1
| #define HAVE_NETINET_IN_H 1
| #define HAVE_IFADDRS_H 1
| #define HAVE_GETIFADDRS 1
| #define HAVE_GETPEERNAME 1
| #define HAVE_GETSOCKNAME 1
| #define HAVE_SYS_TYPES_H 1
| #define HAVE_GMTIME_R 1
| #define HAVE_SYS_TYPES_H 1
| #define HAVE_UNISTD_H 1
| #define HAVE_SYS_IOCTL_H 1
| #define HAVE_STROPTS_H 1
| #define HAVE_IOCTL_FIONBIO 1
| #define HAVE_IOCTL_SIOCGIFADDR 1
| #define HAVE_LOCALTIME_R 1
| #define HAVE_MEMRCHR 1
| #define HAVE_SYS_TYPES_H 1
| #define HAVE_SIGACTION 1
| #define HAVE_SIGINTERRUPT 1
| #define HAVE_SIGNAL 1
| #define HAVE_SYS_TYPES_H 1
| #define HAVE_SIGSETJMP 1
| #define HAVE_SOCKET 1
| #define HAVE_SOCKETPAIR 1
| #define HAVE_STRERROR_R 1
| #define HAVE_POSIX_STRERROR_R 1
| #define HAVE_ACCEPT4 1
| #define HAVE_EVENTFD 1
| #define HAVE_FNMATCH 1
| #define HAVE_GETEUID 1
| /* end confdefs.h.  */
| 
| #define getpass_r innocuous_getpass_r
| #ifdef __STDC__
| #  include <limits.h>
| #else
| #  include <assert.h>
| #endif
| #undef getpass_r
| #ifdef __cplusplus
| extern "C"
| #endif
| char getpass_r ();
| #if defined __stub_getpass_r || defined __stub___getpass_r
| #error force compilation error
| #endif
| 
| int main(void)
| {
| return getpass_r ();
|   return 0;
| }
configure:46084: result: no
configure:46090: checking for getppid
configure:46090: musl-gcc -fno-link-libatomic -idirafter /home/ildar/kyronix-ports/net/curl/kernel-headers -o conftest -Werror-implicit-function-declaration -O2 -Wno-system-headers  -D_GNU_SOURCE -I/home/ildar/kyronix-ports/libs/openssl/stage/usr/include  -L/home/ildar/kyronix-ports/libs/openssl/stage/usr/lib64 conftest.c -lssl -lcrypto -lssl -lcrypto  >&5
configure:46090: $? = 0
configure:46090: result: yes
configure:46096: checking for getpwuid
configure:46096: musl-gcc -fno-link-libatomic -idirafter /home/ildar/kyronix-ports/net/curl/kernel-headers -o conftest -Werror-implicit-function-declaration -O2 -Wno-system-headers  -D_GNU_SOURCE -I/home/ildar/kyronix-ports/libs/openssl/stage/usr/include  -L/home/ildar/kyronix-ports/libs/openssl/stage/usr/lib64 conftest.c -lssl -lcrypto -lssl -lcrypto  >&5
configure:46096: $? = 0
configure:46096: result: yes
configure:46102: checking for getpwuid_r
configure:46102: musl-gcc -fno-link-libatomic -idirafter /home/ildar/kyronix-ports/net/curl/kernel-headers -o conftest -Werror-implicit-function-declaration -O2 -Wno-system-headers  -D_GNU_SOURCE -I/home/ildar/kyronix-ports/libs/openssl/stage/usr/include  -L/home/ildar/kyronix-ports/libs/openssl/stage/usr/lib64 conftest.c -lssl -lcrypto -lssl -lcrypto  >&5
configure:46102: $? = 0
configure:46102: result: yes
configure:46108: checking for getrlimit
configure:46108: musl-gcc -fno-link-libatomic -idirafter /home/ildar/kyronix-ports/net/curl/kernel-headers -o conftest -Werror-implicit-function-declaration -O2 -Wno-system-headers  -D_GNU_SOURCE -I/home/ildar/kyronix-ports/libs/openssl/stage/usr/include  -L/home/ildar/kyronix-ports/libs/openssl/stage/usr/lib64 conftest.c -lssl -lcrypto -lssl -lcrypto  >&5
configure:46108: $? = 0
configure:46108: result: yes
configure:46114: checking for gettimeofday
configure:46114: musl-gcc -fno-link-libatomic -idirafter /home/ildar/kyronix-ports/net/curl/kernel-headers -o conftest -Werror-implicit-function-declaration -O2 -Wno-system-headers  -D_GNU_SOURCE -I/home/ildar/kyronix-ports/libs/openssl/stage/usr/include  -L/home/ildar/kyronix-ports/libs/openssl/stage/usr/lib64 conftest.c -lssl -lcrypto -lssl -lcrypto  >&5
configure:46114: $? = 0
configure:46114: result: yes
configure:46120: checking for mach_absolute_time
configure:46120: musl-gcc -fno-link-libatomic -idirafter /home/ildar/kyronix-ports/net/curl/kernel-headers -o conftest -Werror-implicit-function-declaration -O2 -Wno-system-headers  -D_GNU_SOURCE -I/home/ildar/kyronix-ports/libs/openssl/stage/usr/include  -L/home/ildar/kyronix-ports/libs/openssl/stage/usr/lib64 conftest.c -lssl -lcrypto -lssl -lcrypto  >&5
/usr/bin/ld: /tmp/cceYHexd.o: in function `main':
conftest.c:(.text.startup+0x5): undefined reference to `mach_absolute_time'
collect2: error: ld returned 1 exit status
configure:46120: $? = 1
configure: failed program was:
| /* confdefs.h */
| #define PACKAGE_NAME "curl"
| #define PACKAGE_TARNAME "curl"
| #define PACKAGE_VERSION "-"
| #define PACKAGE_STRING "curl -"
| #define PACKAGE_BUGREPORT "a suitable curl mailing list: https://curl.se/mail/"
| #define PACKAGE_URL ""
| #define HAVE_STDIO_H 1
| #define HAVE_STDLIB_H 1
| #define HAVE_STRING_H 1
| #define HAVE_INTTYPES_H 1
| #define HAVE_STDINT_H 1
| #define HAVE_STRINGS_H 1
| #define HAVE_SYS_STAT_H 1
| #define HAVE_SYS_TYPES_H 1
| #define HAVE_UNISTD_H 1
| #define STDC_HEADERS 1
| #define HAVE_STDATOMIC_H 1
| #define HAVE_ATOMIC 1
| #define PACKAGE "curl"
| #define VERSION "-"
| #define CURL_OS "x86_64-pc-linux-musl"
| #define HAVE_DLFCN_H 1
| #define LT_OBJDIR ".libs/"
| #define CURL_DISABLE_LDAP 1
| #define CURL_DISABLE_LDAPS 1
| #define HAVE_SYS_TYPES_H 1
| #define HAVE_CLOCK_GETTIME_MONOTONIC 1
| #define HAVE_SYS_TYPES_H 1
| #define HAVE_CLOCK_GETTIME_MONOTONIC_RAW 1
| #define USE_IPV6 1
| #define HAVE_SOCKADDR_IN6_SIN6_SCOPE_ID 1
| #define HAVE_WRITABLE_ARGV 1
| #define HAVE_LIBSSL 1
| #define HAVE_OPENSSL_RSA_H 1
| #define USE_OPENSSL 1
| #define HAVE_OPENSSL_CRYPTO_H 1
| #define USE_OPENSSL 1
| #define HAVE_OPENSSL_PEM_H 1
| #define USE_OPENSSL 1
| #define HAVE_OPENSSL_SSL_H 1
| #define USE_OPENSSL 1
| #define HAVE_OPENSSL_ERR_H 1
| #define USE_OPENSSL 1
| #define HAVE_SSL_SET_QUIC_TLS_CBS 1
| #define HAVE_DES_ECB_ENCRYPT 1
| #define HAVE_OPENSSL_SRP 1
| #define CURL_CA_BUNDLE "/etc/ssl/cert.pem"
| #define HAVE_SYS_TYPES_H 1
| #define HAVE_SYS_SELECT_H 1
| #define HAVE_SYS_IOCTL_H 1
| #define HAVE_UNISTD_H 1
| #define HAVE_ARPA_INET_H 1
| #define HAVE_NET_IF_H 1
| #define HAVE_NETINET_IN_H 1
| #define HAVE_SYS_UN_H 1
| #define HAVE_LINUX_TCP_H 1
| #define HAVE_NETINET_TCP_H 1
| #define HAVE_NETINET_UDP_H 1
| #define HAVE_NETDB_H 1
| #define HAVE_SYS_PARAM_H 1
| #define HAVE_TERMIOS_H 1
| #define HAVE_FCNTL_H 1
| #define HAVE_PWD_H 1
| #define HAVE_UTIME_H 1
| #define HAVE_SYS_POLL_H 1
| #define HAVE_POLL_H 1
| #define HAVE_SYS_RESOURCE_H 1
| #define HAVE_LIBGEN_H 1
| #define HAVE_LOCALE_H 1
| #define HAVE_STDBOOL_H 1
| #define HAVE_SYS_EVENTFD_H 1
| #define HAVE_SYS_TYPES_H 1
| #define HAVE_STRUCT_TIMEVAL 1
| #define SIZEOF_SIZE_T 8
| #define SIZEOF_LONG 8
| #define SIZEOF_INT 4
| #define SIZEOF_TIME_T 8
| #define SIZEOF_OFF_T 8
| #define SIZEOF_CURL_OFF_T 8
| #define SIZEOF_CURL_SOCKET_T 4
| #define HAVE_BOOL_T 1
| #define HAVE_SA_FAMILY_T 1
| #define HAVE_SUSECONDS_T 1
| #define HAVE_STRUCT_SOCKADDR_STORAGE 1
| #define HAVE_SYS_SELECT_H 1
| #define HAVE_SELECT 1
| #define HAVE_SYS_TYPES_H 1
| #define HAVE_RECV 1
| #define HAVE_SYS_TYPES_H 1
| #define HAVE_SEND 1
| #define HAVE_SYS_TYPES_H 1
| #define HAVE_UNISTD_H 1
| #define HAVE_ALARM 1
| #define HAVE_SYS_TYPES_H 1
| #define HAVE_STRINGS_H 1
| #define HAVE_SYS_TYPES_H 1
| #define HAVE_LIBGEN_H 1
| #define HAVE_BASENAME 1
| #define HAVE_SYS_TYPES_H 1
| #define HAVE_SYS_TYPES_H 1
| #define HAVE_UNISTD_H 1
| #define HAVE_FCNTL_H 1
| #define HAVE_FCNTL 1
| #define HAVE_FCNTL_O_NONBLOCK 1
| #define HAVE_SYS_TYPES_H 1
| #define HAVE_NETDB_H 1
| #define HAVE_FREEADDRINFO 1
| #define HAVE_SYS_TYPES_H 1
| #define HAVE_SYS_XATTR_H 1
| #define HAVE_FSETXATTR 1
| #define HAVE_FSETXATTR_5 1
| #define HAVE_SYS_TYPES_H 1
| #define HAVE_GETADDRINFO 1
| #define HAVE_GETADDRINFO_THREADSAFE 1
| #define HAVE_GETHOSTBYNAME_R 1
| #define HAVE_GETHOSTBYNAME_R_6 1
| #define GETHOSTNAME_TYPE_ARG2 size_t
| #define HAVE_GETHOSTNAME 1
| #define HAVE_SYS_TYPES_H 1
| #define HAVE_NETINET_IN_H 1
| #define HAVE_IFADDRS_H 1
| #define HAVE_GETIFADDRS 1
| #define HAVE_GETPEERNAME 1
| #define HAVE_GETSOCKNAME 1
| #define HAVE_SYS_TYPES_H 1
| #define HAVE_GMTIME_R 1
| #define HAVE_SYS_TYPES_H 1
| #define HAVE_UNISTD_H 1
| #define HAVE_SYS_IOCTL_H 1
| #define HAVE_STROPTS_H 1
| #define HAVE_IOCTL_FIONBIO 1
| #define HAVE_IOCTL_SIOCGIFADDR 1
| #define HAVE_LOCALTIME_R 1
| #define HAVE_MEMRCHR 1
| #define HAVE_SYS_TYPES_H 1
| #define HAVE_SIGACTION 1
| #define HAVE_SIGINTERRUPT 1
| #define HAVE_SIGNAL 1
| #define HAVE_SYS_TYPES_H 1
| #define HAVE_SIGSETJMP 1
| #define HAVE_SOCKET 1
| #define HAVE_SOCKETPAIR 1
| #define HAVE_STRERROR_R 1
| #define HAVE_POSIX_STRERROR_R 1
| #define HAVE_ACCEPT4 1
| #define HAVE_EVENTFD 1
| #define HAVE_FNMATCH 1
| #define HAVE_GETEUID 1
| #define HAVE_GETPPID 1
| #define HAVE_GETPWUID 1
| #define HAVE_GETPWUID_R 1
| #define HAVE_GETRLIMIT 1
| #define HAVE_GETTIMEOFDAY 1
| /* end confdefs.h.  */
| 
| #define mach_absolute_time innocuous_mach_absolute_time
| #ifdef __STDC__
| #  include <limits.h>
| #else
| #  include <assert.h>
| #endif
| #undef mach_absolute_time
| #ifdef __cplusplus
| extern "C"
| #endif
| char mach_absolute_time ();
| #if defined __stub_mach_absolute_time || defined __stub___mach_absolute_time
| #error force compilation error
| #endif
| 
| int main(void)
| {
| return mach_absolute_time ();
|   return 0;
| }
configure:46120: result: no
configure:46126: checking for pipe
configure:46126: musl-gcc -fno-link-libatomic -idirafter /home/ildar/kyronix-ports/net/curl/kernel-headers -o conftest -Werror-implicit-function-declaration -O2 -Wno-system-headers  -D_GNU_SOURCE -I/home/ildar/kyronix-ports/libs/openssl/stage/usr/include  -L/home/ildar/kyronix-ports/libs/openssl/stage/usr/lib64 conftest.c -lssl -lcrypto -lssl -lcrypto  >&5
configure:46126: $? = 0
configure:46126: result: yes
configure:46132: checking for poll
configure:46132: musl-gcc -fno-link-libatomic -idirafter /home/ildar/kyronix-ports/net/curl/kernel-headers -o conftest -Werror-implicit-function-declaration -O2 -Wno-system-headers  -D_GNU_SOURCE -I/home/ildar/kyronix-ports/libs/openssl/stage/usr/include  -L/home/ildar/kyronix-ports/libs/openssl/stage/usr/lib64 conftest.c -lssl -lcrypto -lssl -lcrypto  >&5
configure:46132: $? = 0
configure:46132: result: yes
configure:46138: checking for sendmmsg
configure:46138: musl-gcc -fno-link-libatomic -idirafter /home/ildar/kyronix-ports/net/curl/kernel-headers -o conftest -Werror-implicit-function-declaration -O2 -Wno-system-headers  -D_GNU_SOURCE -I/home/ildar/kyronix-ports/libs/openssl/stage/usr/include  -L/home/ildar/kyronix-ports/libs/openssl/stage/usr/lib64 conftest.c -lssl -lcrypto -lssl -lcrypto  >&5
configure:46138: $? = 0
configure:46138: result: yes
configure:46144: checking for sendmsg
configure:46144: musl-gcc -fno-link-libatomic -idirafter /home/ildar/kyronix-ports/net/curl/kernel-headers -o conftest -Werror-implicit-function-declaration -O2 -Wno-system-headers  -D_GNU_SOURCE -I/home/ildar/kyronix-ports/libs/openssl/stage/usr/include  -L/home/ildar/kyronix-ports/libs/openssl/stage/usr/lib64 conftest.c -lssl -lcrypto -lssl -lcrypto  >&5
configure:46144: $? = 0
configure:46144: result: yes
configure:46150: checking for setlocale
configure:46150: musl-gcc -fno-link-libatomic -idirafter /home/ildar/kyronix-ports/net/curl/kernel-headers -o conftest -Werror-implicit-function-declaration -O2 -Wno-system-headers  -D_GNU_SOURCE -I/home/ildar/kyronix-ports/libs/openssl/stage/usr/include  -L/home/ildar/kyronix-ports/libs/openssl/stage/usr/lib64 conftest.c -lssl -lcrypto -lssl -lcrypto  >&5
configure:46150: $? = 0
configure:46150: result: yes
configure:46156: checking for setrlimit
configure:46156: musl-gcc -fno-link-libatomic -idirafter /home/ildar/kyronix-ports/net/curl/kernel-headers -o conftest -Werror-implicit-function-declaration -O2 -Wno-system-headers  -D_GNU_SOURCE -I/home/ildar/kyronix-ports/libs/openssl/stage/usr/include  -L/home/ildar/kyronix-ports/libs/openssl/stage/usr/lib64 conftest.c -lssl -lcrypto -lssl -lcrypto  >&5
configure:46156: $? = 0
configure:46156: result: yes
configure:46162: checking for utime
configure:46162: musl-gcc -fno-link-libatomic -idirafter /home/ildar/kyronix-ports/net/curl/kernel-headers -o conftest -Werror-implicit-function-declaration -O2 -Wno-system-headers  -D_GNU_SOURCE -I/home/ildar/kyronix-ports/libs/openssl/stage/usr/include  -L/home/ildar/kyronix-ports/libs/openssl/stage/usr/lib64 conftest.c -lssl -lcrypto -lssl -lcrypto  >&5
configure:46162: $? = 0
configure:46162: result: yes
configure:46168: checking for utimes
configure:46168: musl-gcc -fno-link-libatomic -idirafter /home/ildar/kyronix-ports/net/curl/kernel-headers -o conftest -Werror-implicit-function-declaration -O2 -Wno-system-headers  -D_GNU_SOURCE -I/home/ildar/kyronix-ports/libs/openssl/stage/usr/include  -L/home/ildar/kyronix-ports/libs/openssl/stage/usr/lib64 conftest.c -lssl -lcrypto -lssl -lcrypto  >&5
configure:46168: $? = 0
configure:46168: result: yes
configure:46177: checking for pipe2
configure:46177: musl-gcc -fno-link-libatomic -idirafter /home/ildar/kyronix-ports/net/curl/kernel-headers -o conftest -Werror-implicit-function-declaration -O2 -Wno-system-headers  -D_GNU_SOURCE -I/home/ildar/kyronix-ports/libs/openssl/stage/usr/include  -L/home/ildar/kyronix-ports/libs/openssl/stage/usr/lib64 conftest.c -lssl -lcrypto -lssl -lcrypto  >&5
configure:46177: $? = 0
configure:46177: result: yes
configure:46187: checking for if_nametoindex
configure:46187: musl-gcc -fno-link-libatomic -idirafter /home/ildar/kyronix-ports/net/curl/kernel-headers -o conftest -Werror-implicit-function-declaration -O2 -Wno-system-headers  -D_GNU_SOURCE -I/home/ildar/kyronix-ports/libs/openssl/stage/usr/include  -L/home/ildar/kyronix-ports/libs/openssl/stage/usr/lib64 conftest.c -lssl -lcrypto -lssl -lcrypto  >&5
configure:46187: $? = 0
configure:46187: result: yes
configure:46193: checking for realpath
configure:46193: musl-gcc -fno-link-libatomic -idirafter /home/ildar/kyronix-ports/net/curl/kernel-headers -o conftest -Werror-implicit-function-declaration -O2 -Wno-system-headers  -D_GNU_SOURCE -I/home/ildar/kyronix-ports/libs/openssl/stage/usr/include  -L/home/ildar/kyronix-ports/libs/openssl/stage/usr/lib64 conftest.c -lssl -lcrypto -lssl -lcrypto  >&5
configure:46193: $? = 0
configure:46193: result: yes
configure:46199: checking for sched_yield
configure:46199: musl-gcc -fno-link-libatomic -idirafter /home/ildar/kyronix-ports/net/curl/kernel-headers -o conftest -Werror-implicit-function-declaration -O2 -Wno-system-headers  -D_GNU_SOURCE -I/home/ildar/kyronix-ports/libs/openssl/stage/usr/include  -L/home/ildar/kyronix-ports/libs/openssl/stage/usr/lib64 conftest.c -lssl -lcrypto -lssl -lcrypto  >&5
configure:46199: $? = 0
configure:46199: result: yes
configure:46225: checking for sys/types.h
configure:46225: result: yes
configure:46232: checking for netinet/in.h
configure:46232: result: yes
configure:46239: checking for arpa/inet.h
configure:46239: result: yes
configure:46259: checking if inet_ntop can be linked
configure:46287: musl-gcc -fno-link-libatomic -idirafter /home/ildar/kyronix-ports/net/curl/kernel-headers -o conftest -Werror-implicit-function-declaration -O2 -Wno-system-headers  -D_GNU_SOURCE -I/home/ildar/kyronix-ports/libs/openssl/stage/usr/include  -L/home/ildar/kyronix-ports/libs/openssl/stage/usr/lib64 conftest.c -lssl -lcrypto -lssl -lcrypto  >&5
configure:46287: $? = 0
configure:46290: result: yes
configure:46305: checking if inet_ntop is prototyped
configure:46317: result: yes
configure:46333: checking if inet_ntop is compilable
configure:46353: musl-gcc -fno-link-libatomic -idirafter /home/ildar/kyronix-ports/net/curl/kernel-headers -c -Werror-implicit-function-declaration -O2 -Wno-system-headers  -D_GNU_SOURCE -I/home/ildar/kyronix-ports/libs/openssl/stage/usr/include conftest.c >&5
configure:46353: $? = 0
configure:46356: result: yes
configure:46372: checking if inet_ntop seems to work
configure:46542: sh ./run-compiler -o conftest -Werror-implicit-function-declaration -O2 -Wno-system-headers  -D_GNU_SOURCE -I/home/ildar/kyronix-ports/libs/openssl/stage/usr/include  -L/home/ildar/kyronix-ports/libs/openssl/stage/usr/lib64 conftest.c -lssl -lcrypto -lssl -lcrypto  >&5
configure:46542: $? = 0
configure:46542: ./conftest
configure:46542: $? = 0
configure:46544: result: yes
configure:46567: checking if inet_ntop usage allowed
configure:46570: result: yes
configure:46580: checking if inet_ntop might be used
configure:46587: result: yes
configure:46610: checking if inet_pton can be linked
configure:46638: musl-gcc -fno-link-libatomic -idirafter /home/ildar/kyronix-ports/net/curl/kernel-headers -o conftest -Werror-implicit-function-declaration -O2 -Wno-system-headers  -D_GNU_SOURCE -I/home/ildar/kyronix-ports/libs/openssl/stage/usr/include  -L/home/ildar/kyronix-ports/libs/openssl/stage/usr/lib64 conftest.c -lssl -lcrypto -lssl -lcrypto  >&5
configure:46638: $? = 0
configure:46641: result: yes
configure:46656: checking if inet_pton is prototyped
configure:46668: result: yes
configure:46684: checking if inet_pton is compilable
configure:46704: musl-gcc -fno-link-libatomic -idirafter /home/ildar/kyronix-ports/net/curl/kernel-headers -c -Werror-implicit-function-declaration -O2 -Wno-system-headers  -D_GNU_SOURCE -I/home/ildar/kyronix-ports/libs/openssl/stage/usr/include conftest.c >&5
configure:46704: $? = 0
configure:46707: result: yes
configure:46723: checking if inet_pton seems to work
configure:46879: sh ./run-compiler -o conftest -Werror-implicit-function-declaration -O2 -Wno-system-headers  -D_GNU_SOURCE -I/home/ildar/kyronix-ports/libs/openssl/stage/usr/include  -L/home/ildar/kyronix-ports/libs/openssl/stage/usr/lib64 conftest.c -lssl -lcrypto -lssl -lcrypto  >&5
configure:46879: $? = 0
configure:46879: ./conftest
configure:46879: $? = 0
configure:46881: result: yes
configure:46904: checking if inet_pton usage allowed
configure:46907: result: yes
configure:46917: checking if inet_pton might be used
configure:46924: result: yes
configure:46944: checking if strcasecmp can be linked
configure:46972: musl-gcc -fno-link-libatomic -idirafter /home/ildar/kyronix-ports/net/curl/kernel-headers -o conftest -Werror-implicit-function-declaration -O2 -Wno-system-headers  -D_GNU_SOURCE -I/home/ildar/kyronix-ports/libs/openssl/stage/usr/include  -L/home/ildar/kyronix-ports/libs/openssl/stage/usr/lib64 conftest.c -lssl -lcrypto -lssl -lcrypto  >&5
conftest.c:185:6: warning: conflicting types for built-in function 'strcasecmp'; expected 'int(const char *, const char *)' [-Wbuiltin-declaration-mismatch]
  185 | char strcasecmp ();
      |      ^~~~~~~~~~
configure:46972: $? = 0
configure:46975: result: yes
configure:46990: checking if strcasecmp is prototyped
configure:47002: result: yes
configure:47018: checking if strcasecmp is compilable
configure:47036: musl-gcc -fno-link-libatomic -idirafter /home/ildar/kyronix-ports/net/curl/kernel-headers -c -Werror-implicit-function-declaration -O2 -Wno-system-headers  -D_GNU_SOURCE -I/home/ildar/kyronix-ports/libs/openssl/stage/usr/include conftest.c >&5
configure:47036: $? = 0
configure:47039: result: yes
configure:47054: checking if strcasecmp usage allowed
configure:47057: result: yes
configure:47067: checking if strcasecmp might be used
configure:47073: result: yes
configure:47093: checking if strcmpi can be linked
configure:47121: musl-gcc -fno-link-libatomic -idirafter /home/ildar/kyronix-ports/net/curl/kernel-headers -o conftest -Werror-implicit-function-declaration -O2 -Wno-system-headers  -D_GNU_SOURCE -I/home/ildar/kyronix-ports/libs/openssl/stage/usr/include  -L/home/ildar/kyronix-ports/libs/openssl/stage/usr/lib64 conftest.c -lssl -lcrypto -lssl -lcrypto  >&5
/usr/bin/ld: /tmp/cczos1bZ.o: in function `main':
conftest.c:(.text.startup+0x5): undefined reference to `strcmpi'
collect2: error: ld returned 1 exit status
configure:47121: $? = 1
configure: failed program was:
| /* confdefs.h */
| #define PACKAGE_NAME "curl"
| #define PACKAGE_TARNAME "curl"
| #define PACKAGE_VERSION "-"
| #define PACKAGE_STRING "curl -"
| #define PACKAGE_BUGREPORT "a suitable curl mailing list: https://curl.se/mail/"
| #define PACKAGE_URL ""
| #define HAVE_STDIO_H 1
| #define HAVE_STDLIB_H 1
| #define HAVE_STRING_H 1
| #define HAVE_INTTYPES_H 1
| #define HAVE_STDINT_H 1
| #define HAVE_STRINGS_H 1
| #define HAVE_SYS_STAT_H 1
| #define HAVE_SYS_TYPES_H 1
| #define HAVE_UNISTD_H 1
| #define STDC_HEADERS 1
| #define HAVE_STDATOMIC_H 1
| #define HAVE_ATOMIC 1
| #define PACKAGE "curl"
| #define VERSION "-"
| #define CURL_OS "x86_64-pc-linux-musl"
| #define HAVE_DLFCN_H 1
| #define LT_OBJDIR ".libs/"
| #define CURL_DISABLE_LDAP 1
| #define CURL_DISABLE_LDAPS 1
| #define HAVE_SYS_TYPES_H 1
| #define HAVE_CLOCK_GETTIME_MONOTONIC 1
| #define HAVE_SYS_TYPES_H 1
| #define HAVE_CLOCK_GETTIME_MONOTONIC_RAW 1
| #define USE_IPV6 1
| #define HAVE_SOCKADDR_IN6_SIN6_SCOPE_ID 1
| #define HAVE_WRITABLE_ARGV 1
| #define HAVE_LIBSSL 1
| #define HAVE_OPENSSL_RSA_H 1
| #define USE_OPENSSL 1
| #define HAVE_OPENSSL_CRYPTO_H 1
| #define USE_OPENSSL 1
| #define HAVE_OPENSSL_PEM_H 1
| #define USE_OPENSSL 1
| #define HAVE_OPENSSL_SSL_H 1
| #define USE_OPENSSL 1
| #define HAVE_OPENSSL_ERR_H 1
| #define USE_OPENSSL 1
| #define HAVE_SSL_SET_QUIC_TLS_CBS 1
| #define HAVE_DES_ECB_ENCRYPT 1
| #define HAVE_OPENSSL_SRP 1
| #define CURL_CA_BUNDLE "/etc/ssl/cert.pem"
| #define HAVE_SYS_TYPES_H 1
| #define HAVE_SYS_SELECT_H 1
| #define HAVE_SYS_IOCTL_H 1
| #define HAVE_UNISTD_H 1
| #define HAVE_ARPA_INET_H 1
| #define HAVE_NET_IF_H 1
| #define HAVE_NETINET_IN_H 1
| #define HAVE_SYS_UN_H 1
| #define HAVE_LINUX_TCP_H 1
| #define HAVE_NETINET_TCP_H 1
| #define HAVE_NETINET_UDP_H 1
| #define HAVE_NETDB_H 1
| #define HAVE_SYS_PARAM_H 1
| #define HAVE_TERMIOS_H 1
| #define HAVE_FCNTL_H 1
| #define HAVE_PWD_H 1
| #define HAVE_UTIME_H 1
| #define HAVE_SYS_POLL_H 1
| #define HAVE_POLL_H 1
| #define HAVE_SYS_RESOURCE_H 1
| #define HAVE_LIBGEN_H 1
| #define HAVE_LOCALE_H 1
| #define HAVE_STDBOOL_H 1
| #define HAVE_SYS_EVENTFD_H 1
| #define HAVE_SYS_TYPES_H 1
| #define HAVE_STRUCT_TIMEVAL 1
| #define SIZEOF_SIZE_T 8
| #define SIZEOF_LONG 8
| #define SIZEOF_INT 4
| #define SIZEOF_TIME_T 8
| #define SIZEOF_OFF_T 8
| #define SIZEOF_CURL_OFF_T 8
| #define SIZEOF_CURL_SOCKET_T 4
| #define HAVE_BOOL_T 1
| #define HAVE_SA_FAMILY_T 1
| #define HAVE_SUSECONDS_T 1
| #define HAVE_STRUCT_SOCKADDR_STORAGE 1
| #define HAVE_SYS_SELECT_H 1
| #define HAVE_SELECT 1
| #define HAVE_SYS_TYPES_H 1
| #define HAVE_RECV 1
| #define HAVE_SYS_TYPES_H 1
| #define HAVE_SEND 1
| #define HAVE_SYS_TYPES_H 1
| #define HAVE_UNISTD_H 1
| #define HAVE_ALARM 1
| #define HAVE_SYS_TYPES_H 1
| #define HAVE_STRINGS_H 1
| #define HAVE_SYS_TYPES_H 1
| #define HAVE_LIBGEN_H 1
| #define HAVE_BASENAME 1
| #define HAVE_SYS_TYPES_H 1
| #define HAVE_SYS_TYPES_H 1
| #define HAVE_UNISTD_H 1
| #define HAVE_FCNTL_H 1
| #define HAVE_FCNTL 1
| #define HAVE_FCNTL_O_NONBLOCK 1
| #define HAVE_SYS_TYPES_H 1
| #define HAVE_NETDB_H 1
| #define HAVE_FREEADDRINFO 1
| #define HAVE_SYS_TYPES_H 1
| #define HAVE_SYS_XATTR_H 1
| #define HAVE_FSETXATTR 1
| #define HAVE_FSETXATTR_5 1
| #define HAVE_SYS_TYPES_H 1
| #define HAVE_GETADDRINFO 1
| #define HAVE_GETADDRINFO_THREADSAFE 1
| #define HAVE_GETHOSTBYNAME_R 1
| #define HAVE_GETHOSTBYNAME_R_6 1
| #define GETHOSTNAME_TYPE_ARG2 size_t
| #define HAVE_GETHOSTNAME 1
| #define HAVE_SYS_TYPES_H 1
| #define HAVE_NETINET_IN_H 1
| #define HAVE_IFADDRS_H 1
| #define HAVE_GETIFADDRS 1
| #define HAVE_GETPEERNAME 1
| #define HAVE_GETSOCKNAME 1
| #define HAVE_SYS_TYPES_H 1
| #define HAVE_GMTIME_R 1
| #define HAVE_SYS_TYPES_H 1
| #define HAVE_UNISTD_H 1
| #define HAVE_SYS_IOCTL_H 1
| #define HAVE_STROPTS_H 1
| #define HAVE_IOCTL_FIONBIO 1
| #define HAVE_IOCTL_SIOCGIFADDR 1
| #define HAVE_LOCALTIME_R 1
| #define HAVE_MEMRCHR 1
| #define HAVE_SYS_TYPES_H 1
| #define HAVE_SIGACTION 1
| #define HAVE_SIGINTERRUPT 1
| #define HAVE_SIGNAL 1
| #define HAVE_SYS_TYPES_H 1
| #define HAVE_SIGSETJMP 1
| #define HAVE_SOCKET 1
| #define HAVE_SOCKETPAIR 1
| #define HAVE_STRERROR_R 1
| #define HAVE_POSIX_STRERROR_R 1
| #define HAVE_ACCEPT4 1
| #define HAVE_EVENTFD 1
| #define HAVE_FNMATCH 1
| #define HAVE_GETEUID 1
| #define HAVE_GETPPID 1
| #define HAVE_GETPWUID 1
| #define HAVE_GETPWUID_R 1
| #define HAVE_GETRLIMIT 1
| #define HAVE_GETTIMEOFDAY 1
| #define HAVE_PIPE 1
| #define HAVE_POLL 1
| #define HAVE_SENDMMSG 1
| #define HAVE_SENDMSG 1
| #define HAVE_SETLOCALE 1
| #define HAVE_SETRLIMIT 1
| #define HAVE_UTIME 1
| #define HAVE_UTIMES 1
| #define HAVE_PIPE2 1
| #define HAVE_IF_NAMETOINDEX 1
| #define HAVE_REALPATH 1
| #define HAVE_SCHED_YIELD 1
| #define HAVE_SYS_TYPES_H 1
| #define HAVE_NETINET_IN_H 1
| #define HAVE_ARPA_INET_H 1
| #define HAVE_INET_NTOP 1
| #define HAVE_INET_PTON 1
| #define HAVE_STRCASECMP 1
| /* end confdefs.h.  */
| 
| 
| #define strcmpi innocuous_strcmpi
| #ifdef __STDC__
| #  include <limits.h>
| #else
| #  include <assert.h>
| #endif
| #undef strcmpi
| #ifdef __cplusplus
| extern "C"
| #endif
| char strcmpi ();
| #if defined __stub_strcmpi || defined __stub___strcmpi
| #error force compilation error
| #endif
| 
| int main(void)
| {
| return strcmpi ();
|   return 0;
| }
| 
configure:47130: result: no
configure:47216: checking if strcmpi might be used
configure:47229: result: no
configure:47242: checking if stricmp can be linked
configure:47270: musl-gcc -fno-link-libatomic -idirafter /home/ildar/kyronix-ports/net/curl/kernel-headers -o conftest -Werror-implicit-function-declaration -O2 -Wno-system-headers  -D_GNU_SOURCE -I/home/ildar/kyronix-ports/libs/openssl/stage/usr/include  -L/home/ildar/kyronix-ports/libs/openssl/stage/usr/lib64 conftest.c -lssl -lcrypto -lssl -lcrypto  >&5
/usr/bin/ld: /tmp/cciEQ0We.o: in function `main':
conftest.c:(.text.startup+0x5): undefined reference to `stricmp'
collect2: error: ld returned 1 exit status
configure:47270: $? = 1
configure: failed program was:
| /* confdefs.h */
| #define PACKAGE_NAME "curl"
| #define PACKAGE_TARNAME "curl"
| #define PACKAGE_VERSION "-"
| #define PACKAGE_STRING "curl -"
| #define PACKAGE_BUGREPORT "a suitable curl mailing list: https://curl.se/mail/"
| #define PACKAGE_URL ""
| #define HAVE_STDIO_H 1
| #define HAVE_STDLIB_H 1
| #define HAVE_STRING_H 1
| #define HAVE_INTTYPES_H 1
| #define HAVE_STDINT_H 1
| #define HAVE_STRINGS_H 1
| #define HAVE_SYS_STAT_H 1
| #define HAVE_SYS_TYPES_H 1
| #define HAVE_UNISTD_H 1
| #define STDC_HEADERS 1
| #define HAVE_STDATOMIC_H 1
| #define HAVE_ATOMIC 1
| #define PACKAGE "curl"
| #define VERSION "-"
| #define CURL_OS "x86_64-pc-linux-musl"
| #define HAVE_DLFCN_H 1
| #define LT_OBJDIR ".libs/"
| #define CURL_DISABLE_LDAP 1
| #define CURL_DISABLE_LDAPS 1
| #define HAVE_SYS_TYPES_H 1
| #define HAVE_CLOCK_GETTIME_MONOTONIC 1
| #define HAVE_SYS_TYPES_H 1
| #define HAVE_CLOCK_GETTIME_MONOTONIC_RAW 1
| #define USE_IPV6 1
| #define HAVE_SOCKADDR_IN6_SIN6_SCOPE_ID 1
| #define HAVE_WRITABLE_ARGV 1
| #define HAVE_LIBSSL 1
| #define HAVE_OPENSSL_RSA_H 1
| #define USE_OPENSSL 1
| #define HAVE_OPENSSL_CRYPTO_H 1
| #define USE_OPENSSL 1
| #define HAVE_OPENSSL_PEM_H 1
| #define USE_OPENSSL 1
| #define HAVE_OPENSSL_SSL_H 1
| #define USE_OPENSSL 1
| #define HAVE_OPENSSL_ERR_H 1
| #define USE_OPENSSL 1
| #define HAVE_SSL_SET_QUIC_TLS_CBS 1
| #define HAVE_DES_ECB_ENCRYPT 1
| #define HAVE_OPENSSL_SRP 1
| #define CURL_CA_BUNDLE "/etc/ssl/cert.pem"
| #define HAVE_SYS_TYPES_H 1
| #define HAVE_SYS_SELECT_H 1
| #define HAVE_SYS_IOCTL_H 1
| #define HAVE_UNISTD_H 1
| #define HAVE_ARPA_INET_H 1
| #define HAVE_NET_IF_H 1
| #define HAVE_NETINET_IN_H 1
| #define HAVE_SYS_UN_H 1
| #define HAVE_LINUX_TCP_H 1
| #define HAVE_NETINET_TCP_H 1
| #define HAVE_NETINET_UDP_H 1
| #define HAVE_NETDB_H 1
| #define HAVE_SYS_PARAM_H 1
| #define HAVE_TERMIOS_H 1
| #define HAVE_FCNTL_H 1
| #define HAVE_PWD_H 1
| #define HAVE_UTIME_H 1
| #define HAVE_SYS_POLL_H 1
| #define HAVE_POLL_H 1
| #define HAVE_SYS_RESOURCE_H 1
| #define HAVE_LIBGEN_H 1
| #define HAVE_LOCALE_H 1
| #define HAVE_STDBOOL_H 1
| #define HAVE_SYS_EVENTFD_H 1
| #define HAVE_SYS_TYPES_H 1
| #define HAVE_STRUCT_TIMEVAL 1
| #define SIZEOF_SIZE_T 8
| #define SIZEOF_LONG 8
| #define SIZEOF_INT 4
| #define SIZEOF_TIME_T 8
| #define SIZEOF_OFF_T 8
| #define SIZEOF_CURL_OFF_T 8
| #define SIZEOF_CURL_SOCKET_T 4
| #define HAVE_BOOL_T 1
| #define HAVE_SA_FAMILY_T 1
| #define HAVE_SUSECONDS_T 1
| #define HAVE_STRUCT_SOCKADDR_STORAGE 1
| #define HAVE_SYS_SELECT_H 1
| #define HAVE_SELECT 1
| #define HAVE_SYS_TYPES_H 1
| #define HAVE_RECV 1
| #define HAVE_SYS_TYPES_H 1
| #define HAVE_SEND 1
| #define HAVE_SYS_TYPES_H 1
| #define HAVE_UNISTD_H 1
| #define HAVE_ALARM 1
| #define HAVE_SYS_TYPES_H 1
| #define HAVE_STRINGS_H 1
| #define HAVE_SYS_TYPES_H 1
| #define HAVE_LIBGEN_H 1
| #define HAVE_BASENAME 1
| #define HAVE_SYS_TYPES_H 1
| #define HAVE_SYS_TYPES_H 1
| #define HAVE_UNISTD_H 1
| #define HAVE_FCNTL_H 1
| #define HAVE_FCNTL 1
| #define HAVE_FCNTL_O_NONBLOCK 1
| #define HAVE_SYS_TYPES_H 1
| #define HAVE_NETDB_H 1
| #define HAVE_FREEADDRINFO 1
| #define HAVE_SYS_TYPES_H 1
| #define HAVE_SYS_XATTR_H 1
| #define HAVE_FSETXATTR 1
| #define HAVE_FSETXATTR_5 1
| #define HAVE_SYS_TYPES_H 1
| #define HAVE_GETADDRINFO 1
| #define HAVE_GETADDRINFO_THREADSAFE 1
| #define HAVE_GETHOSTBYNAME_R 1
| #define HAVE_GETHOSTBYNAME_R_6 1
| #define GETHOSTNAME_TYPE_ARG2 size_t
| #define HAVE_GETHOSTNAME 1
| #define HAVE_SYS_TYPES_H 1
| #define HAVE_NETINET_IN_H 1
| #define HAVE_IFADDRS_H 1
| #define HAVE_GETIFADDRS 1
| #define HAVE_GETPEERNAME 1
| #define HAVE_GETSOCKNAME 1
| #define HAVE_SYS_TYPES_H 1
| #define HAVE_GMTIME_R 1
| #define HAVE_SYS_TYPES_H 1
| #define HAVE_UNISTD_H 1
| #define HAVE_SYS_IOCTL_H 1
| #define HAVE_STROPTS_H 1
| #define HAVE_IOCTL_FIONBIO 1
| #define HAVE_IOCTL_SIOCGIFADDR 1
| #define HAVE_LOCALTIME_R 1
| #define HAVE_MEMRCHR 1
| #define HAVE_SYS_TYPES_H 1
| #define HAVE_SIGACTION 1
| #define HAVE_SIGINTERRUPT 1
| #define HAVE_SIGNAL 1
| #define HAVE_SYS_TYPES_H 1
| #define HAVE_SIGSETJMP 1
| #define HAVE_SOCKET 1
| #define HAVE_SOCKETPAIR 1
| #define HAVE_STRERROR_R 1
| #define HAVE_POSIX_STRERROR_R 1
| #define HAVE_ACCEPT4 1
| #define HAVE_EVENTFD 1
| #define HAVE_FNMATCH 1
| #define HAVE_GETEUID 1
| #define HAVE_GETPPID 1
| #define HAVE_GETPWUID 1
| #define HAVE_GETPWUID_R 1
| #define HAVE_GETRLIMIT 1
| #define HAVE_GETTIMEOFDAY 1
| #define HAVE_PIPE 1
| #define HAVE_POLL 1
| #define HAVE_SENDMMSG 1
| #define HAVE_SENDMSG 1
| #define HAVE_SETLOCALE 1
| #define HAVE_SETRLIMIT 1
| #define HAVE_UTIME 1
| #define HAVE_UTIMES 1
| #define HAVE_PIPE2 1
| #define HAVE_IF_NAMETOINDEX 1
| #define HAVE_REALPATH 1
| #define HAVE_SCHED_YIELD 1
| #define HAVE_SYS_TYPES_H 1
| #define HAVE_NETINET_IN_H 1
| #define HAVE_ARPA_INET_H 1
| #define HAVE_INET_NTOP 1
| #define HAVE_INET_PTON 1
| #define HAVE_STRCASECMP 1
| /* end confdefs.h.  */
| 
| 
| #define stricmp innocuous_stricmp
| #ifdef __STDC__
| #  include <limits.h>
| #else
| #  include <assert.h>
| #endif
| #undef stricmp
| #ifdef __cplusplus
| extern "C"
| #endif
| char stricmp ();
| #if defined __stub_stricmp || defined __stub___stricmp
| #error force compilation error
| #endif
| 
| int main(void)
| {
| return stricmp ();
|   return 0;
| }
| 
configure:47279: result: no
configure:47365: checking if stricmp might be used
configure:47378: result: no
configure:47392: checking if memset_s can be linked
configure:47420: musl-gcc -fno-link-libatomic -idirafter /home/ildar/kyronix-ports/net/curl/kernel-headers -o conftest -Werror-implicit-function-declaration -O2 -Wno-system-headers  -D_GNU_SOURCE -I/home/ildar/kyronix-ports/libs/openssl/stage/usr/include  -L/home/ildar/kyronix-ports/libs/openssl/stage/usr/lib64 conftest.c -lssl -lcrypto -lssl -lcrypto  >&5
/usr/bin/ld: /tmp/ccqYOKvD.o: in function `main':
conftest.c:(.text.startup+0x5): undefined reference to `memset_s'
collect2: error: ld returned 1 exit status
configure:47420: $? = 1
configure: failed program was:
| /* confdefs.h */
| #define PACKAGE_NAME "curl"
| #define PACKAGE_TARNAME "curl"
| #define PACKAGE_VERSION "-"
| #define PACKAGE_STRING "curl -"
| #define PACKAGE_BUGREPORT "a suitable curl mailing list: https://curl.se/mail/"
| #define PACKAGE_URL ""
| #define HAVE_STDIO_H 1
| #define HAVE_STDLIB_H 1
| #define HAVE_STRING_H 1
| #define HAVE_INTTYPES_H 1
| #define HAVE_STDINT_H 1
| #define HAVE_STRINGS_H 1
| #define HAVE_SYS_STAT_H 1
| #define HAVE_SYS_TYPES_H 1
| #define HAVE_UNISTD_H 1
| #define STDC_HEADERS 1
| #define HAVE_STDATOMIC_H 1
| #define HAVE_ATOMIC 1
| #define PACKAGE "curl"
| #define VERSION "-"
| #define CURL_OS "x86_64-pc-linux-musl"
| #define HAVE_DLFCN_H 1
| #define LT_OBJDIR ".libs/"
| #define CURL_DISABLE_LDAP 1
| #define CURL_DISABLE_LDAPS 1
| #define HAVE_SYS_TYPES_H 1
| #define HAVE_CLOCK_GETTIME_MONOTONIC 1
| #define HAVE_SYS_TYPES_H 1
| #define HAVE_CLOCK_GETTIME_MONOTONIC_RAW 1
| #define USE_IPV6 1
| #define HAVE_SOCKADDR_IN6_SIN6_SCOPE_ID 1
| #define HAVE_WRITABLE_ARGV 1
| #define HAVE_LIBSSL 1
| #define HAVE_OPENSSL_RSA_H 1
| #define USE_OPENSSL 1
| #define HAVE_OPENSSL_CRYPTO_H 1
| #define USE_OPENSSL 1
| #define HAVE_OPENSSL_PEM_H 1
| #define USE_OPENSSL 1
| #define HAVE_OPENSSL_SSL_H 1
| #define USE_OPENSSL 1
| #define HAVE_OPENSSL_ERR_H 1
| #define USE_OPENSSL 1
| #define HAVE_SSL_SET_QUIC_TLS_CBS 1
| #define HAVE_DES_ECB_ENCRYPT 1
| #define HAVE_OPENSSL_SRP 1
| #define CURL_CA_BUNDLE "/etc/ssl/cert.pem"
| #define HAVE_SYS_TYPES_H 1
| #define HAVE_SYS_SELECT_H 1
| #define HAVE_SYS_IOCTL_H 1
| #define HAVE_UNISTD_H 1
| #define HAVE_ARPA_INET_H 1
| #define HAVE_NET_IF_H 1
| #define HAVE_NETINET_IN_H 1
| #define HAVE_SYS_UN_H 1
| #define HAVE_LINUX_TCP_H 1
| #define HAVE_NETINET_TCP_H 1
| #define HAVE_NETINET_UDP_H 1
| #define HAVE_NETDB_H 1
| #define HAVE_SYS_PARAM_H 1
| #define HAVE_TERMIOS_H 1
| #define HAVE_FCNTL_H 1
| #define HAVE_PWD_H 1
| #define HAVE_UTIME_H 1
| #define HAVE_SYS_POLL_H 1
| #define HAVE_POLL_H 1
| #define HAVE_SYS_RESOURCE_H 1
| #define HAVE_LIBGEN_H 1
| #define HAVE_LOCALE_H 1
| #define HAVE_STDBOOL_H 1
| #define HAVE_SYS_EVENTFD_H 1
| #define HAVE_SYS_TYPES_H 1
| #define HAVE_STRUCT_TIMEVAL 1
| #define SIZEOF_SIZE_T 8
| #define SIZEOF_LONG 8
| #define SIZEOF_INT 4
| #define SIZEOF_TIME_T 8
| #define SIZEOF_OFF_T 8
| #define SIZEOF_CURL_OFF_T 8
| #define SIZEOF_CURL_SOCKET_T 4
| #define HAVE_BOOL_T 1
| #define HAVE_SA_FAMILY_T 1
| #define HAVE_SUSECONDS_T 1
| #define HAVE_STRUCT_SOCKADDR_STORAGE 1
| #define HAVE_SYS_SELECT_H 1
| #define HAVE_SELECT 1
| #define HAVE_SYS_TYPES_H 1
| #define HAVE_RECV 1
| #define HAVE_SYS_TYPES_H 1
| #define HAVE_SEND 1
| #define HAVE_SYS_TYPES_H 1
| #define HAVE_UNISTD_H 1
| #define HAVE_ALARM 1
| #define HAVE_SYS_TYPES_H 1
| #define HAVE_STRINGS_H 1
| #define HAVE_SYS_TYPES_H 1
| #define HAVE_LIBGEN_H 1
| #define HAVE_BASENAME 1
| #define HAVE_SYS_TYPES_H 1
| #define HAVE_SYS_TYPES_H 1
| #define HAVE_UNISTD_H 1
| #define HAVE_FCNTL_H 1
| #define HAVE_FCNTL 1
| #define HAVE_FCNTL_O_NONBLOCK 1
| #define HAVE_SYS_TYPES_H 1
| #define HAVE_NETDB_H 1
| #define HAVE_FREEADDRINFO 1
| #define HAVE_SYS_TYPES_H 1
| #define HAVE_SYS_XATTR_H 1
| #define HAVE_FSETXATTR 1
| #define HAVE_FSETXATTR_5 1
| #define HAVE_SYS_TYPES_H 1
| #define HAVE_GETADDRINFO 1
| #define HAVE_GETADDRINFO_THREADSAFE 1
| #define HAVE_GETHOSTBYNAME_R 1
| #define HAVE_GETHOSTBYNAME_R_6 1
| #define GETHOSTNAME_TYPE_ARG2 size_t
| #define HAVE_GETHOSTNAME 1
| #define HAVE_SYS_TYPES_H 1
| #define HAVE_NETINET_IN_H 1
| #define HAVE_IFADDRS_H 1
| #define HAVE_GETIFADDRS 1
| #define HAVE_GETPEERNAME 1
| #define HAVE_GETSOCKNAME 1
| #define HAVE_SYS_TYPES_H 1
| #define HAVE_GMTIME_R 1
| #define HAVE_SYS_TYPES_H 1
| #define HAVE_UNISTD_H 1
| #define HAVE_SYS_IOCTL_H 1
| #define HAVE_STROPTS_H 1
| #define HAVE_IOCTL_FIONBIO 1
| #define HAVE_IOCTL_SIOCGIFADDR 1
| #define HAVE_LOCALTIME_R 1
| #define HAVE_MEMRCHR 1
| #define HAVE_SYS_TYPES_H 1
| #define HAVE_SIGACTION 1
| #define HAVE_SIGINTERRUPT 1
| #define HAVE_SIGNAL 1
| #define HAVE_SYS_TYPES_H 1
| #define HAVE_SIGSETJMP 1
| #define HAVE_SOCKET 1
| #define HAVE_SOCKETPAIR 1
| #define HAVE_STRERROR_R 1
| #define HAVE_POSIX_STRERROR_R 1
| #define HAVE_ACCEPT4 1
| #define HAVE_EVENTFD 1
| #define HAVE_FNMATCH 1
| #define HAVE_GETEUID 1
| #define HAVE_GETPPID 1
| #define HAVE_GETPWUID 1
| #define HAVE_GETPWUID_R 1
| #define HAVE_GETRLIMIT 1
| #define HAVE_GETTIMEOFDAY 1
| #define HAVE_PIPE 1
| #define HAVE_POLL 1
| #define HAVE_SENDMMSG 1
| #define HAVE_SENDMSG 1
| #define HAVE_SETLOCALE 1
| #define HAVE_SETRLIMIT 1
| #define HAVE_UTIME 1
| #define HAVE_UTIMES 1
| #define HAVE_PIPE2 1
| #define HAVE_IF_NAMETOINDEX 1
| #define HAVE_REALPATH 1
| #define HAVE_SCHED_YIELD 1
| #define HAVE_SYS_TYPES_H 1
| #define HAVE_NETINET_IN_H 1
| #define HAVE_ARPA_INET_H 1
| #define HAVE_INET_NTOP 1
| #define HAVE_INET_PTON 1
| #define HAVE_STRCASECMP 1
| /* end confdefs.h.  */
| 
| 
| #define memset_s innocuous_memset_s
| #ifdef __STDC__
| #  include <limits.h>
| #else
| #  include <assert.h>
| #endif
| #undef memset_s
| #ifdef __cplusplus
| extern "C"
| #endif
| char memset_s ();
| #if defined __stub_memset_s || defined __stub___memset_s
| #error force compilation error
| #endif
| 
| int main(void)
| {
| return memset_s ();
|   return 0;
| }
| 
configure:47429: result: no
configure:47516: checking if memset_s might be used
configure:47529: result: no
configure:47535: checking for memset_explicit
configure:47535: musl-gcc -fno-link-libatomic -idirafter /home/ildar/kyronix-ports/net/curl/kernel-headers -o conftest -Werror-implicit-function-declaration -O2 -Wno-system-headers  -D_GNU_SOURCE -I/home/ildar/kyronix-ports/libs/openssl/stage/usr/include  -L/home/ildar/kyronix-ports/libs/openssl/stage/usr/lib64 conftest.c -lssl -lcrypto -lssl -lcrypto  >&5
/usr/bin/ld: /tmp/ccLYWx6S.o: in function `main':
conftest.c:(.text.startup+0x5): undefined reference to `memset_explicit'
collect2: error: ld returned 1 exit status
configure:47535: $? = 1
configure: failed program was:
| /* confdefs.h */
| #define PACKAGE_NAME "curl"
| #define PACKAGE_TARNAME "curl"
| #define PACKAGE_VERSION "-"
| #define PACKAGE_STRING "curl -"
| #define PACKAGE_BUGREPORT "a suitable curl mailing list: https://curl.se/mail/"
| #define PACKAGE_URL ""
| #define HAVE_STDIO_H 1
| #define HAVE_STDLIB_H 1
| #define HAVE_STRING_H 1
| #define HAVE_INTTYPES_H 1
| #define HAVE_STDINT_H 1
| #define HAVE_STRINGS_H 1
| #define HAVE_SYS_STAT_H 1
| #define HAVE_SYS_TYPES_H 1
| #define HAVE_UNISTD_H 1
| #define STDC_HEADERS 1
| #define HAVE_STDATOMIC_H 1
| #define HAVE_ATOMIC 1
| #define PACKAGE "curl"
| #define VERSION "-"
| #define CURL_OS "x86_64-pc-linux-musl"
| #define HAVE_DLFCN_H 1
| #define LT_OBJDIR ".libs/"
| #define CURL_DISABLE_LDAP 1
| #define CURL_DISABLE_LDAPS 1
| #define HAVE_SYS_TYPES_H 1
| #define HAVE_CLOCK_GETTIME_MONOTONIC 1
| #define HAVE_SYS_TYPES_H 1
| #define HAVE_CLOCK_GETTIME_MONOTONIC_RAW 1
| #define USE_IPV6 1
| #define HAVE_SOCKADDR_IN6_SIN6_SCOPE_ID 1
| #define HAVE_WRITABLE_ARGV 1
| #define HAVE_LIBSSL 1
| #define HAVE_OPENSSL_RSA_H 1
| #define USE_OPENSSL 1
| #define HAVE_OPENSSL_CRYPTO_H 1
| #define USE_OPENSSL 1
| #define HAVE_OPENSSL_PEM_H 1
| #define USE_OPENSSL 1
| #define HAVE_OPENSSL_SSL_H 1
| #define USE_OPENSSL 1
| #define HAVE_OPENSSL_ERR_H 1
| #define USE_OPENSSL 1
| #define HAVE_SSL_SET_QUIC_TLS_CBS 1
| #define HAVE_DES_ECB_ENCRYPT 1
| #define HAVE_OPENSSL_SRP 1
| #define CURL_CA_BUNDLE "/etc/ssl/cert.pem"
| #define HAVE_SYS_TYPES_H 1
| #define HAVE_SYS_SELECT_H 1
| #define HAVE_SYS_IOCTL_H 1
| #define HAVE_UNISTD_H 1
| #define HAVE_ARPA_INET_H 1
| #define HAVE_NET_IF_H 1
| #define HAVE_NETINET_IN_H 1
| #define HAVE_SYS_UN_H 1
| #define HAVE_LINUX_TCP_H 1
| #define HAVE_NETINET_TCP_H 1
| #define HAVE_NETINET_UDP_H 1
| #define HAVE_NETDB_H 1
| #define HAVE_SYS_PARAM_H 1
| #define HAVE_TERMIOS_H 1
| #define HAVE_FCNTL_H 1
| #define HAVE_PWD_H 1
| #define HAVE_UTIME_H 1
| #define HAVE_SYS_POLL_H 1
| #define HAVE_POLL_H 1
| #define HAVE_SYS_RESOURCE_H 1
| #define HAVE_LIBGEN_H 1
| #define HAVE_LOCALE_H 1
| #define HAVE_STDBOOL_H 1
| #define HAVE_SYS_EVENTFD_H 1
| #define HAVE_SYS_TYPES_H 1
| #define HAVE_STRUCT_TIMEVAL 1
| #define SIZEOF_SIZE_T 8
| #define SIZEOF_LONG 8
| #define SIZEOF_INT 4
| #define SIZEOF_TIME_T 8
| #define SIZEOF_OFF_T 8
| #define SIZEOF_CURL_OFF_T 8
| #define SIZEOF_CURL_SOCKET_T 4
| #define HAVE_BOOL_T 1
| #define HAVE_SA_FAMILY_T 1
| #define HAVE_SUSECONDS_T 1
| #define HAVE_STRUCT_SOCKADDR_STORAGE 1
| #define HAVE_SYS_SELECT_H 1
| #define HAVE_SELECT 1
| #define HAVE_SYS_TYPES_H 1
| #define HAVE_RECV 1
| #define HAVE_SYS_TYPES_H 1
| #define HAVE_SEND 1
| #define HAVE_SYS_TYPES_H 1
| #define HAVE_UNISTD_H 1
| #define HAVE_ALARM 1
| #define HAVE_SYS_TYPES_H 1
| #define HAVE_STRINGS_H 1
| #define HAVE_SYS_TYPES_H 1
| #define HAVE_LIBGEN_H 1
| #define HAVE_BASENAME 1
| #define HAVE_SYS_TYPES_H 1
| #define HAVE_SYS_TYPES_H 1
| #define HAVE_UNISTD_H 1
| #define HAVE_FCNTL_H 1
| #define HAVE_FCNTL 1
| #define HAVE_FCNTL_O_NONBLOCK 1
| #define HAVE_SYS_TYPES_H 1
| #define HAVE_NETDB_H 1
| #define HAVE_FREEADDRINFO 1
| #define HAVE_SYS_TYPES_H 1
| #define HAVE_SYS_XATTR_H 1
| #define HAVE_FSETXATTR 1
| #define HAVE_FSETXATTR_5 1
| #define HAVE_SYS_TYPES_H 1
| #define HAVE_GETADDRINFO 1
| #define HAVE_GETADDRINFO_THREADSAFE 1
| #define HAVE_GETHOSTBYNAME_R 1
| #define HAVE_GETHOSTBYNAME_R_6 1
| #define GETHOSTNAME_TYPE_ARG2 size_t
| #define HAVE_GETHOSTNAME 1
| #define HAVE_SYS_TYPES_H 1
| #define HAVE_NETINET_IN_H 1
| #define HAVE_IFADDRS_H 1
| #define HAVE_GETIFADDRS 1
| #define HAVE_GETPEERNAME 1
| #define HAVE_GETSOCKNAME 1
| #define HAVE_SYS_TYPES_H 1
| #define HAVE_GMTIME_R 1
| #define HAVE_SYS_TYPES_H 1
| #define HAVE_UNISTD_H 1
| #define HAVE_SYS_IOCTL_H 1
| #define HAVE_STROPTS_H 1
| #define HAVE_IOCTL_FIONBIO 1
| #define HAVE_IOCTL_SIOCGIFADDR 1
| #define HAVE_LOCALTIME_R 1
| #define HAVE_MEMRCHR 1
| #define HAVE_SYS_TYPES_H 1
| #define HAVE_SIGACTION 1
| #define HAVE_SIGINTERRUPT 1
| #define HAVE_SIGNAL 1
| #define HAVE_SYS_TYPES_H 1
| #define HAVE_SIGSETJMP 1
| #define HAVE_SOCKET 1
| #define HAVE_SOCKETPAIR 1
| #define HAVE_STRERROR_R 1
| #define HAVE_POSIX_STRERROR_R 1
| #define HAVE_ACCEPT4 1
| #define HAVE_EVENTFD 1
| #define HAVE_FNMATCH 1
| #define HAVE_GETEUID 1
| #define HAVE_GETPPID 1
| #define HAVE_GETPWUID 1
| #define HAVE_GETPWUID_R 1
| #define HAVE_GETRLIMIT 1
| #define HAVE_GETTIMEOFDAY 1
| #define HAVE_PIPE 1
| #define HAVE_POLL 1
| #define HAVE_SENDMMSG 1
| #define HAVE_SENDMSG 1
| #define HAVE_SETLOCALE 1
| #define HAVE_SETRLIMIT 1
| #define HAVE_UTIME 1
| #define HAVE_UTIMES 1
| #define HAVE_PIPE2 1
| #define HAVE_IF_NAMETOINDEX 1
| #define HAVE_REALPATH 1
| #define HAVE_SCHED_YIELD 1
| #define HAVE_SYS_TYPES_H 1
| #define HAVE_NETINET_IN_H 1
| #define HAVE_ARPA_INET_H 1
| #define HAVE_INET_NTOP 1
| #define HAVE_INET_PTON 1
| #define HAVE_STRCASECMP 1
| /* end confdefs.h.  */
| 
| #define memset_explicit innocuous_memset_explicit
| #ifdef __STDC__
| #  include <limits.h>
| #else
| #  include <assert.h>
| #endif
| #undef memset_explicit
| #ifdef __cplusplus
| extern "C"
| #endif
| char memset_explicit ();
| #if defined __stub_memset_explicit || defined __stub___memset_explicit
| #error force compilation error
| #endif
| 
| int main(void)
| {
| return memset_explicit ();
|   return 0;
| }
configure:47535: result: no
configure:47556: checking for fseeko
configure:47556: musl-gcc -fno-link-libatomic -idirafter /home/ildar/kyronix-ports/net/curl/kernel-headers -o conftest -Werror-implicit-function-declaration -O2 -Wno-system-headers  -D_GNU_SOURCE -I/home/ildar/kyronix-ports/libs/openssl/stage/usr/include  -L/home/ildar/kyronix-ports/libs/openssl/stage/usr/lib64 conftest.c -lssl -lcrypto -lssl -lcrypto  >&5
configure:47556: $? = 0
configure:47556: result: yes
configure:47564: checking for musl-gcc -fno-link-libatomic -idirafter /home/ildar/kyronix-ports/net/curl/kernel-headers options needed to detect all undeclared functions
configure:47584: musl-gcc -fno-link-libatomic -idirafter /home/ildar/kyronix-ports/net/curl/kernel-headers -c -Werror-implicit-function-declaration -O2 -Wno-system-headers   -D_GNU_SOURCE -I/home/ildar/kyronix-ports/libs/openssl/stage/usr/include conftest.c >&5
conftest.c: In function 'main':
conftest.c:178:8: error: 'strchr' undeclared (first use in this function)
  178 | (void) strchr;
      |        ^~~~~~
conftest.c:1:1: note: 'strchr' is defined in header '<string.h>'; this is probably fixable by adding '#include <string.h>'
    1 | /* confdefs.h */
conftest.c:178:8: note: each undeclared identifier is reported only once for each function it appears in
  178 | (void) strchr;
      |        ^~~~~~
configure:47584: $? = 1
configure: failed program was:
| /* confdefs.h */
| #define PACKAGE_NAME "curl"
| #define PACKAGE_TARNAME "curl"
| #define PACKAGE_VERSION "-"
| #define PACKAGE_STRING "curl -"
| #define PACKAGE_BUGREPORT "a suitable curl mailing list: https://curl.se/mail/"
| #define PACKAGE_URL ""
| #define HAVE_STDIO_H 1
| #define HAVE_STDLIB_H 1
| #define HAVE_STRING_H 1
| #define HAVE_INTTYPES_H 1
| #define HAVE_STDINT_H 1
| #define HAVE_STRINGS_H 1
| #define HAVE_SYS_STAT_H 1
| #define HAVE_SYS_TYPES_H 1
| #define HAVE_UNISTD_H 1
| #define STDC_HEADERS 1
| #define HAVE_STDATOMIC_H 1
| #define HAVE_ATOMIC 1
| #define PACKAGE "curl"
| #define VERSION "-"
| #define CURL_OS "x86_64-pc-linux-musl"
| #define HAVE_DLFCN_H 1
| #define LT_OBJDIR ".libs/"
| #define CURL_DISABLE_LDAP 1
| #define CURL_DISABLE_LDAPS 1
| #define HAVE_SYS_TYPES_H 1
| #define HAVE_CLOCK_GETTIME_MONOTONIC 1
| #define HAVE_SYS_TYPES_H 1
| #define HAVE_CLOCK_GETTIME_MONOTONIC_RAW 1
| #define USE_IPV6 1
| #define HAVE_SOCKADDR_IN6_SIN6_SCOPE_ID 1
| #define HAVE_WRITABLE_ARGV 1
| #define HAVE_LIBSSL 1
| #define HAVE_OPENSSL_RSA_H 1
| #define USE_OPENSSL 1
| #define HAVE_OPENSSL_CRYPTO_H 1
| #define USE_OPENSSL 1
| #define HAVE_OPENSSL_PEM_H 1
| #define USE_OPENSSL 1
| #define HAVE_OPENSSL_SSL_H 1
| #define USE_OPENSSL 1
| #define HAVE_OPENSSL_ERR_H 1
| #define USE_OPENSSL 1
| #define HAVE_SSL_SET_QUIC_TLS_CBS 1
| #define HAVE_DES_ECB_ENCRYPT 1
| #define HAVE_OPENSSL_SRP 1
| #define CURL_CA_BUNDLE "/etc/ssl/cert.pem"
| #define HAVE_SYS_TYPES_H 1
| #define HAVE_SYS_SELECT_H 1
| #define HAVE_SYS_IOCTL_H 1
| #define HAVE_UNISTD_H 1
| #define HAVE_ARPA_INET_H 1
| #define HAVE_NET_IF_H 1
| #define HAVE_NETINET_IN_H 1
| #define HAVE_SYS_UN_H 1
| #define HAVE_LINUX_TCP_H 1
| #define HAVE_NETINET_TCP_H 1
| #define HAVE_NETINET_UDP_H 1
| #define HAVE_NETDB_H 1
| #define HAVE_SYS_PARAM_H 1
| #define HAVE_TERMIOS_H 1
| #define HAVE_FCNTL_H 1
| #define HAVE_PWD_H 1
| #define HAVE_UTIME_H 1
| #define HAVE_SYS_POLL_H 1
| #define HAVE_POLL_H 1
| #define HAVE_SYS_RESOURCE_H 1
| #define HAVE_LIBGEN_H 1
| #define HAVE_LOCALE_H 1
| #define HAVE_STDBOOL_H 1
| #define HAVE_SYS_EVENTFD_H 1
| #define HAVE_SYS_TYPES_H 1
| #define HAVE_STRUCT_TIMEVAL 1
| #define SIZEOF_SIZE_T 8
| #define SIZEOF_LONG 8
| #define SIZEOF_INT 4
| #define SIZEOF_TIME_T 8
| #define SIZEOF_OFF_T 8
| #define SIZEOF_CURL_OFF_T 8
| #define SIZEOF_CURL_SOCKET_T 4
| #define HAVE_BOOL_T 1
| #define HAVE_SA_FAMILY_T 1
| #define HAVE_SUSECONDS_T 1
| #define HAVE_STRUCT_SOCKADDR_STORAGE 1
| #define HAVE_SYS_SELECT_H 1
| #define HAVE_SELECT 1
| #define HAVE_SYS_TYPES_H 1
| #define HAVE_RECV 1
| #define HAVE_SYS_TYPES_H 1
| #define HAVE_SEND 1
| #define HAVE_SYS_TYPES_H 1
| #define HAVE_UNISTD_H 1
| #define HAVE_ALARM 1
| #define HAVE_SYS_TYPES_H 1
| #define HAVE_STRINGS_H 1
| #define HAVE_SYS_TYPES_H 1
| #define HAVE_LIBGEN_H 1
| #define HAVE_BASENAME 1
| #define HAVE_SYS_TYPES_H 1
| #define HAVE_SYS_TYPES_H 1
| #define HAVE_UNISTD_H 1
| #define HAVE_FCNTL_H 1
| #define HAVE_FCNTL 1
| #define HAVE_FCNTL_O_NONBLOCK 1
| #define HAVE_SYS_TYPES_H 1
| #define HAVE_NETDB_H 1
| #define HAVE_FREEADDRINFO 1
| #define HAVE_SYS_TYPES_H 1
| #define HAVE_SYS_XATTR_H 1
| #define HAVE_FSETXATTR 1
| #define HAVE_FSETXATTR_5 1
| #define HAVE_SYS_TYPES_H 1
| #define HAVE_GETADDRINFO 1
| #define HAVE_GETADDRINFO_THREADSAFE 1
| #define HAVE_GETHOSTBYNAME_R 1
| #define HAVE_GETHOSTBYNAME_R_6 1
| #define GETHOSTNAME_TYPE_ARG2 size_t
| #define HAVE_GETHOSTNAME 1
| #define HAVE_SYS_TYPES_H 1
| #define HAVE_NETINET_IN_H 1
| #define HAVE_IFADDRS_H 1
| #define HAVE_GETIFADDRS 1
| #define HAVE_GETPEERNAME 1
| #define HAVE_GETSOCKNAME 1
| #define HAVE_SYS_TYPES_H 1
| #define HAVE_GMTIME_R 1
| #define HAVE_SYS_TYPES_H 1
| #define HAVE_UNISTD_H 1
| #define HAVE_SYS_IOCTL_H 1
| #define HAVE_STROPTS_H 1
| #define HAVE_IOCTL_FIONBIO 1
| #define HAVE_IOCTL_SIOCGIFADDR 1
| #define HAVE_LOCALTIME_R 1
| #define HAVE_MEMRCHR 1
| #define HAVE_SYS_TYPES_H 1
| #define HAVE_SIGACTION 1
| #define HAVE_SIGINTERRUPT 1
| #define HAVE_SIGNAL 1
| #define HAVE_SYS_TYPES_H 1
| #define HAVE_SIGSETJMP 1
| #define HAVE_SOCKET 1
| #define HAVE_SOCKETPAIR 1
| #define HAVE_STRERROR_R 1
| #define HAVE_POSIX_STRERROR_R 1
| #define HAVE_ACCEPT4 1
| #define HAVE_EVENTFD 1
| #define HAVE_FNMATCH 1
| #define HAVE_GETEUID 1
| #define HAVE_GETPPID 1
| #define HAVE_GETPWUID 1
| #define HAVE_GETPWUID_R 1
| #define HAVE_GETRLIMIT 1
| #define HAVE_GETTIMEOFDAY 1
| #define HAVE_PIPE 1
| #define HAVE_POLL 1
| #define HAVE_SENDMMSG 1
| #define HAVE_SENDMSG 1
| #define HAVE_SETLOCALE 1
| #define HAVE_SETRLIMIT 1
| #define HAVE_UTIME 1
| #define HAVE_UTIMES 1
| #define HAVE_PIPE2 1
| #define HAVE_IF_NAMETOINDEX 1
| #define HAVE_REALPATH 1
| #define HAVE_SCHED_YIELD 1
| #define HAVE_SYS_TYPES_H 1
| #define HAVE_NETINET_IN_H 1
| #define HAVE_ARPA_INET_H 1
| #define HAVE_INET_NTOP 1
| #define HAVE_INET_PTON 1
| #define HAVE_STRCASECMP 1
| #define HAVE_FSEEKO 1
| /* end confdefs.h.  */
| 
| int main(void)
| {
| (void) strchr;
|   return 0;
| }
configure:47609: musl-gcc -fno-link-libatomic -idirafter /home/ildar/kyronix-ports/net/curl/kernel-headers -c -Werror-implicit-function-declaration -O2 -Wno-system-headers   -D_GNU_SOURCE -I/home/ildar/kyronix-ports/libs/openssl/stage/usr/include conftest.c >&5
configure:47609: $? = 0
configure:47626: result: none needed
configure:47640: checking whether fseeko is declared
configure:47640: musl-gcc -fno-link-libatomic -idirafter /home/ildar/kyronix-ports/net/curl/kernel-headers -c -Werror-implicit-function-declaration -O2 -Wno-system-headers   -D_GNU_SOURCE -I/home/ildar/kyronix-ports/libs/openssl/stage/usr/include conftest.c >&5
configure:47640: $? = 0
configure:47640: result: yes
configure:47657: checking how to set a socket into non-blocking mode
configure:47670: result: fcntl O_NONBLOCK
configure:48282: checking whether to enable the threaded resolver
configure:48313: result: yes
configure:48366: checking for pthread.h
configure:48366: musl-gcc -fno-link-libatomic -idirafter /home/ildar/kyronix-ports/net/curl/kernel-headers -c -Werror-implicit-function-declaration -O2 -Wno-system-headers  -D_GNU_SOURCE -I/home/ildar/kyronix-ports/libs/openssl/stage/usr/include conftest.c >&5
configure:48366: $? = 0
configure:48366: result: yes
configure:48374: checking for pthread_create
configure:48374: musl-gcc -fno-link-libatomic -idirafter /home/ildar/kyronix-ports/net/curl/kernel-headers -o conftest -Werror-implicit-function-declaration -O2 -Wno-system-headers  -D_GNU_SOURCE -I/home/ildar/kyronix-ports/libs/openssl/stage/usr/include  -L/home/ildar/kyronix-ports/libs/openssl/stage/usr/lib64 conftest.c  >&5
configure:48374: $? = 0
configure:48374: result: yes
configure:48485: checking for dirent.h
configure:48485: musl-gcc -fno-link-libatomic -idirafter /home/ildar/kyronix-ports/net/curl/kernel-headers -c -Werror-implicit-function-declaration -O2 -Wno-system-headers  -D_GNU_SOURCE -I/home/ildar/kyronix-ports/libs/openssl/stage/usr/include conftest.c >&5
configure:48485: $? = 0
configure:48485: result: yes
configure:48491: checking for opendir
configure:48491: musl-gcc -fno-link-libatomic -idirafter /home/ildar/kyronix-ports/net/curl/kernel-headers -o conftest -Werror-implicit-function-declaration -O2 -Wno-system-headers  -D_GNU_SOURCE -I/home/ildar/kyronix-ports/libs/openssl/stage/usr/include  -L/home/ildar/kyronix-ports/libs/openssl/stage/usr/lib64 conftest.c -lssl -lcrypto -lssl -lcrypto  >&5
configure:48491: $? = 0
configure:48491: result: yes
configure:48507: checking convert -I options to -isystem
configure:48512: result: yes
configure:48550: checking whether to enable curl_easy_setopt()/curl_easy_getinfo() type checking
configure:48568: result: yes
configure:48574: checking whether to enable verbose strings
configure:48594: result: yes
configure:48601: checking whether to enable SSPI support (Windows native builds only)
configure:48638: result: no
configure:48650: checking whether to enable basic authentication method
configure:48669: result: yes
configure:48675: checking whether to enable bearer authentication method
configure:48694: result: yes
configure:48700: checking whether to enable digest authentication method
configure:48719: result: yes
configure:48725: checking whether to enable kerberos authentication method
configure:48745: result: yes
configure:48751: checking whether to enable negotiate authentication method
configure:48771: result: yes
configure:48777: checking whether to enable aws sig methods
configure:48796: result: yes
configure:48802: checking whether to support NTLM
configure:48822: result: no
configure:48828: checking whether to enable TLS-SRP authentication
configure:48846: result: yes
configure:48861: checking whether to enable Unix domain sockets
configure:48880: result: auto
configure:48895: checking for struct sockaddr_un.sun_path
configure:48895: musl-gcc -fno-link-libatomic -idirafter /home/ildar/kyronix-ports/net/curl/kernel-headers -c -Werror-implicit-function-declaration -O2 -Wno-system-headers -D_GNU_SOURCE -isystem /home/ildar/kyronix-ports/libs/openssl/stage/usr/include conftest.c >&5
configure:48895: $? = 0
configure:48895: result: yes
configure:48919: checking whether to support cookies
configure:48938: result: yes
configure:48944: checking whether to support socketpair
configure:48963: result: yes
configure:48969: checking whether to support HTTP authentication
configure:48988: result: yes
configure:48994: checking whether to support DoH
configure:49013: result: yes
configure:49019: checking whether to support the MIME API
configure:49038: result: yes
configure:49044: checking whether to support binding connections locally
configure:49063: result: yes
configure:49069: checking whether to support the form API
configure:49099: result: yes
configure:49106: checking whether to support date parsing
configure:49125: result: yes
configure:49131: checking whether to support netrc parsing
configure:49150: result: yes
configure:49156: checking whether to support progress-meter
configure:49175: result: yes
configure:49181: checking whether to support the SHA-512/256 hash algorithm
configure:49200: result: yes
configure:49206: checking whether to support DNS shuffling
configure:49225: result: yes
configure:49231: checking whether to support curl_easy_option*
configure:49250: result: yes
configure:49256: checking whether to support alt-svc
configure:49277: result: yes
configure:49283: checking whether to support headers-api
configure:49303: result: yes
configure:49310: checking whether to support HSTS
configure:49327: result: yes
configure:49404: checking whether to enable HTTPS-RR support
configure:49415: result: no
configure:49425: checking for SSL_set0_wbio
configure:49425: musl-gcc -fno-link-libatomic -idirafter /home/ildar/kyronix-ports/net/curl/kernel-headers -o conftest -Werror-implicit-function-declaration -O2 -Wno-system-headers -D_GNU_SOURCE -isystem /home/ildar/kyronix-ports/libs/openssl/stage/usr/include  -L/home/ildar/kyronix-ports/libs/openssl/stage/usr/lib64 conftest.c -lssl -lcrypto -lssl -lcrypto  >&5
configure:49425: $? = 0
configure:49425: result: yes
configure:49435: checking whether to support WebSockets
configure:49466: result: yes
configure:49525: checking whether hiding of library internal symbols does actually happen
configure:49536: result: yes
configure:49714: checking if this build supports HTTPS-proxy
configure:49725: result: yes
configure:50212: checking that generated files are newer than configure
configure:50218: result: done
configure:50349: creating ./config.status

## ---------------------- ##
## Running config.status. ##
## ---------------------- ##

This file was extended by curl config.status -, which was
generated by GNU Autoconf 2.71.  Invocation command line was

  CONFIG_FILES    = 
  CONFIG_HEADERS  = 
  CONFIG_LINKS    = 
  CONFIG_COMMANDS = 
  $ ./config.status 

on anmitali-arch

config.status:1412: creating Makefile
config.status:1412: creating docs/Makefile
config.status:1412: creating docs/examples/Makefile
config.status:1412: creating docs/libcurl/Makefile
config.status:1412: creating docs/libcurl/opts/Makefile
config.status:1412: creating docs/cmdline-opts/Makefile
config.status:1412: creating include/Makefile
config.status:1412: creating include/curl/Makefile
config.status:1412: creating src/Makefile
config.status:1412: creating lib/Makefile
config.status:1412: creating scripts/Makefile
config.status:1412: creating lib/libcurl.vers
config.status:1412: creating tests/Makefile
config.status:1412: creating tests/config
config.status:1412: creating tests/configurehelp.pm
config.status:1412: creating tests/certs/Makefile
config.status:1412: creating tests/data/Makefile
config.status:1412: creating tests/server/Makefile
config.status:1412: creating tests/libtest/Makefile
config.status:1412: creating tests/unit/Makefile
config.status:1412: creating tests/tunit/Makefile
config.status:1412: creating tests/http/config.ini
config.status:1412: creating tests/http/Makefile
config.status:1412: creating projects/Makefile
config.status:1412: creating projects/vms/Makefile
config.status:1412: creating libcurl.pc
config.status:1412: creating curl-config
config.status:1412: creating lib/curl_config.h
config.status:1626: executing depfiles commands
config.status:1701: cd docs/examples       && sed -e '/# am--include-marker/d' Makefile         | make -f - am--depfiles
config.status:1708: $? = 0
config.status:1701: cd src       && sed -e '/# am--include-marker/d' Makefile         | make -f - am--depfiles
config.status:1708: $? = 0
config.status:1701: cd lib       && sed -e '/# am--include-marker/d' Makefile         | make -f - am--depfiles
config.status:1708: $? = 0
config.status:1701: cd tests/server       && sed -e '/# am--include-marker/d' Makefile         | make -f - am--depfiles
config.status:1708: $? = 0
config.status:1701: cd tests/libtest       && sed -e '/# am--include-marker/d' Makefile         | make -f - am--depfiles
config.status:1708: $? = 0
config.status:1701: cd tests/unit       && sed -e '/# am--include-marker/d' Makefile         | make -f - am--depfiles
config.status:1708: $? = 0
config.status:1701: cd tests/tunit       && sed -e '/# am--include-marker/d' Makefile         | make -f - am--depfiles
config.status:1708: $? = 0
config.status:1626: executing libtool commands
configure:52738: Configured to build curl/libcurl:

  Host setup:       x86_64-pc-linux-musl
  Install prefix:   /usr
  Compiler:         musl-gcc -fno-link-libatomic -idirafter /home/ildar/kyronix-ports/net/curl/kernel-headers
   CFLAGS:          -Werror-implicit-function-declaration -O2 -Wno-system-headers
   CFLAGS extras:   
   CPPFLAGS:        -D_GNU_SOURCE -isystem /home/ildar/kyronix-ports/libs/openssl/stage/usr/include
   LDFLAGS:         -L/home/ildar/kyronix-ports/libs/openssl/stage/usr/lib64
     curl-config:   -L/home/ildar/kyronix-ports/libs/openssl/stage/usr/lib64
   LIBS:            -lssl -lcrypto -lssl -lcrypto

  curl version:     8.21.0
  SSL:              enabled (OpenSSL)
  SSH:              no       (--with-{libssh,libssh2})
  zlib:             no       (--with-zlib)
  brotli:           no       (--with-brotli)
  zstd:             no       (--with-zstd)
  GSS-API:          no       (--with-gssapi)
  GSASL:            no       (--with-gsasl)
  TLS-SRP:          enabled
  resolver:         POSIX threaded
  IPv6:             enabled
  Unix sockets:     enabled
  IDN:              no       (--with-{libidn2,winidn})
  Build docs:       enabled  (--disable-docs)
  Build libcurl:    Shared=yes, Static=no
  Built-in manual:  enabled
  --libcurl option: enabled  (--disable-libcurl-option)
  Type checking:    enabled  (--disable-typecheck)
  Verbose errors:   enabled  (--disable-verbose)
  Code coverage:    disabled
  SSPI:             no       (--enable-sspi)
  CA native:        no
  CA cert bundle:   /etc/ssl/cert.pem
  CA cert path:     no
  CA cert embed:    no
  CA fallback:      no
  LDAP:             no       (--enable-ldap / --with-ldap-lib / --with-lber-lib)
  LDAPS:            no       (--enable-ldaps)
  IPFS/IPNS:        enabled
  RTSP:             enabled
  PSL:              no       (--with-libpsl)
  Alt-svc:          enabled  (--disable-alt-svc)
  Headers API:      enabled  (--disable-headers-api)
  HSTS:             enabled  (--disable-hsts)
  HTTP1:            enabled  (internal)
  HTTP2:            no       (--with-nghttp2)
  HTTP3:            no       (--with-ngtcp2 --with-nghttp3, --with-quiche)
  proxy-HTTP3:      no      (--enable-proxy-http3)
  ECH:              no      (--enable-ech)
  HTTPS RR:         no      (--enable-httpsrr)
  SSLS-EXPORT:      no      (--enable-ssls-export)
  Protocols:        dict file ftp ftps gopher gophers http https imap imaps ipfs ipns mqtt mqtts pop3 pop3s rtsp smtp smtps telnet tftp ws wss
  Features:         alt-svc AsynchDNS HSTS HTTPS-proxy IPv6 Largefile SSL threadsafe TLS-SRP UnixSockets


## ---------------- ##
## Cache variables. ##
## ---------------- ##

ac_cv_build=x86_64-pc-linux-musl
ac_cv_c_compiler_gnu=yes
ac_cv_c_const=yes
ac_cv_c_undeclared_builtin_options='none needed'
ac_cv_env_CC_set=set
ac_cv_env_CC_value='musl-gcc -fno-link-libatomic -idirafter /home/ildar/kyronix-ports/net/curl/kernel-headers'
ac_cv_env_CFLAGS_set=
ac_cv_env_CFLAGS_value=
ac_cv_env_CPPFLAGS_set=
ac_cv_env_CPPFLAGS_value=
ac_cv_env_CPP_set=
ac_cv_env_CPP_value=
ac_cv_env_LDFLAGS_set=
ac_cv_env_LDFLAGS_value=
ac_cv_env_LIBS_set=
ac_cv_env_LIBS_value=
ac_cv_env_LT_SYS_LIBRARY_PATH_set=
ac_cv_env_LT_SYS_LIBRARY_PATH_value=
ac_cv_env_build_alias_set=
ac_cv_env_build_alias_value=
ac_cv_env_host_alias_set=set
ac_cv_env_host_alias_value=x86_64-linux-musl
ac_cv_env_target_alias_set=
ac_cv_env_target_alias_value=
ac_cv_func_SSL_set0_wbio=yes
ac_cv_func_SSL_set_quic_tls_cbs=yes
ac_cv_func_SSL_set_quic_use_legacy_codepoint=no
ac_cv_func_accept4=yes
ac_cv_func_eventfd=yes
ac_cv_func_fnmatch=yes
ac_cv_func_fseeko=yes
ac_cv_func_geteuid=yes
ac_cv_func_gethostbyname=yes
ac_cv_func_getpass_r=no
ac_cv_func_getppid=yes
ac_cv_func_getpwuid=yes
ac_cv_func_getpwuid_r=yes
ac_cv_func_getrlimit=yes
ac_cv_func_gettimeofday=yes
ac_cv_func_if_nametoindex=yes
ac_cv_func_mach_absolute_time=no
ac_cv_func_memset_explicit=no
ac_cv_func_opendir=yes
ac_cv_func_pipe2=yes
ac_cv_func_pipe=yes
ac_cv_func_poll=yes
ac_cv_func_pthread_create=yes
ac_cv_func_realpath=yes
ac_cv_func_sched_yield=yes
ac_cv_func_sendmmsg=yes
ac_cv_func_sendmsg=yes
ac_cv_func_setlocale=yes
ac_cv_func_setrlimit=yes
ac_cv_func_utime=yes
ac_cv_func_utimes=yes
ac_cv_have_decl_fseeko=yes
ac_cv_header_arpa_inet_h=yes
ac_cv_header_brotli_decode_h=no
ac_cv_header_dirent_h=yes
ac_cv_header_dlfcn_h=yes
ac_cv_header_fcntl_h=yes
ac_cv_header_idn2_h=no
ac_cv_header_ifaddrs_h=yes
ac_cv_header_inttypes_h=yes
ac_cv_header_io_h=no
ac_cv_header_libgen_h=yes
ac_cv_header_linux_tcp_h=yes
ac_cv_header_locale_h=yes
ac_cv_header_net_if_h=yes
ac_cv_header_netdb_h=yes
ac_cv_header_netinet_in6_h=no
ac_cv_header_netinet_in_h=yes
ac_cv_header_netinet_tcp_h=yes
ac_cv_header_netinet_udp_h=yes
ac_cv_header_openssl_crypto_h=yes
ac_cv_header_openssl_err_h=yes
ac_cv_header_openssl_pem_h=yes
ac_cv_header_openssl_rsa_h=yes
ac_cv_header_openssl_ssl_h=yes
ac_cv_header_poll_h=yes
ac_cv_header_proto_bsdsocket_h=no
ac_cv_header_pthread_h=yes
ac_cv_header_pwd_h=yes
ac_cv_header_stdatomic_h=yes
ac_cv_header_stdbool_h=yes
ac_cv_header_stdint_h=yes
ac_cv_header_stdio_h=yes
ac_cv_header_stdlib_h=yes
ac_cv_header_string_h=yes
ac_cv_header_strings_h=yes
ac_cv_header_stropts_h=yes
ac_cv_header_sys_eventfd_h=yes
ac_cv_header_sys_filio_h=no
ac_cv_header_sys_ioctl_h=yes
ac_cv_header_sys_param_h=yes
ac_cv_header_sys_poll_h=yes
ac_cv_header_sys_resource_h=yes
ac_cv_header_sys_select_h=yes
ac_cv_header_sys_sockio_h=no
ac_cv_header_sys_stat_h=yes
ac_cv_header_sys_types_h=yes
ac_cv_header_sys_un_h=yes
ac_cv_header_sys_utime_h=no
ac_cv_header_sys_xattr_h=yes
ac_cv_header_termio_h=no
ac_cv_header_termios_h=yes
ac_cv_header_unistd_h=yes
ac_cv_header_utime_h=yes
ac_cv_header_zlib_h=no
ac_cv_header_zstd_h=no
ac_cv_host=x86_64-pc-linux-musl
ac_cv_lib_brotlidec_BrotliDecoderDecompress=no
ac_cv_lib_crypto_HMAC_Update=yes
ac_cv_lib_nghttp2_nghttp2_session_get_stream_local_window_size=no
ac_cv_lib_ssl_SSL_connect=yes
ac_cv_lib_z_inflateEnd=no
ac_cv_lib_zstd_ZSTD_createDStream=no
ac_cv_member_struct_sockaddr_un_sun_path=yes
ac_cv_objext=o
ac_cv_path_APXS=/usr/bin/apxs
ac_cv_path_EGREP='/usr/bin/grep -E'
ac_cv_path_FGREP='/usr/bin/grep -F'
ac_cv_path_GREP=/usr/bin/grep
ac_cv_path_HTTPD=/usr/bin/httpd
ac_cv_path_PERL=/usr/bin/perl
ac_cv_path_SED=/usr/bin/sed
ac_cv_path_ac_pt_AR=/usr/bin/ar
ac_cv_path_ac_pt_PKGCONFIG=/usr/bin/pkg-config
ac_cv_path_install='/usr/bin/install -c'
ac_cv_path_lt_DD=/usr/bin/dd
ac_cv_path_mkdir=/usr/bin/mkdir
ac_cv_prog_AR=/usr/bin/ar
ac_cv_prog_AWK=gawk
ac_cv_prog_CC='musl-gcc -fno-link-libatomic -idirafter /home/ildar/kyronix-ports/net/curl/kernel-headers'
ac_cv_prog_CPP='musl-gcc -fno-link-libatomic -idirafter /home/ildar/kyronix-ports/net/curl/kernel-headers -E'
ac_cv_prog_ac_ct_FILECMD=file
ac_cv_prog_ac_ct_OBJDUMP=objdump
ac_cv_prog_ac_ct_RANLIB=ranlib
ac_cv_prog_ac_ct_STRIP=strip
ac_cv_prog_cc_c11=
ac_cv_prog_cc_g=yes
ac_cv_prog_cc_stdc=
ac_cv_prog_make_make_set=yes
ac_cv_sizeof_curl_off_t=8
ac_cv_sizeof_curl_socket_t=4
ac_cv_sizeof_int=4
ac_cv_sizeof_long=8
ac_cv_sizeof_off_t=8
ac_cv_sizeof_size_t=8
ac_cv_sizeof_time_t=8
ac_cv_sys_file_offset_bits=no
ac_cv_sys_largefile_CC=no
ac_cv_type_bool=yes
ac_cv_type_sa_family_t=yes
ac_cv_type_size_t=yes
ac_cv_type_ssize_t=yes
ac_cv_type_struct_sockaddr_storage=yes
ac_cv_type_suseconds_t=yes
am_cv_CC_dependencies_compiler_type=gcc3
am_cv_make_support_nested_variables=yes
am_cv_prog_cc_c_o=yes
curl_cv_android=no
curl_cv_apple=no
curl_cv_def___GNUC__=16
curl_cv_func_alarm=yes
curl_cv_func_basename=yes
curl_cv_func_closesocket=no
curl_cv_func_closesocket_camel=no
curl_cv_func_fcntl=yes
curl_cv_func_fcntl_o_nonblock=yes
curl_cv_func_freeaddrinfo=yes
curl_cv_func_fsetxattr=yes
curl_cv_func_getaddrinfo=yes
curl_cv_func_getaddrinfo_threadsafe=yes
curl_cv_func_gethostbyname_r=yes
curl_cv_func_gethostname=yes
curl_cv_func_getifaddrs=yes
curl_cv_func_getpeername=yes
curl_cv_func_getsockname=yes
curl_cv_func_gmtime_r=yes
curl_cv_func_inet_ntop=yes
curl_cv_func_inet_pton=yes
curl_cv_func_ioctl=yes
curl_cv_func_ioctl_fionbio=yes
curl_cv_func_ioctl_siocgifaddr=yes
curl_cv_func_ioctlsocket=no
curl_cv_func_ioctlsocket_camel=no
curl_cv_func_localtime_r=yes
curl_cv_func_memrchr=yes
curl_cv_func_memset_s=no
curl_cv_func_recv=yes
curl_cv_func_select=yes
curl_cv_func_send=yes
curl_cv_func_sigaction=yes
curl_cv_func_siginterrupt=yes
curl_cv_func_signal=yes
curl_cv_func_sigsetjmp=yes
curl_cv_func_socket=yes
curl_cv_func_socketpair=yes
curl_cv_func_strcasecmp=yes
curl_cv_func_strcmpi=no
curl_cv_func_strerror_r=yes
curl_cv_func_stricmp=no
curl_cv_gclk_LIBS=
curl_cv_have_def___DECC=no
curl_cv_have_def___DECC_VER=no
curl_cv_have_def___GNUC__=yes
curl_cv_have_def___HP_cc=no
curl_cv_have_def___IBMC__=no
curl_cv_have_def___INTEL_COMPILER=no
curl_cv_have_def___SUNPRO_C=no
curl_cv_have_def___TINYC__=no
curl_cv_have_def___clang__=no
curl_cv_native_windows=no
curl_cv_recv=yes
curl_cv_save_LIBS=
curl_cv_select=yes
curl_cv_send=yes
curl_cv_struct_timeval=yes
curl_cv_winuwp=no
curl_cv_writable_argv=yes
lt_cv_ar_at_file=@
lt_cv_archive_cmds_need_lc=no
lt_cv_deplibs_check_method=pass_all
lt_cv_file_magic_cmd='$MAGIC_CMD'
lt_cv_file_magic_test_file=
lt_cv_ld_reload_flag=-r
lt_cv_nm_interface='BSD nm'
lt_cv_objdir=.libs
lt_cv_path_LD=/usr/bin/ld
lt_cv_path_NM='/usr/bin/nm -B'
lt_cv_path_mainfest_tool=no
lt_cv_prog_compiler_c_o=yes
lt_cv_prog_compiler_c_o_RC=yes
lt_cv_prog_compiler_pic='-fPIC -DPIC'
lt_cv_prog_compiler_pic_works=yes
lt_cv_prog_compiler_rtti_exceptions=no
lt_cv_prog_compiler_static_works=yes
lt_cv_prog_gnu_ld=yes
lt_cv_sharedlib_from_linklib_cmd='printf %s\n'
lt_cv_shlibpath_overrides_runpath=yes
lt_cv_sys_global_symbol_pipe='/usr/bin/sed -n -e '\''s/^.*[	 ]\([ABCDGIRSTW][ABCDGIRSTW]*\)[	 ][	 ]*\([_A-Za-z][_A-Za-z0-9]*\)$/\1 \2 \2/p'\'' | /usr/bin/sed '\''/ __gnu_lto/d'\'''
lt_cv_sys_global_symbol_to_c_name_address='/usr/bin/sed -n -e '\''s/^: \(.*\) .*$/  {"\1", (void *) 0},/p'\'' -e '\''s/^[ABCDGIRSTW][ABCDGIRSTW]* .* \(.*\)$/  {"\1", (void *) \&\1},/p'\'''
lt_cv_sys_global_symbol_to_c_name_address_lib_prefix='/usr/bin/sed -n -e '\''s/^: \(.*\) .*$/  {"\1", (void *) 0},/p'\'' -e '\''s/^[ABCDGIRSTW][ABCDGIRSTW]* .* \(lib.*\)$/  {"\1", (void *) \&\1},/p'\'' -e '\''s/^[ABCDGIRSTW][ABCDGIRSTW]* .* \(.*\)$/  {"lib\1", (void *) \&\1},/p'\'''
lt_cv_sys_global_symbol_to_cdecl='/usr/bin/sed -n -e '\''s/^T .* \(.*\)$/extern int \1();/p'\'' -e '\''s/^[ABCDGIRSTW][ABCDGIRSTW]* .* \(.*\)$/extern char \1;/p'\'''
lt_cv_sys_global_symbol_to_import=
lt_cv_sys_max_cmd_len=1572864
lt_cv_to_host_file_cmd=func_convert_file_noop
lt_cv_to_tool_file_cmd=func_convert_file_noop
lt_cv_truncate_bin='/usr/bin/dd bs=4096 count=1'

## ----------------- ##
## Output variables. ##
## ----------------- ##

ACLOCAL='${SHELL} '\''/home/ildar/kyronix-ports/net/curl/missing'\'' aclocal-1.16'
AMDEPBACKSLASH='\'
AMDEP_FALSE='#'
AMDEP_TRUE=''
AMTAR='$${TAR-tar}'
AM_BACKSLASH='\'
AM_DEFAULT_V='$(AM_DEFAULT_VERBOSITY)'
AM_DEFAULT_VERBOSITY='0'
AM_V='$(V)'
APXS='/usr/bin/apxs'
AR='/usr/bin/ar'
AR_FLAGS='cr'
AS='as'
AUTOCONF='${SHELL} '\''/home/ildar/kyronix-ports/net/curl/missing'\'' autoconf'
AUTOHEADER='${SHELL} '\''/home/ildar/kyronix-ports/net/curl/missing'\'' autoheader'
AUTOMAKE='${SHELL} '\''/home/ildar/kyronix-ports/net/curl/missing'\'' automake-1.16'
AWK='gawk'
BLANK_AT_MAKETIME=''
BUILD_DOCS_FALSE='#'
BUILD_DOCS_TRUE=''
BUILD_STUB_GSS_FALSE=''
BUILD_STUB_GSS_TRUE='#'
BUILD_UNITTESTS_FALSE='#'
BUILD_UNITTESTS_TRUE=''
CADDY=''
CC='musl-gcc -fno-link-libatomic -idirafter /home/ildar/kyronix-ports/net/curl/kernel-headers'
CCDEPMODE='depmode=gcc3'
CFLAGS='-Werror-implicit-function-declaration -O2 -Wno-system-headers'
CFLAG_CURL_SYMBOL_HIDING='-fvisibility=hidden'
CLANG_FALSE=''
CLANG_TIDY='clang-tidy'
CLANG_TRUE='#'
CONFIGURE_OPTIONS='" '\''--host=x86_64-linux-musl'\'' '\''--enable-shared'\'' '\''--disable-static'\'' '\''--with-openssl'\'' '\''--without-libpsl'\'' '\''--disable-ldap'\'' '\''--disable-ldaps'\'' '\''--prefix=/usr'\'' '\''--with-ca-bundle=/etc/ssl/cert.pem'\'' '\''--without-ca-path'\'' '\''host_alias=x86_64-linux-musl'\'' '\''CC=musl-gcc -fno-link-libatomic -idirafter /home/ildar/kyronix-ports/net/curl/kernel-headers'\''"'
CPP='musl-gcc -fno-link-libatomic -idirafter /home/ildar/kyronix-ports/net/curl/kernel-headers -E'
CPPFLAGS='-D_GNU_SOURCE -isystem /home/ildar/kyronix-ports/libs/openssl/stage/usr/include'
CROSSCOMPILING_FALSE=''
CROSSCOMPILING_TRUE='#'
CSCOPE='cscope'
CTAGS='ctags'
CURLVERSION='8.21.0'
CURL_CA_BUNDLE='/etc/ssl/cert.pem'
CURL_CA_EMBED=''
CURL_CA_EMBED_SET_FALSE=''
CURL_CA_EMBED_SET_TRUE='#'
CURL_CFLAG_EXTRAS=''
CURL_CPP='musl-gcc -fno-link-libatomic -idirafter /home/ildar/kyronix-ports/net/curl/kernel-headers -E -D_GNU_SOURCE -isystem /home/ildar/kyronix-ports/libs/openssl/stage/usr/include'
CURL_LIBCURL_VERSIONED_SYMBOLS_PREFIX=''
CURL_LIBCURL_VERSIONED_SYMBOLS_SONAME='4'
CURL_LT_SHLIB_USE_MIMPURE_TEXT_FALSE=''
CURL_LT_SHLIB_USE_MIMPURE_TEXT_TRUE='#'
CURL_LT_SHLIB_USE_NO_UNDEFINED_FALSE=''
CURL_LT_SHLIB_USE_NO_UNDEFINED_TRUE='#'
CURL_LT_SHLIB_USE_VERSIONED_SYMBOLS_FALSE=''
CURL_LT_SHLIB_USE_VERSIONED_SYMBOLS_TRUE='#'
CURL_LT_SHLIB_USE_VERSION_INFO_FALSE='#'
CURL_LT_SHLIB_USE_VERSION_INFO_TRUE=''
CURL_NETWORK_AND_TIME_LIBS=''
CURL_WERROR_FALSE=''
CURL_WERROR_TRUE='#'
CYGPATH_W='echo'
DANTED=''
DEBUGBUILD_FALSE=''
DEBUGBUILD_TRUE='#'
DEFS='-DHAVE_CONFIG_H'
DEPDIR='.deps'
DLLTOOL='false'
DOING_CURL_SYMBOL_HIDING_FALSE='#'
DOING_CURL_SYMBOL_HIDING_TRUE=''
DOING_NATIVE_WINDOWS_FALSE=''
DOING_NATIVE_WINDOWS_TRUE='#'
DSYMUTIL=''
DUMPBIN=''
ECHO_C=''
ECHO_N='-n'
ECHO_T=''
EGREP='/usr/bin/grep -E'
ENABLE_SHARED='yes'
ENABLE_STATIC='no'
ETAGS='etags'
EXEEXT=''
FGREP='/usr/bin/grep -F'
FILECMD='file'
FISH_FUNCTIONS_DIR=''
GCOV=''
GREP='/usr/bin/grep'
H2O=''
HAVE_LIBZ=''
HAVE_LIBZ_FALSE=''
HAVE_LIBZ_TRUE='#'
HAVE_WINDRES_FALSE=''
HAVE_WINDRES_TRUE='#'
HTTPD='/usr/bin/httpd'
HTTPD_NGHTTPX=''
INSTALL_DATA='${INSTALL} -m 644'
INSTALL_PROGRAM='${INSTALL}'
INSTALL_SCRIPT='${INSTALL}'
INSTALL_STRIP_PROGRAM='$(install_sh) -c -s'
LCOV=''
LD='/usr/bin/ld -m elf_x86_64'
LDFLAGS='-L/home/ildar/kyronix-ports/libs/openssl/stage/usr/lib64'
LIBCURL_PC_CFLAGS=''
LIBCURL_PC_CFLAGS_PRIVATE='-DCURL_STATICLIB'
LIBCURL_PC_LDFLAGS_PRIVATE='-L/home/ildar/kyronix-ports/libs/openssl/stage/usr/lib64'
LIBCURL_PC_LIBS=''
LIBCURL_PC_LIBS_PRIVATE='-lssl -lcrypto -lssl -lcrypto'
LIBCURL_PC_REQUIRES=''
LIBCURL_PC_REQUIRES_PRIVATE='openssl'
LIBOBJS=''
LIBS='-lssl -lcrypto -lssl -lcrypto'
LIBTOOL='$(SHELL) $(top_builddir)/libtool'
LIPO=''
LN_S='ln -s'
LTLIBOBJS=''
LT_SYS_LIBRARY_PATH=''
MAINT='#'
MAINTAINER_MODE_FALSE=''
MAINTAINER_MODE_TRUE='#'
MAKEINFO='${SHELL} '\''/home/ildar/kyronix-ports/net/curl/missing'\'' makeinfo'
MANIFEST_TOOL=':'
MKDIR_P='/usr/bin/mkdir -p'
NM='/usr/bin/nm -B'
NMEDIT=''
NOT_CURL_CI_FALSE='#'
NOT_CURL_CI_TRUE=''
OBJDUMP='objdump'
OBJEXT='o'
OTOOL64=''
OTOOL=''
PACKAGE='curl'
PACKAGE_BUGREPORT='a suitable curl mailing list: https://curl.se/mail/'
PACKAGE_NAME='curl'
PACKAGE_STRING='curl -'
PACKAGE_TARNAME='curl'
PACKAGE_URL=''
PACKAGE_VERSION='-'
PATH_SEPARATOR=':'
PERL='/usr/bin/perl'
PERL_FALSE='#'
PERL_TRUE=''
PKGCONFIG='no'
RANLIB='ranlib'
RC=''
SED='/usr/bin/sed'
SET_MAKE=''
SFTPD=''
SHELL='/bin/sh'
SSHD='/usr/sbin/sshd'
SSL_BACKENDS='OpenSSL'
STRIP='strip'
SUPPORT_FEATURES='alt-svc AsynchDNS HSTS HTTPS-proxy IPv6 Largefile SSL threadsafe TLS-SRP UnixSockets'
SUPPORT_PROTOCOLS='DICT FILE FTP FTPS GOPHER GOPHERS HTTP HTTPS IMAP IMAPS IPFS IPNS MQTT MQTTS POP3 POP3S RTSP SMTP SMTPS TELNET TFTP WS WSS'
TEST_NGHTTPX='nghttpx'
USE_CPPFLAG_CURL_STATICLIB_FALSE=''
USE_CPPFLAG_CURL_STATICLIB_TRUE='#'
USE_FISH_COMPLETION_FALSE=''
USE_FISH_COMPLETION_TRUE='#'
USE_GSASL_FALSE=''
USE_GSASL_TRUE='#'
USE_LIBPSL_FALSE=''
USE_LIBPSL_TRUE='#'
USE_MANUAL_FALSE='#'
USE_MANUAL_TRUE=''
USE_UNICODE_FALSE=''
USE_UNICODE_TRUE='#'
USE_UNITY_FALSE=''
USE_UNITY_TRUE='#'
USE_ZSH_COMPLETION_FALSE=''
USE_ZSH_COMPLETION_TRUE='#'
VERSION='-'
VERSIONNUM='081500'
VSFTPD=''
ZLIB_LIBS=''
ZSH_FUNCTIONS_DIR=''
ac_ct_AR=''
ac_ct_CC=''
ac_ct_DUMPBIN=''
am__EXEEXT_FALSE=''
am__EXEEXT_TRUE='#'
am__fastdepCC_FALSE='#'
am__fastdepCC_TRUE=''
am__include='include'
am__isrc=' -I$(srcdir)'
am__leading_dot='.'
am__nodep='_no'
am__quote=''
am__tar='$${TAR-tar} chof - "$$tardir"'
am__untar='$${TAR-tar} xf -'
bindir='${exec_prefix}/bin'
build='x86_64-pc-linux-musl'
build_alias=''
build_cpu='x86_64'
build_os='linux-musl'
build_vendor='pc'
datadir='${datarootdir}'
datarootdir='${prefix}/share'
docdir='${datarootdir}/doc/${PACKAGE_TARNAME}'
dvidir='${docdir}'
exec_prefix='${prefix}'
host='x86_64-pc-linux-musl'
host_alias='x86_64-linux-musl'
host_cpu='x86_64'
host_os='linux-musl'
host_vendor='pc'
htmldir='${docdir}'
includedir='${prefix}/include'
infodir='${datarootdir}/info'
install_sh='${SHELL} /home/ildar/kyronix-ports/net/curl/install-sh'
libdir='${exec_prefix}/lib'
libexecdir='${exec_prefix}/libexec'
libext='a'
localedir='${datarootdir}/locale'
localstatedir='${prefix}/var'
mandir='${datarootdir}/man'
mkdir_p='$(MKDIR_P)'
oldincludedir='/usr/include'
pdfdir='${docdir}'
prefix='/usr'
program_transform_name='s,x,x,'
psdir='${docdir}'
runstatedir='${localstatedir}/run'
sbindir='${exec_prefix}/sbin'
sharedstatedir='${prefix}/com'
sysconfdir='${prefix}/etc'
target_alias=''

## ----------- ##
## confdefs.h. ##
## ----------- ##

/* confdefs.h */
#define PACKAGE_NAME "curl"
#define PACKAGE_TARNAME "curl"
#define PACKAGE_VERSION "-"
#define PACKAGE_STRING "curl -"
#define PACKAGE_BUGREPORT "a suitable curl mailing list: https://curl.se/mail/"
#define PACKAGE_URL ""
#define HAVE_STDIO_H 1
#define HAVE_STDLIB_H 1
#define HAVE_STRING_H 1
#define HAVE_INTTYPES_H 1
#define HAVE_STDINT_H 1
#define HAVE_STRINGS_H 1
#define HAVE_SYS_STAT_H 1
#define HAVE_SYS_TYPES_H 1
#define HAVE_UNISTD_H 1
#define STDC_HEADERS 1
#define HAVE_STDATOMIC_H 1
#define HAVE_ATOMIC 1
#define PACKAGE "curl"
#define VERSION "-"
#define CURL_OS "x86_64-pc-linux-musl"
#define HAVE_DLFCN_H 1
#define LT_OBJDIR ".libs/"
#define CURL_DISABLE_LDAP 1
#define CURL_DISABLE_LDAPS 1
#define HAVE_SYS_TYPES_H 1
#define HAVE_CLOCK_GETTIME_MONOTONIC 1
#define HAVE_SYS_TYPES_H 1
#define HAVE_CLOCK_GETTIME_MONOTONIC_RAW 1
#define USE_IPV6 1
#define HAVE_SOCKADDR_IN6_SIN6_SCOPE_ID 1
#define HAVE_WRITABLE_ARGV 1
#define HAVE_LIBSSL 1
#define HAVE_OPENSSL_RSA_H 1
#define USE_OPENSSL 1
#define HAVE_OPENSSL_CRYPTO_H 1
#define USE_OPENSSL 1
#define HAVE_OPENSSL_PEM_H 1
#define USE_OPENSSL 1
#define HAVE_OPENSSL_SSL_H 1
#define USE_OPENSSL 1
#define HAVE_OPENSSL_ERR_H 1
#define USE_OPENSSL 1
#define HAVE_SSL_SET_QUIC_TLS_CBS 1
#define HAVE_DES_ECB_ENCRYPT 1
#define HAVE_OPENSSL_SRP 1
#define CURL_CA_BUNDLE "/etc/ssl/cert.pem"
#define HAVE_SYS_TYPES_H 1
#define HAVE_SYS_SELECT_H 1
#define HAVE_SYS_IOCTL_H 1
#define HAVE_UNISTD_H 1
#define HAVE_ARPA_INET_H 1
#define HAVE_NET_IF_H 1
#define HAVE_NETINET_IN_H 1
#define HAVE_SYS_UN_H 1
#define HAVE_LINUX_TCP_H 1
#define HAVE_NETINET_TCP_H 1
#define HAVE_NETINET_UDP_H 1
#define HAVE_NETDB_H 1
#define HAVE_SYS_PARAM_H 1
#define HAVE_TERMIOS_H 1
#define HAVE_FCNTL_H 1
#define HAVE_PWD_H 1
#define HAVE_UTIME_H 1
#define HAVE_SYS_POLL_H 1
#define HAVE_POLL_H 1
#define HAVE_SYS_RESOURCE_H 1
#define HAVE_LIBGEN_H 1
#define HAVE_LOCALE_H 1
#define HAVE_STDBOOL_H 1
#define HAVE_SYS_EVENTFD_H 1
#define HAVE_SYS_TYPES_H 1
#define HAVE_STRUCT_TIMEVAL 1
#define SIZEOF_SIZE_T 8
#define SIZEOF_LONG 8
#define SIZEOF_INT 4
#define SIZEOF_TIME_T 8
#define SIZEOF_OFF_T 8
#define SIZEOF_CURL_OFF_T 8
#define SIZEOF_CURL_SOCKET_T 4
#define HAVE_BOOL_T 1
#define HAVE_SA_FAMILY_T 1
#define HAVE_SUSECONDS_T 1
#define HAVE_STRUCT_SOCKADDR_STORAGE 1
#define HAVE_SYS_SELECT_H 1
#define HAVE_SELECT 1
#define HAVE_SYS_TYPES_H 1
#define HAVE_RECV 1
#define HAVE_SYS_TYPES_H 1
#define HAVE_SEND 1
#define HAVE_SYS_TYPES_H 1
#define HAVE_UNISTD_H 1
#define HAVE_ALARM 1
#define HAVE_SYS_TYPES_H 1
#define HAVE_STRINGS_H 1
#define HAVE_SYS_TYPES_H 1
#define HAVE_LIBGEN_H 1
#define HAVE_BASENAME 1
#define HAVE_SYS_TYPES_H 1
#define HAVE_SYS_TYPES_H 1
#define HAVE_UNISTD_H 1
#define HAVE_FCNTL_H 1
#define HAVE_FCNTL 1
#define HAVE_FCNTL_O_NONBLOCK 1
#define HAVE_SYS_TYPES_H 1
#define HAVE_NETDB_H 1
#define HAVE_FREEADDRINFO 1
#define HAVE_SYS_TYPES_H 1
#define HAVE_SYS_XATTR_H 1
#define HAVE_FSETXATTR 1
#define HAVE_FSETXATTR_5 1
#define HAVE_SYS_TYPES_H 1
#define HAVE_GETADDRINFO 1
#define HAVE_GETADDRINFO_THREADSAFE 1
#define HAVE_GETHOSTBYNAME_R 1
#define HAVE_GETHOSTBYNAME_R_6 1
#define GETHOSTNAME_TYPE_ARG2 size_t
#define HAVE_GETHOSTNAME 1
#define HAVE_SYS_TYPES_H 1
#define HAVE_NETINET_IN_H 1
#define HAVE_IFADDRS_H 1
#define HAVE_GETIFADDRS 1
#define HAVE_GETPEERNAME 1
#define HAVE_GETSOCKNAME 1
#define HAVE_SYS_TYPES_H 1
#define HAVE_GMTIME_R 1
#define HAVE_SYS_TYPES_H 1
#define HAVE_UNISTD_H 1
#define HAVE_SYS_IOCTL_H 1
#define HAVE_STROPTS_H 1
#define HAVE_IOCTL_FIONBIO 1
#define HAVE_IOCTL_SIOCGIFADDR 1
#define HAVE_LOCALTIME_R 1
#define HAVE_MEMRCHR 1
#define HAVE_SYS_TYPES_H 1
#define HAVE_SIGACTION 1
#define HAVE_SIGINTERRUPT 1
#define HAVE_SIGNAL 1
#define HAVE_SYS_TYPES_H 1
#define HAVE_SIGSETJMP 1
#define HAVE_SOCKET 1
#define HAVE_SOCKETPAIR 1
#define HAVE_STRERROR_R 1
#define HAVE_POSIX_STRERROR_R 1
#define HAVE_ACCEPT4 1
#define HAVE_EVENTFD 1
#define HAVE_FNMATCH 1
#define HAVE_GETEUID 1
#define HAVE_GETPPID 1
#define HAVE_GETPWUID 1
#define HAVE_GETPWUID_R 1
#define HAVE_GETRLIMIT 1
#define HAVE_GETTIMEOFDAY 1
#define HAVE_PIPE 1
#define HAVE_POLL 1
#define HAVE_SENDMMSG 1
#define HAVE_SENDMSG 1
#define HAVE_SETLOCALE 1
#define HAVE_SETRLIMIT 1
#define HAVE_UTIME 1
#define HAVE_UTIMES 1
#define HAVE_PIPE2 1
#define HAVE_IF_NAMETOINDEX 1
#define HAVE_REALPATH 1
#define HAVE_SCHED_YIELD 1
#define HAVE_SYS_TYPES_H 1
#define HAVE_NETINET_IN_H 1
#define HAVE_ARPA_INET_H 1
#define HAVE_INET_NTOP 1
#define HAVE_INET_PTON 1
#define HAVE_STRCASECMP 1
#define HAVE_FSEEKO 1
#define HAVE_DECL_FSEEKO 1
#define HAVE_THREADS_POSIX 1
#define USE_RESOLV_THREADED 1
#define HAVE_DIRENT_H 1
#define HAVE_OPENDIR 1
#define USE_TLS_SRP 1
#define USE_UNIX_SOCKETS 1
#define HAVE_SSL_SET0_WBIO 1
#define CURL_EXTERN_SYMBOL __attribute__((__visibility__("default")))

configure: exit 0
