This file contains any messages produced by compilers while
running configure, to aid debugging if configure makes a mistake.

It was created by lynx configure 2.9.3, which was
generated by GNU Autoconf 2.52.20260412.  Invocation command line was

  $ ../configure --host=x86_64-linux-musl --with-screen=ncurses --with-curses-dir=/home/ildar/kyronix-ports/libs/ncurses/obj-musl-static --with-ssl --disable-nls --prefix=/usr --sysconfdir=/etc LDFLAGS=-static

## ---------- ##
## Platform.  ##
## ---------- ##

hostname = anmitali-arch
uname -m = x86_64
uname -r = 7.1.2-arch3-1
uname -s = Linux
uname -v = #1 SMP PREEMPT_DYNAMIC Fri, 03 Jul 2026 23:25:36 +0000

/usr/bin/uname -p = unknown
/bin/uname -X     = unknown

/bin/arch              = unknown
/usr/bin/arch -k       = unknown
/usr/convex/getsysinfo = unknown
hostinfo               = unknown
/bin/machine           = unknown
/usr/bin/oslevel       = unknown
/bin/universe          = unknown

PATH = /home/ildar/.local/share/zed/node/cache/_npx/7c3e8ff260eae73c/node_modules/.bin:/home/ildar/kyronix-ports/node_modules/.bin:/home/ildar/node_modules/.bin:/home/node_modules/.bin:/node_modules/.bin:/usr/lib/node_modules/npm/node_modules/@npmcli/run-script/lib/node-gyp-bin:/usr/bin:/home/ildar/.local/bin:/usr/local/djgpp/bin:/home/ildar/.npm-global/bin:/home/ildar/.cargo/bin:/home/ildar/go/bin:/usr/local/go/bin:/home/ildar/.local/share/gem/ruby/3.4.0/bin:/home/ildar/.local/bin:/usr/local/bin:/usr/bin:/bin:/usr/sbin:/sbin:/home/ildar/.fzf/bin:/home/ildar/.yarn/bin

## ------------ ##
## Core tests.  ##
## ------------ ##

configure:1140: PATH=".;."; conftest.sh
../configure: line 1141: conftest.sh: command not found
configure:1143: $? = 127
configure:1203: checking build system type
configure:1221: result: x86_64-pc-linux-musl
configure:1228: checking host system type
configure:1242: result: x86_64-pc-linux-musl
configure:1250: checking target system type
configure:1264: result: x86_64-pc-linux-musl
configure:1296: result: Configuring for linux-musl
configure:1333: checking for DESTDIR
configure:1357: result: Configuring for linux-musl
configure:1429: result: 
configure:1448: checking for x86_64-linux-musl-gcc
configure:1471: result: musl-gcc -fno-link-libatomic -idirafter /home/ildar/kyronix-ports/net/lynx/kernel-headers
configure:1734: checking for C compiler version
configure:1737: musl-gcc -fno-link-libatomic -idirafter /home/ildar/kyronix-ports/net/lynx/kernel-headers --version </dev/null >&5
gcc (GCC) 16.1.1 20260430
Copyright (C) 2026 Free Software Foundation, Inc.
This is free software; see the source for copying conditions.  There is NO
warranty; not even for MERCHANTABILITY or FITNESS FOR A PARTICULAR PURPOSE.

configure:1740: $? = 0
configure:1742: musl-gcc -fno-link-libatomic -idirafter /home/ildar/kyronix-ports/net/lynx/kernel-headers -v </dev/null >&5
Using built-in specs.
Reading specs from /usr/lib/musl/lib/musl-gcc.specs
rename spec cpp_options to old_cpp_options
COLLECT_GCC=gcc
COLLECT_LTO_WRAPPER=/usr/lib/gcc/x86_64-pc-linux-gnu/16.1.1/lto-wrapper
Target: x86_64-pc-linux-gnu
Configured with: /build/gcc/src/gcc/configure --enable-languages=ada,c,c++,d,fortran,go,lto,m2,objc,obj-c++,rust,cobol --enable-bootstrap --prefix=/usr --libdir=/usr/lib --libexecdir=/usr/lib --mandir=/usr/share/man --infodir=/usr/share/info --with-bugurl=https://gitlab.archlinux.org/archlinux/packaging/packages/gcc/-/issues --with-build-config=bootstrap-lto --with-linker-hash-style=gnu --with-system-zlib --enable-cet=auto --enable-checking=release --enable-clocale=gnu --enable-default-pie --enable-default-ssp --enable-gnu-indirect-function --enable-gnu-unique-object --enable-libstdcxx-backtrace --enable-link-serialization=1 --enable-linker-build-id --enable-lto --enable-multilib --enable-plugin --enable-shared --enable-threads=posix --disable-libssp --disable-libstdcxx-pch --disable-werror --disable-fixincludes
Thread model: posix
Supported LTO compression algorithms: zlib zstd
gcc version 16.1.1 20260430 (GCC) 
configure:1745: $? = 0
configure:1747: musl-gcc -fno-link-libatomic -idirafter /home/ildar/kyronix-ports/net/lynx/kernel-headers -V </dev/null >&5
gcc: error: unrecognized command-line option '-V'
gcc: fatal error: no input files
compilation terminated.
configure:1750: $? = 1
configure:1770: checking for C compiler default output
configure:1773: musl-gcc -fno-link-libatomic -idirafter /home/ildar/kyronix-ports/net/lynx/kernel-headers   -static conftest.c  >&5
configure:1776: $? = 0
configure:1805: result: a.out
configure:1810: checking whether the C compiler works
configure:1816: ./a.out
configure:1819: $? = 0
configure:1834: result: yes
configure:1841: checking whether we are cross compiling
configure:1843: result: no
configure:1846: checking for executable suffix
configure:1848: musl-gcc -fno-link-libatomic -idirafter /home/ildar/kyronix-ports/net/lynx/kernel-headers -o conftest   -static conftest.c  >&5
configure:1851: $? = 0
configure:1873: result: 
configure:1879: checking for object suffix
configure:1897: musl-gcc -fno-link-libatomic -idirafter /home/ildar/kyronix-ports/net/lynx/kernel-headers -c   conftest.c >&5
configure:1900: $? = 0
configure:1919: result: o
configure:1923: checking whether we are using the GNU C compiler
configure:1944: musl-gcc -fno-link-libatomic -idirafter /home/ildar/kyronix-ports/net/lynx/kernel-headers -c   conftest.c >&5
configure:1947: $? = 0
configure:1950: test -s conftest.o
configure:1953: $? = 0
configure:1965: result: yes
configure:1971: checking whether musl-gcc -fno-link-libatomic -idirafter /home/ildar/kyronix-ports/net/lynx/kernel-headers accepts -g
configure:1989: musl-gcc -fno-link-libatomic -idirafter /home/ildar/kyronix-ports/net/lynx/kernel-headers -c -g  conftest.c >&5
configure:1992: $? = 0
configure:1995: test -s conftest.o
configure:1998: $? = 0
configure:2008: result: yes
configure:2035: musl-gcc -fno-link-libatomic -idirafter /home/ildar/kyronix-ports/net/lynx/kernel-headers -c -g -O2  conftest.c >&5
conftest.c:2:3: error: unknown type name 'choke'
    2 |   choke me
      |   ^~~~~
conftest.c:2:3: error: expected '=', ',', ';', 'asm' or '__attribute__' at end of input
configure:2038: $? = 1
configure: failed program was:
#ifndef __cplusplus
  choke me
#endif
configure:2139: checking version of musl-gcc -fno-link-libatomic -idirafter /home/ildar/kyronix-ports/net/lynx/kernel-headers
configure:2143: result: 16.1.1
configure:2152: checking if this is really Intel C compiler
configure:2174: musl-gcc -fno-link-libatomic -idirafter /home/ildar/kyronix-ports/net/lynx/kernel-headers -c -g -O2 -no-gcc  conftest.c >&5
gcc: error: unrecognized command-line option '-no-gcc'
configure:2177: $? = 1
configure: failed program was:
#line 2157 "configure"
#include "confdefs.h"

int
main (void)
{

#ifdef __INTEL_COMPILER
#else
#error __INTEL_COMPILER is not defined
#endif

  ;
  return 0;
}
configure:2194: result: no
configure:2203: checking if this is really Clang C compiler
configure:2224: musl-gcc -fno-link-libatomic -idirafter /home/ildar/kyronix-ports/net/lynx/kernel-headers -c -g -O2  conftest.c >&5
configure: In function 'main':
configure:2215:2: error: #error __clang__ is not defined
configure:2227: $? = 1
configure: failed program was:
#line 2207 "configure"
#include "confdefs.h"

int
main (void)
{

#ifdef __clang__
#else
#error __clang__ is not defined
#endif

  ;
  return 0;
}
configure:2243: result: no
configure:2324: checking for musl-gcc -fno-link-libatomic -idirafter /home/ildar/kyronix-ports/net/lynx/kernel-headers option to accept ANSI C
configure:2384: musl-gcc -fno-link-libatomic -idirafter /home/ildar/kyronix-ports/net/lynx/kernel-headers  -c -g -O2  conftest.c >&5
configure:2387: $? = 0
configure:2390: test -s conftest.o
configure:2393: $? = 0
configure:2410: result: none needed
configure:2421: checking $CFLAGS variable
configure:2535: result: ok
configure:2540: checking $CC variable
configure:2544: result: broken
configure:2546: WARNING: your environment uses the CC variable to hold CFLAGS/CPPFLAGS options
configure:2663: testing resulting CC: 'musl-gcc -idirafter /home/ildar/kyronix-ports/net/lynx/kernel-headers' ...
configure:2667: testing resulting CFLAGS: '-g -O2 -fno-link-libatomic' ...
configure:2671: testing resulting CPPFLAGS: '' ...
configure:2680: checking for inline
configure:2697: musl-gcc -idirafter /home/ildar/kyronix-ports/net/lynx/kernel-headers -c -g -O2 -fno-link-libatomic  conftest.c >&5
configure:2700: $? = 0
configure:2703: test -s conftest.o
configure:2706: $? = 0
configure:2717: result: inline
configure:2736: checking for ggrep
configure:2762: result: no
configure:2736: checking for grep
configure:2751: found /usr/bin/grep
configure:2759: result: grep
configure:2770: checking for egrep
configure:2826: result: grep -E
configure:2836: checking how to run the C preprocessor
configure:2862: musl-gcc -idirafter /home/ildar/kyronix-ports/net/lynx/kernel-headers -E  conftest.c
configure:2868: $? = 0
configure:2895: musl-gcc -idirafter /home/ildar/kyronix-ports/net/lynx/kernel-headers -E  conftest.c
configure:2892:10: fatal error: ac_nonexistent.h: No such file or directory
compilation terminated.
configure:2901: $? = 1
configure: failed program was:
#line 2891 "configure"
#include "confdefs.h"
#include <ac_nonexistent.h>
configure:2938: result: musl-gcc -idirafter /home/ildar/kyronix-ports/net/lynx/kernel-headers -E
configure:2953: musl-gcc -idirafter /home/ildar/kyronix-ports/net/lynx/kernel-headers -E  conftest.c
configure:2959: $? = 0
configure:2986: musl-gcc -idirafter /home/ildar/kyronix-ports/net/lynx/kernel-headers -E  conftest.c
configure:2983:10: fatal error: ac_nonexistent.h: No such file or directory
compilation terminated.
configure:2992: $? = 1
configure: failed program was:
#line 2982 "configure"
#include "confdefs.h"
#include <ac_nonexistent.h>
configure:3032: checking if preprocessor -C option works
configure:3057: result: yes
configure:3064: checking whether ln -s works
configure:3068: result: yes
configure:3084: checking whether make sets ${MAKE}
configure:3104: result: yes
configure:3125: checking for a BSD compatible install
configure:3174: result: /usr/bin/install -c
configure:3189: checking for byacc
configure:3215: result: no
configure:3189: checking for bison
configure:3204: found /usr/bin/bison
configure:3212: result: bison -y
configure:3223: checking for egrep
configure:3279: result: grep -E
configure:3287: checking for lint
configure:3313: result: no
configure:3287: checking for cppcheck
configure:3313: result: no
configure:3287: checking for splint
configure:3313: result: no
configure:3329: checking for ".PHONY" make-support
** making always.out 1
echo 1 > always.out
** making always 1
** making once.out 1
echo 1 > once.out
** making once 1
make: Nothing to be done for 'always'.
touch once
** making always.out 2
echo 2 > always.out
** making always 2
** making once.out 2
echo 2 > once.out
** making once 2
make: Nothing to be done for 'always'.
touch once
** making always.out 3
echo 3 > always.out
** making always 3
** making once.out 3
echo 3 > once.out
** making once 3
make: Nothing to be done for 'always'.
touch once
configure:3384: result: yes
configure:3391: checking if filesystem supports mixed-case filenames
configure:3418: result: yes
configure:3429: checking for exctags
configure:3455: result: no
configure:3429: checking for ctags
configure:3444: found /usr/bin/ctags
configure:3452: result: ctags
configure:3466: checking for exetags
configure:3492: result: no
configure:3466: checking for etags
configure:3481: found /usr/bin/etags
configure:3489: result: etags
configure:3501: checking for ctags
configure:3516: found /usr/bin/ctags
configure:3525: result: yes
configure:3535: checking for etags
configure:3550: found /usr/bin/etags
configure:3559: result: yes
configure:3585: checking for x86_64-linux-musl-windres
configure:3616: result: no
configure:3625: checking for windres
configure:3654: result: none
configure:3861: checking for x86_64-linux-musl-ranlib
configure:3887: result: no
configure:3896: checking for ranlib
configure:3911: found /usr/bin/ranlib
configure:3920: result: ranlib
configure:3935: checking for x86_64-linux-musl-ar
configure:3961: result: no
configure:3970: checking for ar
configure:3985: found /usr/bin/ar
configure:3994: result: ar
configure:4006: checking for options to update archives
configure:4046: musl-gcc -idirafter /home/ildar/kyronix-ports/net/lynx/kernel-headers -c -g -O2 -fno-link-libatomic  conftest.c >&5
configure:4049: $? = 0
ar  -curvU conftest.a conftest.o
configure:4070: result: -curvU
configure:4081: checking if you want to see long compiling messages
configure:4115: result: yes
configure:4125: checking if you want to check memory-leaks
configure:4142: result: no
configure:4152: checking if you want to enable debug-code
configure:4169: result: no
configure:4194: checking if you want to enable lynx trace code *recommended* 
configure:4211: result: yes
configure:4218: checking if you want verbose trace code
configure:4235: result: no
configure:5330: checking for fgrep
configure:5386: result: grep -F
configure:5390: checking if you want to use C11 _Noreturn feature
configure:5407: result: no
configure:5621: checking if you want to turn on gcc warnings
configure:5638: result: no
configure:6016: checking if you want to use dbmalloc for testing
configure:6038: result: no
configure:6253: checking if you want to use dmalloc for testing
configure:6275: result: no
configure:6979: checking if the POSIX test-macros are already defined
configure:7005: musl-gcc -idirafter /home/ildar/kyronix-ports/net/lynx/kernel-headers -c -O2 -fno-link-libatomic  conftest.c >&5
configure:7008: $? = 0
configure:7011: test -s conftest.o
configure:7014: $? = 0
configure:7025: result: no
configure:8559: testing add to $CPPFLAGS -D_BSD_SOURCE ...
configure:8581: checking if _XOPEN_SOURCE really is set
configure:8599: musl-gcc -idirafter /home/ildar/kyronix-ports/net/lynx/kernel-headers -c -O2 -fno-link-libatomic -D_BSD_SOURCE conftest.c >&5
configure: In function 'main':
configure:8591:2: error: #error _XOPEN_SOURCE is not defined
configure:8602: $? = 1
configure: failed program was:
#line 8584 "configure"
#include "confdefs.h"
#include <stdlib.h>
int
main (void)
{

#ifndef _XOPEN_SOURCE
#error _XOPEN_SOURCE is not defined
#endif
  ;
  return 0;
}
configure:8617: result: no
configure:8662: checking if we should define _XOPEN_SOURCE
configure:8687: musl-gcc -idirafter /home/ildar/kyronix-ports/net/lynx/kernel-headers -c -O2 -fno-link-libatomic -D_BSD_SOURCE conftest.c >&5
configure: In function 'main':
configure:8711:2: error: #error _XOPEN_SOURCE is not defined
configure:8690: $? = 1
configure: failed program was:
#line 8669 "configure"
#include "confdefs.h"

#include <stdio.h>
#if HAVE_SYS_TYPES_H
# include <sys/types.h>
#endif
#if HAVE_SYS_STAT_H
# include <sys/stat.h>
#endif
#if STDC_HEADERS
# include <stdlib.h>
# include <stddef.h>
#else
# if HAVE_STDLIB_H
#  include <stdlib.h>
# endif
#endif
#if HAVE_STRING_H
# if !STDC_HEADERS && HAVE_MEMORY_H
#  include <memory.h>
# endif
# include <string.h>
#endif
#if HAVE_STRINGS_H
# include <strings.h>
#endif
#if HAVE_INTTYPES_H
# include <inttypes.h>
#else
# if HAVE_STDINT_H
#  include <stdint.h>
# endif
#endif
#if HAVE_UNISTD_H
# include <unistd.h>
#endif

int
main (void)
{

#ifndef _XOPEN_SOURCE
#error _XOPEN_SOURCE is not defined
#endif

  ;
  return 0;
}
configure:8726: musl-gcc -idirafter /home/ildar/kyronix-ports/net/lynx/kernel-headers -c -O2 -fno-link-libatomic -D_BSD_SOURCE -D_XOPEN_SOURCE=500 conftest.c >&5
configure:8729: $? = 0
configure:8732: test -s conftest.o
configure:8735: $? = 0
configure:8750: result: no
configure:8904: checking for special C compiler options needed for large files
configure:8978: result: no
configure:8984: checking for _FILE_OFFSET_BITS value needed for large files
configure:9012: musl-gcc -idirafter /home/ildar/kyronix-ports/net/lynx/kernel-headers -c -O2 -fno-link-libatomic -D_BSD_SOURCE conftest.c >&5
configure:9015: $? = 0
configure:9018: test -s conftest.o
configure:9021: $? = 0
configure:9071: result: no
configure:9081: checking for _LARGE_FILES value needed for large files
configure:9109: musl-gcc -idirafter /home/ildar/kyronix-ports/net/lynx/kernel-headers -c -O2 -fno-link-libatomic -D_BSD_SOURCE conftest.c >&5
configure:9112: $? = 0
configure:9115: test -s conftest.o
configure:9118: $? = 0
configure:9168: result: no
configure:9181: checking for _LARGEFILE_SOURCE value needed for large files
configure:9204: musl-gcc -idirafter /home/ildar/kyronix-ports/net/lynx/kernel-headers -c -O2 -fno-link-libatomic -D_BSD_SOURCE conftest.c >&5
configure:9207: $? = 0
configure:9210: test -s conftest.o
configure:9213: $? = 0
configure:9258: result: no
configure:9272: checking for fseeko
configure:9292: musl-gcc -idirafter /home/ildar/kyronix-ports/net/lynx/kernel-headers -o conftest -O2 -fno-link-libatomic -D_BSD_SOURCE -static conftest.c  >&5
configure:9295: $? = 0
configure:9298: test -s conftest
configure:9301: $? = 0
configure:9311: result: yes
configure:9350: checking whether to use struct dirent64
configure:9384: musl-gcc -idirafter /home/ildar/kyronix-ports/net/lynx/kernel-headers -c -O2 -fno-link-libatomic -D_BSD_SOURCE conftest.c >&5
configure:9365:26: error: conflicting types for 'readdir'; have 'struct dirent64 *(DIR *)'
In file included from configure:9361:
/usr/lib/musl/include/dirent.h:36:16: note: previous declaration of 'readdir' with type 'struct dirent *(DIR *)'
   36 | struct dirent *readdir(DIR *);
      |                ^~~~~~~
configure: In function 'main':
configure:9374:22: error: initialization of 'struct dirent *' from incompatible pointer type 'struct dirent64 *' [-Wincompatible-pointer-types]
configure:9375:13: error: invalid operands to binary - (have 'struct dirent64 *' and 'struct dirent *')
configure:9387: $? = 1
configure: failed program was:
#line 9357 "configure"
#include "confdefs.h"

#pragma GCC diagnostic error "-Wincompatible-pointer-types"
#include <sys/types.h>
#include <dirent.h>

#ifndef __REDIRECT
/* if transitional largefile support is setup, this is true */
extern struct dirent64 * readdir(DIR *);
#endif

int
main (void)
{

		DIR *dp = opendir(".");
		struct dirent64 *x = readdir(dp);
		struct dirent *y = readdir(dp);
		int z = x - y;
		(void)z;

  ;
  return 0;
}
configure:9404: result: no
configure:9413: checking if you want to trim unneeded libraries
configure:9430: result: yes
configure:9439: checking for ANSI C header files
configure:9453: musl-gcc -idirafter /home/ildar/kyronix-ports/net/lynx/kernel-headers -E -C -D_BSD_SOURCE conftest.c
configure:9459: $? = 0
configure:9546: musl-gcc -idirafter /home/ildar/kyronix-ports/net/lynx/kernel-headers -o conftest -O2 -fno-link-libatomic -D_BSD_SOURCE -static conftest.c  >&5
configure:9549: $? = 0
configure:9551: ./conftest
configure:9554: $? = 0
configure:9567: result: yes
configure:9583: checking for sys/types.h
configure:9595: musl-gcc -idirafter /home/ildar/kyronix-ports/net/lynx/kernel-headers -c -O2 -fno-link-libatomic -D_BSD_SOURCE conftest.c >&5
configure:9598: $? = 0
configure:9601: test -s conftest.o
configure:9604: $? = 0
configure:9614: result: yes
configure:9583: checking for sys/stat.h
configure:9595: musl-gcc -idirafter /home/ildar/kyronix-ports/net/lynx/kernel-headers -c -O2 -fno-link-libatomic -D_BSD_SOURCE conftest.c >&5
configure:9598: $? = 0
configure:9601: test -s conftest.o
configure:9604: $? = 0
configure:9614: result: yes
configure:9583: checking for stdlib.h
configure:9595: musl-gcc -idirafter /home/ildar/kyronix-ports/net/lynx/kernel-headers -c -O2 -fno-link-libatomic -D_BSD_SOURCE conftest.c >&5
configure:9598: $? = 0
configure:9601: test -s conftest.o
configure:9604: $? = 0
configure:9614: result: yes
configure:9583: checking for string.h
configure:9595: musl-gcc -idirafter /home/ildar/kyronix-ports/net/lynx/kernel-headers -c -O2 -fno-link-libatomic -D_BSD_SOURCE conftest.c >&5
configure:9598: $? = 0
configure:9601: test -s conftest.o
configure:9604: $? = 0
configure:9614: result: yes
configure:9583: checking for memory.h
configure:9595: musl-gcc -idirafter /home/ildar/kyronix-ports/net/lynx/kernel-headers -c -O2 -fno-link-libatomic -D_BSD_SOURCE conftest.c >&5
configure:9598: $? = 0
configure:9601: test -s conftest.o
configure:9604: $? = 0
configure:9614: result: yes
configure:9583: checking for strings.h
configure:9595: musl-gcc -idirafter /home/ildar/kyronix-ports/net/lynx/kernel-headers -c -O2 -fno-link-libatomic -D_BSD_SOURCE conftest.c >&5
configure:9598: $? = 0
configure:9601: test -s conftest.o
configure:9604: $? = 0
configure:9614: result: yes
configure:9583: checking for inttypes.h
configure:9595: musl-gcc -idirafter /home/ildar/kyronix-ports/net/lynx/kernel-headers -c -O2 -fno-link-libatomic -D_BSD_SOURCE conftest.c >&5
configure:9598: $? = 0
configure:9601: test -s conftest.o
configure:9604: $? = 0
configure:9614: result: yes
configure:9583: checking for stdint.h
configure:9595: musl-gcc -idirafter /home/ildar/kyronix-ports/net/lynx/kernel-headers -c -O2 -fno-link-libatomic -D_BSD_SOURCE conftest.c >&5
configure:9598: $? = 0
configure:9601: test -s conftest.o
configure:9604: $? = 0
configure:9614: result: yes
configure:9583: checking for unistd.h
configure:9595: musl-gcc -idirafter /home/ildar/kyronix-ports/net/lynx/kernel-headers -c -O2 -fno-link-libatomic -D_BSD_SOURCE conftest.c >&5
configure:9598: $? = 0
configure:9601: test -s conftest.o
configure:9604: $? = 0
configure:9614: result: yes
configure:9624: checking whether exit is declared
configure:9645: musl-gcc -idirafter /home/ildar/kyronix-ports/net/lynx/kernel-headers -c -O2 -fno-link-libatomic -D_BSD_SOURCE conftest.c >&5
configure:9648: $? = 0
configure:9651: test -s conftest.o
configure:9654: $? = 0
configure:9664: result: yes
configure:9670: checking for PATH separator
configure:9677: result: :
configure:9683: checking for msginit
configure:9710: result: /usr/bin/msginit
configure:9720: testing adding en.po ...
configure:10004: checking for iconv
configure:10015: testing Starting FIND_LINKAGE(iconv,) ...
configure:10039: musl-gcc -idirafter /home/ildar/kyronix-ports/net/lynx/kernel-headers -o conftest -O2 -fno-link-libatomic -D_BSD_SOURCE -static conftest.c  >&5
configure:10042: $? = 0
configure:10045: test -s conftest
configure:10048: $? = 0
configure:10413: result: yes
configure:10422: checking if the declaration of iconv() needs const.
configure:10454: musl-gcc -idirafter /home/ildar/kyronix-ports/net/lynx/kernel-headers -c -O2 -fno-link-libatomic -D_BSD_SOURCE conftest.c >&5
configure:10457: $? = 0
configure:10460: test -s conftest.o
configure:10463: $? = 0
configure:10473: result: no
configure:10606: checking for nl_langinfo and CODESET
configure:10626: musl-gcc -idirafter /home/ildar/kyronix-ports/net/lynx/kernel-headers -o conftest -O2 -fno-link-libatomic -D_BSD_SOURCE -static conftest.c  >&5
configure:10629: $? = 0
configure:10632: test -s conftest
configure:10635: $? = 0
configure:10646: result: yes
configure:10704: checking whether NLS is requested
configure:10714: result: no
configure:12006: checking if you want full utility pathnames
configure:12023: result: yes
configure:12030: checking for system mailer
configure:12050: result: unknown
configure:12057: checking system mail flags
configure:12073: result: -t -oi
configure:12086: checking if SIGWINCH is defined
configure:12108: musl-gcc -idirafter /home/ildar/kyronix-ports/net/lynx/kernel-headers -c -O2 -fno-link-libatomic -D_BSD_SOURCE conftest.c >&5
In file included from configure:12096:
/usr/lib/musl/include/sys/signal.h:1:2: warning: #warning redirecting incorrect #include <sys/signal.h> to <signal.h> [-Wcpp]
    1 | #warning redirecting incorrect #include <sys/signal.h> to <signal.h>
      |  ^~~~~~~
configure:12111: $? = 0
configure:12114: test -s conftest.o
configure:12117: $? = 0
configure:12165: result: yes
configure:12233: checking if you want to use pkg-config
configure:12243: result: yes
configure:12255: checking for x86_64-linux-musl-pkg-config
configure:12286: result: no
configure:12295: checking for pkg-config
configure:12312: found /usr/bin/pkg-config
configure:12324: result: /usr/bin/pkg-config
configure:12383: testing checking additions to CFLAGS ...
configure:12478: testing add to $CPPFLAGS -DLINUX ...
configure:12543: checking if you want ssl library
configure:12558: result: yes
configure:12561: checking if you want gnutls support
configure:12576: result: no
configure:12579: checking if you want socks library
configure:12594: result: no
configure:12597: checking if you want socks5 library
configure:12612: result: no
configure:14062: checking for network libraries
configure:14069: result: working...
configure:14206: checking for gethostname
configure:14243: musl-gcc -idirafter /home/ildar/kyronix-ports/net/lynx/kernel-headers -o conftest -O2 -fno-link-libatomic -D_BSD_SOURCE -DLINUX -static conftest.c  >&5
configure:14246: $? = 0
configure:14249: test -s conftest
configure:14252: $? = 0
configure:14262: result: yes
configure:14406: checking for inet_ntoa in -linet
configure:14433: musl-gcc -idirafter /home/ildar/kyronix-ports/net/lynx/kernel-headers -o conftest -O2 -fno-link-libatomic -D_BSD_SOURCE -DLINUX -static conftest.c -linet   >&5
/usr/bin/ld: cannot find -linet: No such file or directory
/usr/bin/ld: have you installed the static version of the inet library ?
collect2: error: ld returned 1 exit status
configure:14436: $? = 1
configure: failed program was:
#line 14414 "configure"
#include "confdefs.h"

/* Override any gcc2 internal prototype to avoid an error.  */
#ifdef __cplusplus
extern "C"
#endif
/* We use char because int might match the return type of a gcc2
   builtin and then its argument prototype would still apply.  */
char inet_ntoa (void);
int
main (void)
{
inet_ntoa ();
  ;
  return 0;
}
configure:14453: result: no
configure:14464: checking for socket
configure:14501: musl-gcc -idirafter /home/ildar/kyronix-ports/net/lynx/kernel-headers -o conftest -O2 -fno-link-libatomic -D_BSD_SOURCE -DLINUX -static conftest.c  >&5
configure:14504: $? = 0
configure:14507: test -s conftest
configure:14510: $? = 0
configure:14520: result: yes
configure:14669: checking for gethostbyname
configure:14706: musl-gcc -idirafter /home/ildar/kyronix-ports/net/lynx/kernel-headers -o conftest -O2 -fno-link-libatomic -D_BSD_SOURCE -DLINUX -static conftest.c  >&5
configure:14709: $? = 0
configure:14712: test -s conftest
configure:14715: $? = 0
configure:14725: result: yes
configure:14806: checking for inet_ntoa
configure:14843: musl-gcc -idirafter /home/ildar/kyronix-ports/net/lynx/kernel-headers -o conftest -O2 -fno-link-libatomic -D_BSD_SOURCE -DLINUX -static conftest.c  >&5
configure:14846: $? = 0
configure:14849: test -s conftest
configure:14852: $? = 0
configure:14862: result: yes
configure:14943: checking for gethostbyname
configure:14999: result: yes
configure:15080: checking for strcasecmp
configure:15117: musl-gcc -idirafter /home/ildar/kyronix-ports/net/lynx/kernel-headers -o conftest -O2 -fno-link-libatomic -D_BSD_SOURCE -DLINUX -static conftest.c  >&5
configure:15097:6: warning: conflicting types for built-in function 'strcasecmp'; expected 'int(const char *, const char *)' [-Wbuiltin-declaration-mismatch]
configure:15120: $? = 0
configure:15123: test -s conftest
configure:15126: $? = 0
configure:15136: result: yes
configure:15254: checking for inet_aton function
configure:15297: musl-gcc -idirafter /home/ildar/kyronix-ports/net/lynx/kernel-headers -o conftest -O2 -fno-link-libatomic -D_BSD_SOURCE -DLINUX -static conftest.c  >&5
configure:15300: $? = 0
configure:15303: test -s conftest
configure:15306: $? = 0
configure:15316: result: yes
configure:15733: checking pkg-config for openssl
configure:15737: result: yes
configure:15885: testing adding -L/home/ildar/kyronix-ports/libs/openssl/stage/usr/lib64 -lssl -lcrypto to LIBS ...
configure:16621: testing checking ssl header-path /home/ildar/kyronix-ports/libs/openssl/stage/usr/include/openssl ...
configure:16637: checking for SSL_clear_options
configure:16674: musl-gcc -idirafter /home/ildar/kyronix-ports/net/lynx/kernel-headers -o conftest -O2 -fno-link-libatomic -D_BSD_SOURCE -DLINUX -I/home/ildar/kyronix-ports/libs/openssl/stage/usr/include -static conftest.c -L/home/ildar/kyronix-ports/libs/openssl/stage/usr/lib64 -lssl -lcrypto  >&5
configure:16677: $? = 0
configure:16680: test -s conftest
configure:16683: $? = 0
configure:16693: result: yes
configure:16703: checking for X509 support
configure:16733: musl-gcc -idirafter /home/ildar/kyronix-ports/net/lynx/kernel-headers -o conftest -O2 -fno-link-libatomic -D_BSD_SOURCE -DLINUX -I/home/ildar/kyronix-ports/libs/openssl/stage/usr/include -static conftest.c -L/home/ildar/kyronix-ports/libs/openssl/stage/usr/lib64 -lssl -lcrypto  >&5
configure:16736: $? = 0
configure:16739: test -s conftest
configure:16742: $? = 0
configure:16751: result: yes
configure:18049: checking whether to enable ipv6
configure:18066: result: no
configure:18834: checking for screen type
configure:18857: result: ncurses
configure:18863: checking for specific curses-directory
configure:18873: result: /home/ildar/kyronix-ports/libs/ncurses/obj-musl-static
configure:18976: testing adding /home/ildar/kyronix-ports/libs/ncurses/obj-musl-static/include to include-path ...
configure:19012: testing adding /home/ildar/kyronix-ports/libs/ncurses/obj-musl-static/lib to library-path ...
configure:22935: checking pkg-config for ncurses
configure:23472: result: no
configure:23488: checking for x86_64-linux-musl-ncurses-config
configure:23514: result: no
configure:23488: checking for x86_64-linux-musl-ncurses6-config
configure:23514: result: no
configure:23488: checking for x86_64-linux-musl-ncurses6-config
configure:23514: result: no
configure:23488: checking for x86_64-linux-musl-ncurses5-config
configure:23514: result: no
configure:23527: checking for ncurses-config
configure:23553: result: no
configure:23527: checking for ncurses6-config
configure:23553: result: no
configure:23527: checking for ncurses6-config
configure:23553: result: no
configure:23527: checking for ncurses5-config
configure:23553: result: no
configure:23916: checking for ncurses header in include-path
configure:23952: musl-gcc -idirafter /home/ildar/kyronix-ports/net/lynx/kernel-headers -c -O2 -fno-link-libatomic -D_BSD_SOURCE -DLINUX -I/home/ildar/kyronix-ports/libs/openssl/stage/usr/include -I/home/ildar/kyronix-ports/libs/ncurses/obj-musl-static/include conftest.c >&5
configure:23930:10: fatal error: ncurses/curses.h: No such file or directory
compilation terminated.
configure:23955: $? = 1
configure: failed program was:
#line 23928 "configure"
#include "confdefs.h"

#include <ncurses/curses.h>
int
main (void)
{

#ifdef NCURSES_VERSION

printf("%s\n", NCURSES_VERSION);
#else
#ifdef __NCURSES_H
printf("old\n");
#else
	#error __NCURSES_H is not defined
#endif
#endif

  ;
  return 0;
}
configure:23952: musl-gcc -idirafter /home/ildar/kyronix-ports/net/lynx/kernel-headers -c -O2 -fno-link-libatomic -D_BSD_SOURCE -DLINUX -I/home/ildar/kyronix-ports/libs/openssl/stage/usr/include -I/home/ildar/kyronix-ports/libs/ncurses/obj-musl-static/include conftest.c >&5
configure:23930:10: fatal error: ncurses/ncurses.h: No such file or directory
compilation terminated.
configure:23955: $? = 1
configure: failed program was:
#line 23928 "configure"
#include "confdefs.h"

#include <ncurses/ncurses.h>
int
main (void)
{

#ifdef NCURSES_VERSION

printf("%s\n", NCURSES_VERSION);
#else
#ifdef __NCURSES_H
printf("old\n");
#else
	#error __NCURSES_H is not defined
#endif
#endif

  ;
  return 0;
}
configure:23952: musl-gcc -idirafter /home/ildar/kyronix-ports/net/lynx/kernel-headers -c -O2 -fno-link-libatomic -D_BSD_SOURCE -DLINUX -I/home/ildar/kyronix-ports/libs/openssl/stage/usr/include -I/home/ildar/kyronix-ports/libs/ncurses/obj-musl-static/include conftest.c >&5
configure:23955: $? = 0
configure:23958: test -s conftest.o
configure:23961: $? = 0
configure:23976: result: curses.h
configure:24346: checking for terminfo header
configure:24379: musl-gcc -idirafter /home/ildar/kyronix-ports/net/lynx/kernel-headers -c -O2 -fno-link-libatomic -D_BSD_SOURCE -DLINUX -I/home/ildar/kyronix-ports/libs/openssl/stage/usr/include -I/home/ildar/kyronix-ports/libs/ncurses/obj-musl-static/include conftest.c >&5
configure:24382: $? = 0
configure:24385: test -s conftest.o
configure:24388: $? = 0
configure:24404: result: term.h
configure:24442: checking for ncurses version
configure:24508: musl-gcc -idirafter /home/ildar/kyronix-ports/net/lynx/kernel-headers -o conftest -O2 -fno-link-libatomic -D_BSD_SOURCE -DLINUX -I/home/ildar/kyronix-ports/libs/openssl/stage/usr/include -I/home/ildar/kyronix-ports/libs/ncurses/obj-musl-static/include -L/home/ildar/kyronix-ports/libs/ncurses/obj-musl-static/lib -static conftest.c -L/home/ildar/kyronix-ports/libs/openssl/stage/usr/lib64 -lssl -lcrypto  >&5
configure:24511: $? = 0
configure:24513: ./conftest
configure:24516: $? = 0
configure:24530: result: 6.6.20251230
configure:24543: checking for Gpm_Open in -lgpm
configure:24570: musl-gcc -idirafter /home/ildar/kyronix-ports/net/lynx/kernel-headers -o conftest -O2 -fno-link-libatomic -D_BSD_SOURCE -DLINUX -I/home/ildar/kyronix-ports/libs/openssl/stage/usr/include -I/home/ildar/kyronix-ports/libs/ncurses/obj-musl-static/include -L/home/ildar/kyronix-ports/libs/ncurses/obj-musl-static/lib -static conftest.c -lgpm  -L/home/ildar/kyronix-ports/libs/openssl/stage/usr/lib64 -lssl -lcrypto  >&5
/usr/bin/ld: cannot find -lgpm: No such file or directory
/usr/bin/ld: have you installed the static version of the gpm library ?
collect2: error: ld returned 1 exit status
configure:24573: $? = 1
configure: failed program was:
#line 24551 "configure"
#include "confdefs.h"

/* Override any gcc2 internal prototype to avoid an error.  */
#ifdef __cplusplus
extern "C"
#endif
/* We use char because int might match the return type of a gcc2
   builtin and then its argument prototype would still apply.  */
char Gpm_Open (void);
int
main (void)
{
Gpm_Open ();
  ;
  return 0;
}
configure:24590: result: no
configure:27593: checking for an rpath option
configure:27624: result: -Wl,-rpath,
configure:27718: musl-gcc -idirafter /home/ildar/kyronix-ports/net/lynx/kernel-headers -o conftest -O2 -fno-link-libatomic -D_BSD_SOURCE -DLINUX -I/home/ildar/kyronix-ports/libs/openssl/stage/usr/include -I/home/ildar/kyronix-ports/libs/ncurses/obj-musl-static/include -L/home/ildar/kyronix-ports/libs/ncurses/obj-musl-static/lib -static conftest.c -lncurses -L/home/ildar/kyronix-ports/libs/openssl/stage/usr/lib64 -lssl -lcrypto  >&5
configure:27721: $? = 0
configure:27723: ./conftest
configure:27726: $? = 0
configure:27829: checking for chtype typedef
configure:27848: musl-gcc -idirafter /home/ildar/kyronix-ports/net/lynx/kernel-headers -c -O2 -fno-link-libatomic -D_BSD_SOURCE -DLINUX -I/home/ildar/kyronix-ports/libs/openssl/stage/usr/include -I/home/ildar/kyronix-ports/libs/ncurses/obj-musl-static/include conftest.c >&5
configure:27851: $? = 0
configure:27854: test -s conftest.o
configure:27857: $? = 0
configure:27867: result: yes
configure:27875: checking if chtype is scalar or struct
configure:27894: musl-gcc -idirafter /home/ildar/kyronix-ports/net/lynx/kernel-headers -c -O2 -fno-link-libatomic -D_BSD_SOURCE -DLINUX -I/home/ildar/kyronix-ports/libs/openssl/stage/usr/include -I/home/ildar/kyronix-ports/libs/ncurses/obj-musl-static/include conftest.c >&5
configure:27897: $? = 0
configure:27900: test -s conftest.o
configure:27903: $? = 0
configure:27913: result: scalar
configure:27924: checking if you want the wide-curses features
configure:27941: result: no
configure:27944: checking if color-style code should be used
configure:27974: result: yes
configure:27977: checking for location of style-sheet file
configure:28020: result: /etc/lynx.lss
configure:28033: checking for the default configuration-file
configure:28076: result: /etc/lynx.cfg
configure:28085: checking for the default configuration-path
configure:28128: result: /etc
configure:28138: checking for MIME library directory
configure:28181: result: /etc
configure:28189: checking for usable UTF-8 support
configure:28201: result: no
configure:28204: checking if locale-charset selection logic should be used
configure:28221: result: yes
configure:28239: checking if wcwidth/UTF-8 logic should be used
configure:28263: result: no
configure:28272: checking if you want only a few charsets
configure:28336: result: no
configure:28340: checking whether time.h and sys/time.h may both be included
configure:28362: musl-gcc -idirafter /home/ildar/kyronix-ports/net/lynx/kernel-headers -c -O2 -fno-link-libatomic -D_BSD_SOURCE -DLINUX -I/home/ildar/kyronix-ports/libs/openssl/stage/usr/include -I/home/ildar/kyronix-ports/libs/ncurses/obj-musl-static/include conftest.c >&5
configure:28365: $? = 0
configure:28368: test -s conftest.o
configure:28371: $? = 0
configure:28381: result: yes
configure:28394: checking for dirent.h that defines DIR
configure:28415: musl-gcc -idirafter /home/ildar/kyronix-ports/net/lynx/kernel-headers -c -O2 -fno-link-libatomic -D_BSD_SOURCE -DLINUX -I/home/ildar/kyronix-ports/libs/openssl/stage/usr/include -I/home/ildar/kyronix-ports/libs/ncurses/obj-musl-static/include conftest.c >&5
configure:28418: $? = 0
configure:28421: test -s conftest.o
configure:28424: $? = 0
configure:28434: result: yes
configure:28447: checking for opendir in -ldir
configure:28474: musl-gcc -idirafter /home/ildar/kyronix-ports/net/lynx/kernel-headers -o conftest -O2 -fno-link-libatomic -D_BSD_SOURCE -DLINUX -I/home/ildar/kyronix-ports/libs/openssl/stage/usr/include -I/home/ildar/kyronix-ports/libs/ncurses/obj-musl-static/include -L/home/ildar/kyronix-ports/libs/ncurses/obj-musl-static/lib -static conftest.c -ldir  -lncurses -L/home/ildar/kyronix-ports/libs/openssl/stage/usr/lib64 -lssl -lcrypto  >&5
/usr/bin/ld: cannot find -ldir: No such file or directory
/usr/bin/ld: have you installed the static version of the dir library ?
collect2: error: ld returned 1 exit status
configure:28477: $? = 1
configure: failed program was:
#line 28455 "configure"
#include "confdefs.h"

/* Override any gcc2 internal prototype to avoid an error.  */
#ifdef __cplusplus
extern "C"
#endif
/* We use char because int might match the return type of a gcc2
   builtin and then its argument prototype would still apply.  */
char opendir (void);
int
main (void)
{
opendir ();
  ;
  return 0;
}
configure:28494: result: no
configure:28574: checking for arpa/inet.h
configure:28584: musl-gcc -idirafter /home/ildar/kyronix-ports/net/lynx/kernel-headers -E -C -D_BSD_SOURCE -DLINUX -I/home/ildar/kyronix-ports/libs/openssl/stage/usr/include -I/home/ildar/kyronix-ports/libs/ncurses/obj-musl-static/include conftest.c
configure:28590: $? = 0
configure:28609: result: yes
configure:28574: checking for fcntl.h
configure:28584: musl-gcc -idirafter /home/ildar/kyronix-ports/net/lynx/kernel-headers -E -C -D_BSD_SOURCE -DLINUX -I/home/ildar/kyronix-ports/libs/openssl/stage/usr/include -I/home/ildar/kyronix-ports/libs/ncurses/obj-musl-static/include conftest.c
configure:28590: $? = 0
configure:28609: result: yes
configure:28574: checking for limits.h
configure:28584: musl-gcc -idirafter /home/ildar/kyronix-ports/net/lynx/kernel-headers -E -C -D_BSD_SOURCE -DLINUX -I/home/ildar/kyronix-ports/libs/openssl/stage/usr/include -I/home/ildar/kyronix-ports/libs/ncurses/obj-musl-static/include conftest.c
configure:28590: $? = 0
configure:28609: result: yes
configure:28574: checking for sys/fcntl.h
configure:28584: musl-gcc -idirafter /home/ildar/kyronix-ports/net/lynx/kernel-headers -E -C -D_BSD_SOURCE -DLINUX -I/home/ildar/kyronix-ports/libs/openssl/stage/usr/include -I/home/ildar/kyronix-ports/libs/ncurses/obj-musl-static/include conftest.c
In file included from configure:28581:
/usr/lib/musl/include/sys/fcntl.h:1:2: warning: #warning redirecting incorrect #include <sys/fcntl.h> to <fcntl.h> [-Wcpp]
    1 | #warning redirecting incorrect #include <sys/fcntl.h> to <fcntl.h>
      |  ^~~~~~~
configure:28590: $? = 0
configure:28609: result: yes
configure:28574: checking for sys/filio.h
configure:28584: musl-gcc -idirafter /home/ildar/kyronix-ports/net/lynx/kernel-headers -E -C -D_BSD_SOURCE -DLINUX -I/home/ildar/kyronix-ports/libs/openssl/stage/usr/include -I/home/ildar/kyronix-ports/libs/ncurses/obj-musl-static/include conftest.c
configure:28581:10: fatal error: sys/filio.h: No such file or directory
compilation terminated.
configure:28590: $? = 1
configure: failed program was:
#line 28580 "configure"
#include "confdefs.h"
#include <sys/filio.h>
configure:28609: result: no
configure:28574: checking for sys/ioctl.h
configure:28584: musl-gcc -idirafter /home/ildar/kyronix-ports/net/lynx/kernel-headers -E -C -D_BSD_SOURCE -DLINUX -I/home/ildar/kyronix-ports/libs/openssl/stage/usr/include -I/home/ildar/kyronix-ports/libs/ncurses/obj-musl-static/include conftest.c
configure:28590: $? = 0
configure:28609: result: yes
configure:28574: checking for sys/param.h
configure:28584: musl-gcc -idirafter /home/ildar/kyronix-ports/net/lynx/kernel-headers -E -C -D_BSD_SOURCE -DLINUX -I/home/ildar/kyronix-ports/libs/openssl/stage/usr/include -I/home/ildar/kyronix-ports/libs/ncurses/obj-musl-static/include conftest.c
configure:28590: $? = 0
configure:28609: result: yes
configure:28574: checking for sys/timeb.h
configure:28584: musl-gcc -idirafter /home/ildar/kyronix-ports/net/lynx/kernel-headers -E -C -D_BSD_SOURCE -DLINUX -I/home/ildar/kyronix-ports/libs/openssl/stage/usr/include -I/home/ildar/kyronix-ports/libs/ncurses/obj-musl-static/include conftest.c
configure:28590: $? = 0
configure:28609: result: yes
configure:28574: checking for sys/time.h
configure:28584: musl-gcc -idirafter /home/ildar/kyronix-ports/net/lynx/kernel-headers -E -C -D_BSD_SOURCE -DLINUX -I/home/ildar/kyronix-ports/libs/openssl/stage/usr/include -I/home/ildar/kyronix-ports/libs/ncurses/obj-musl-static/include conftest.c
configure:28590: $? = 0
configure:28609: result: yes
configure:28574: checking for syslog.h
configure:28584: musl-gcc -idirafter /home/ildar/kyronix-ports/net/lynx/kernel-headers -E -C -D_BSD_SOURCE -DLINUX -I/home/ildar/kyronix-ports/libs/openssl/stage/usr/include -I/home/ildar/kyronix-ports/libs/ncurses/obj-musl-static/include conftest.c
configure:28590: $? = 0
configure:28609: result: yes
configure:28574: checking for termio.h
configure:28584: musl-gcc -idirafter /home/ildar/kyronix-ports/net/lynx/kernel-headers -E -C -D_BSD_SOURCE -DLINUX -I/home/ildar/kyronix-ports/libs/openssl/stage/usr/include -I/home/ildar/kyronix-ports/libs/ncurses/obj-musl-static/include conftest.c
configure:28581:10: fatal error: termio.h: No such file or directory
compilation terminated.
configure:28590: $? = 1
configure: failed program was:
#line 28580 "configure"
#include "confdefs.h"
#include <termio.h>
configure:28609: result: no
configure:28574: checking for termios.h
configure:28584: musl-gcc -idirafter /home/ildar/kyronix-ports/net/lynx/kernel-headers -E -C -D_BSD_SOURCE -DLINUX -I/home/ildar/kyronix-ports/libs/openssl/stage/usr/include -I/home/ildar/kyronix-ports/libs/ncurses/obj-musl-static/include conftest.c
configure:28590: $? = 0
configure:28609: result: yes
configure:28574: checking for vfork.h
configure:28584: musl-gcc -idirafter /home/ildar/kyronix-ports/net/lynx/kernel-headers -E -C -D_BSD_SOURCE -DLINUX -I/home/ildar/kyronix-ports/libs/openssl/stage/usr/include -I/home/ildar/kyronix-ports/libs/ncurses/obj-musl-static/include conftest.c
configure:28581:10: fatal error: vfork.h: No such file or directory
compilation terminated.
configure:28590: $? = 1
configure: failed program was:
#line 28580 "configure"
#include "confdefs.h"
#include <vfork.h>
configure:28609: result: no
configure:28574: checking for wchar.h
configure:28584: musl-gcc -idirafter /home/ildar/kyronix-ports/net/lynx/kernel-headers -E -C -D_BSD_SOURCE -DLINUX -I/home/ildar/kyronix-ports/libs/openssl/stage/usr/include -I/home/ildar/kyronix-ports/libs/ncurses/obj-musl-static/include conftest.c
configure:28590: $? = 0
configure:28609: result: yes
configure:28619: checking termio.h and termios.h
configure:28645: musl-gcc -idirafter /home/ildar/kyronix-ports/net/lynx/kernel-headers -c -O2 -fno-link-libatomic -D_BSD_SOURCE -DLINUX -I/home/ildar/kyronix-ports/libs/openssl/stage/usr/include -I/home/ildar/kyronix-ports/libs/ncurses/obj-musl-static/include conftest.c >&5
configure:28648: $? = 0
configure:28651: test -s conftest.o
configure:28654: $? = 0
configure:28665: result: yes
configure:28672: checking for sigaction and structs
configure:28699: musl-gcc -idirafter /home/ildar/kyronix-ports/net/lynx/kernel-headers -o conftest -O2 -fno-link-libatomic -D_BSD_SOURCE -DLINUX -I/home/ildar/kyronix-ports/libs/openssl/stage/usr/include -I/home/ildar/kyronix-ports/libs/ncurses/obj-musl-static/include -L/home/ildar/kyronix-ports/libs/ncurses/obj-musl-static/lib -static conftest.c -lncurses -L/home/ildar/kyronix-ports/libs/openssl/stage/usr/lib64 -lssl -lcrypto  >&5
configure:28702: $? = 0
configure:28705: test -s conftest
configure:28708: $? = 0
configure:28719: result: yes
configure:28729: checking for sys/wait.h
configure:28739: musl-gcc -idirafter /home/ildar/kyronix-ports/net/lynx/kernel-headers -E -C -D_BSD_SOURCE -DLINUX -I/home/ildar/kyronix-ports/libs/openssl/stage/usr/include -I/home/ildar/kyronix-ports/libs/ncurses/obj-musl-static/include conftest.c
configure:28745: $? = 0
configure:28764: result: yes
configure:28890: checking for union wait
configure:28916: musl-gcc -idirafter /home/ildar/kyronix-ports/net/lynx/kernel-headers -o conftest -O2 -fno-link-libatomic -D_BSD_SOURCE -DLINUX -I/home/ildar/kyronix-ports/libs/openssl/stage/usr/include -I/home/ildar/kyronix-ports/libs/ncurses/obj-musl-static/include -L/home/ildar/kyronix-ports/libs/ncurses/obj-musl-static/lib -static conftest.c -lncurses -L/home/ildar/kyronix-ports/libs/openssl/stage/usr/lib64 -lssl -lcrypto  >&5
configure:28919: $? = 0
configure:28922: test -s conftest
configure:28925: $? = 0
compiles ok w/o union wait
configure:28986: result: no
configure:29091: checking for uid_t in sys/types.h
configure:29111: result: yes
configure:29125: checking type of array argument to getgroups
configure:29161: musl-gcc -idirafter /home/ildar/kyronix-ports/net/lynx/kernel-headers -o conftest -O2 -fno-link-libatomic -D_BSD_SOURCE -DLINUX -I/home/ildar/kyronix-ports/libs/openssl/stage/usr/include -I/home/ildar/kyronix-ports/libs/ncurses/obj-musl-static/include -L/home/ildar/kyronix-ports/libs/ncurses/obj-musl-static/lib -static conftest.c -lncurses -L/home/ildar/kyronix-ports/libs/openssl/stage/usr/lib64 -lssl -lcrypto  >&5
configure:29164: $? = 0
configure:29166: ./conftest
configure:29169: $? = 0
configure:29197: result: gid_t
configure:29204: checking for off_t
configure:29225: musl-gcc -idirafter /home/ildar/kyronix-ports/net/lynx/kernel-headers -c -O2 -fno-link-libatomic -D_BSD_SOURCE -DLINUX -I/home/ildar/kyronix-ports/libs/openssl/stage/usr/include -I/home/ildar/kyronix-ports/libs/ncurses/obj-musl-static/include conftest.c >&5
configure:29228: $? = 0
configure:29231: test -s conftest.o
configure:29234: $? = 0
configure:29244: result: yes
configure:29256: checking for pid_t
configure:29277: musl-gcc -idirafter /home/ildar/kyronix-ports/net/lynx/kernel-headers -c -O2 -fno-link-libatomic -D_BSD_SOURCE -DLINUX -I/home/ildar/kyronix-ports/libs/openssl/stage/usr/include -I/home/ildar/kyronix-ports/libs/ncurses/obj-musl-static/include conftest.c >&5
configure:29280: $? = 0
configure:29283: test -s conftest.o
configure:29286: $? = 0
configure:29296: result: yes
configure:29308: checking for uid_t in sys/types.h
configure:29328: result: yes
configure:29342: checking for mode_t
configure:29363: musl-gcc -idirafter /home/ildar/kyronix-ports/net/lynx/kernel-headers -c -O2 -fno-link-libatomic -D_BSD_SOURCE -DLINUX -I/home/ildar/kyronix-ports/libs/openssl/stage/usr/include -I/home/ildar/kyronix-ports/libs/ncurses/obj-musl-static/include conftest.c >&5
configure:29366: $? = 0
configure:29369: test -s conftest.o
configure:29372: $? = 0
configure:29382: result: yes
configure:29394: checking for ssize_t
configure:29415: musl-gcc -idirafter /home/ildar/kyronix-ports/net/lynx/kernel-headers -c -O2 -fno-link-libatomic -D_BSD_SOURCE -DLINUX -I/home/ildar/kyronix-ports/libs/openssl/stage/usr/include -I/home/ildar/kyronix-ports/libs/ncurses/obj-musl-static/include conftest.c >&5
configure:29418: $? = 0
configure:29421: test -s conftest.o
configure:29424: $? = 0
configure:29434: result: yes
configure:29450: checking for socklen_t
configure:29474: musl-gcc -idirafter /home/ildar/kyronix-ports/net/lynx/kernel-headers -c -O2 -fno-link-libatomic -D_BSD_SOURCE -DLINUX -I/home/ildar/kyronix-ports/libs/openssl/stage/usr/include -I/home/ildar/kyronix-ports/libs/ncurses/obj-musl-static/include conftest.c >&5
configure:29477: $? = 0
configure:29480: test -s conftest.o
configure:29483: $? = 0
configure:29493: result: yes
configure:29509: checking for long long type
configure:29540: result: yes
configure:29551: checking for tm.tm_gmtoff
configure:29583: musl-gcc -idirafter /home/ildar/kyronix-ports/net/lynx/kernel-headers -c -O2 -fno-link-libatomic -D_BSD_SOURCE -DLINUX -I/home/ildar/kyronix-ports/libs/openssl/stage/usr/include -I/home/ildar/kyronix-ports/libs/ncurses/obj-musl-static/include conftest.c >&5
configure:29586: $? = 0
configure:29589: test -s conftest.o
configure:29592: $? = 0
configure:29603: result: yes
configure:29610: checking for int
configure:29631: musl-gcc -idirafter /home/ildar/kyronix-ports/net/lynx/kernel-headers -c -O2 -fno-link-libatomic -D_BSD_SOURCE -DLINUX -I/home/ildar/kyronix-ports/libs/openssl/stage/usr/include -I/home/ildar/kyronix-ports/libs/ncurses/obj-musl-static/include conftest.c >&5
configure:29634: $? = 0
configure:29637: test -s conftest.o
configure:29640: $? = 0
configure:29650: result: yes
configure:29653: checking size of int
configure:29817: musl-gcc -idirafter /home/ildar/kyronix-ports/net/lynx/kernel-headers -o conftest -O2 -fno-link-libatomic -D_BSD_SOURCE -DLINUX -I/home/ildar/kyronix-ports/libs/openssl/stage/usr/include -I/home/ildar/kyronix-ports/libs/ncurses/obj-musl-static/include -L/home/ildar/kyronix-ports/libs/ncurses/obj-musl-static/lib -static conftest.c -lncurses -L/home/ildar/kyronix-ports/libs/openssl/stage/usr/lib64 -lssl -lcrypto  >&5
configure:29820: $? = 0
configure:29822: ./conftest
configure:29825: $? = 0
configure:29841: result: 4
configure:29868: checking for long
configure:29889: musl-gcc -idirafter /home/ildar/kyronix-ports/net/lynx/kernel-headers -c -O2 -fno-link-libatomic -D_BSD_SOURCE -DLINUX -I/home/ildar/kyronix-ports/libs/openssl/stage/usr/include -I/home/ildar/kyronix-ports/libs/ncurses/obj-musl-static/include conftest.c >&5
configure:29892: $? = 0
configure:29895: test -s conftest.o
configure:29898: $? = 0
configure:29908: result: yes
configure:29911: checking size of long
configure:30075: musl-gcc -idirafter /home/ildar/kyronix-ports/net/lynx/kernel-headers -o conftest -O2 -fno-link-libatomic -D_BSD_SOURCE -DLINUX -I/home/ildar/kyronix-ports/libs/openssl/stage/usr/include -I/home/ildar/kyronix-ports/libs/ncurses/obj-musl-static/include -L/home/ildar/kyronix-ports/libs/ncurses/obj-musl-static/lib -static conftest.c -lncurses -L/home/ildar/kyronix-ports/libs/openssl/stage/usr/lib64 -lssl -lcrypto  >&5
configure:30078: $? = 0
configure:30080: ./conftest
configure:30083: $? = 0
configure:30099: result: 8
configure:30126: checking for off_t
configure:30166: result: yes
configure:30169: checking size of off_t
configure:30333: musl-gcc -idirafter /home/ildar/kyronix-ports/net/lynx/kernel-headers -o conftest -O2 -fno-link-libatomic -D_BSD_SOURCE -DLINUX -I/home/ildar/kyronix-ports/libs/openssl/stage/usr/include -I/home/ildar/kyronix-ports/libs/ncurses/obj-musl-static/include -L/home/ildar/kyronix-ports/libs/ncurses/obj-musl-static/lib -static conftest.c -lncurses -L/home/ildar/kyronix-ports/libs/openssl/stage/usr/lib64 -lssl -lcrypto  >&5
configure:30336: $? = 0
configure:30338: ./conftest
configure:30341: $? = 0
configure:30357: result: 8
configure:30384: checking for size_t
configure:30405: musl-gcc -idirafter /home/ildar/kyronix-ports/net/lynx/kernel-headers -c -O2 -fno-link-libatomic -D_BSD_SOURCE -DLINUX -I/home/ildar/kyronix-ports/libs/openssl/stage/usr/include -I/home/ildar/kyronix-ports/libs/ncurses/obj-musl-static/include conftest.c >&5
configure:30408: $? = 0
configure:30411: test -s conftest.o
configure:30414: $? = 0
configure:30424: result: yes
configure:30427: checking size of size_t
configure:30591: musl-gcc -idirafter /home/ildar/kyronix-ports/net/lynx/kernel-headers -o conftest -O2 -fno-link-libatomic -D_BSD_SOURCE -DLINUX -I/home/ildar/kyronix-ports/libs/openssl/stage/usr/include -I/home/ildar/kyronix-ports/libs/ncurses/obj-musl-static/include -L/home/ildar/kyronix-ports/libs/ncurses/obj-musl-static/lib -static conftest.c -lncurses -L/home/ildar/kyronix-ports/libs/openssl/stage/usr/lib64 -lssl -lcrypto  >&5
configure:30594: $? = 0
configure:30596: ./conftest
configure:30599: $? = 0
configure:30615: result: 8
configure:30642: checking for time_t
configure:30663: musl-gcc -idirafter /home/ildar/kyronix-ports/net/lynx/kernel-headers -c -O2 -fno-link-libatomic -D_BSD_SOURCE -DLINUX -I/home/ildar/kyronix-ports/libs/openssl/stage/usr/include -I/home/ildar/kyronix-ports/libs/ncurses/obj-musl-static/include conftest.c >&5
configure:30666: $? = 0
configure:30669: test -s conftest.o
configure:30672: $? = 0
configure:30682: result: yes
configure:30685: checking size of time_t
configure:30849: musl-gcc -idirafter /home/ildar/kyronix-ports/net/lynx/kernel-headers -o conftest -O2 -fno-link-libatomic -D_BSD_SOURCE -DLINUX -I/home/ildar/kyronix-ports/libs/openssl/stage/usr/include -I/home/ildar/kyronix-ports/libs/ncurses/obj-musl-static/include -L/home/ildar/kyronix-ports/libs/ncurses/obj-musl-static/lib -static conftest.c -lncurses -L/home/ildar/kyronix-ports/libs/openssl/stage/usr/lib64 -lssl -lcrypto  >&5
configure:30852: $? = 0
configure:30854: ./conftest
configure:30857: $? = 0
configure:30873: result: 8
configure:30900: checking for intptr_t
configure:30921: musl-gcc -idirafter /home/ildar/kyronix-ports/net/lynx/kernel-headers -c -O2 -fno-link-libatomic -D_BSD_SOURCE -DLINUX -I/home/ildar/kyronix-ports/libs/openssl/stage/usr/include -I/home/ildar/kyronix-ports/libs/ncurses/obj-musl-static/include conftest.c >&5
configure:30924: $? = 0
configure:30927: test -s conftest.o
configure:30930: $? = 0
configure:30940: result: yes
configure:30958: checking for struct sockaddr_in
configure:30980: musl-gcc -idirafter /home/ildar/kyronix-ports/net/lynx/kernel-headers -c -O2 -fno-link-libatomic -D_BSD_SOURCE -DLINUX -I/home/ildar/kyronix-ports/libs/openssl/stage/usr/include -I/home/ildar/kyronix-ports/libs/ncurses/obj-musl-static/include conftest.c >&5
configure:30983: $? = 0
configure:30986: test -s conftest.o
configure:30989: $? = 0
configure:30999: result: yes
configure:31002: checking size of struct sockaddr_in
configure:31171: musl-gcc -idirafter /home/ildar/kyronix-ports/net/lynx/kernel-headers -o conftest -O2 -fno-link-libatomic -D_BSD_SOURCE -DLINUX -I/home/ildar/kyronix-ports/libs/openssl/stage/usr/include -I/home/ildar/kyronix-ports/libs/ncurses/obj-musl-static/include -L/home/ildar/kyronix-ports/libs/ncurses/obj-musl-static/lib -static conftest.c -lncurses -L/home/ildar/kyronix-ports/libs/openssl/stage/usr/lib64 -lssl -lcrypto  >&5
configure:31174: $? = 0
configure:31176: ./conftest
configure:31179: $? = 0
configure:31195: result: 16
configure:31222: checking for struct sockaddr
configure:31244: musl-gcc -idirafter /home/ildar/kyronix-ports/net/lynx/kernel-headers -c -O2 -fno-link-libatomic -D_BSD_SOURCE -DLINUX -I/home/ildar/kyronix-ports/libs/openssl/stage/usr/include -I/home/ildar/kyronix-ports/libs/ncurses/obj-musl-static/include conftest.c >&5
configure:31247: $? = 0
configure:31250: test -s conftest.o
configure:31253: $? = 0
configure:31263: result: yes
configure:31266: checking size of struct sockaddr
configure:31435: musl-gcc -idirafter /home/ildar/kyronix-ports/net/lynx/kernel-headers -o conftest -O2 -fno-link-libatomic -D_BSD_SOURCE -DLINUX -I/home/ildar/kyronix-ports/libs/openssl/stage/usr/include -I/home/ildar/kyronix-ports/libs/ncurses/obj-musl-static/include -L/home/ildar/kyronix-ports/libs/ncurses/obj-musl-static/lib -static conftest.c -lncurses -L/home/ildar/kyronix-ports/libs/openssl/stage/usr/lib64 -lssl -lcrypto  >&5
configure:31438: $? = 0
configure:31440: ./conftest
configure:31443: $? = 0
configure:31459: result: 16
configure:31486: checking if SA_LEN can be simplified
configure:31504: result: yes
configure:31518: checking for working alloca.h
configure:31536: musl-gcc -idirafter /home/ildar/kyronix-ports/net/lynx/kernel-headers -o conftest -O2 -fno-link-libatomic -D_BSD_SOURCE -DLINUX -I/home/ildar/kyronix-ports/libs/openssl/stage/usr/include -I/home/ildar/kyronix-ports/libs/ncurses/obj-musl-static/include -L/home/ildar/kyronix-ports/libs/ncurses/obj-musl-static/lib -static conftest.c -lncurses -L/home/ildar/kyronix-ports/libs/openssl/stage/usr/lib64 -lssl -lcrypto  >&5
configure:31539: $? = 0
configure:31542: test -s conftest
configure:31545: $? = 0
configure:31555: result: yes
configure:31565: checking for alloca
configure:31603: musl-gcc -idirafter /home/ildar/kyronix-ports/net/lynx/kernel-headers -o conftest -O2 -fno-link-libatomic -D_BSD_SOURCE -DLINUX -I/home/ildar/kyronix-ports/libs/openssl/stage/usr/include -I/home/ildar/kyronix-ports/libs/ncurses/obj-musl-static/include -L/home/ildar/kyronix-ports/libs/ncurses/obj-musl-static/lib -static conftest.c -lncurses -L/home/ildar/kyronix-ports/libs/openssl/stage/usr/lib64 -lssl -lcrypto  >&5
configure:31606: $? = 0
configure:31609: test -s conftest
configure:31612: $? = 0
configure:31622: result: yes
configure:31806: checking for unistd.h
configure:31841: result: yes
configure:31806: checking for vfork.h
configure:31841: result: no
configure:31854: checking for fork
configure:31891: musl-gcc -idirafter /home/ildar/kyronix-ports/net/lynx/kernel-headers -o conftest -O2 -fno-link-libatomic -D_BSD_SOURCE -DLINUX -I/home/ildar/kyronix-ports/libs/openssl/stage/usr/include -I/home/ildar/kyronix-ports/libs/ncurses/obj-musl-static/include -L/home/ildar/kyronix-ports/libs/ncurses/obj-musl-static/lib -static conftest.c -lncurses -L/home/ildar/kyronix-ports/libs/openssl/stage/usr/lib64 -lssl -lcrypto  >&5
configure:31871:6: warning: conflicting types for built-in function 'fork'; expected 'int(void)' [-Wbuiltin-declaration-mismatch]
configure:31894: $? = 0
configure:31897: test -s conftest
configure:31900: $? = 0
configure:31910: result: yes
configure:31854: checking for vfork
configure:31891: musl-gcc -idirafter /home/ildar/kyronix-ports/net/lynx/kernel-headers -o conftest -O2 -fno-link-libatomic -D_BSD_SOURCE -DLINUX -I/home/ildar/kyronix-ports/libs/openssl/stage/usr/include -I/home/ildar/kyronix-ports/libs/ncurses/obj-musl-static/include -L/home/ildar/kyronix-ports/libs/ncurses/obj-musl-static/lib -static conftest.c -lncurses -L/home/ildar/kyronix-ports/libs/openssl/stage/usr/lib64 -lssl -lcrypto  >&5
configure:31894: $? = 0
configure:31897: test -s conftest
configure:31900: $? = 0
configure:31910: result: yes
configure:31922: checking for working fork
configure:31965: result: yes
configure:31984: checking for working vfork
configure:32106: result: yes
configure:32137: checking if we should use fcntl or ioctl
configure:32161: musl-gcc -idirafter /home/ildar/kyronix-ports/net/lynx/kernel-headers -o conftest -O2 -fno-link-libatomic -D_BSD_SOURCE -DLINUX -I/home/ildar/kyronix-ports/libs/openssl/stage/usr/include -I/home/ildar/kyronix-ports/libs/ncurses/obj-musl-static/include -L/home/ildar/kyronix-ports/libs/ncurses/obj-musl-static/lib -static conftest.c -lncurses -L/home/ildar/kyronix-ports/libs/openssl/stage/usr/lib64 -lssl -lcrypto  >&5
configure:32164: $? = 0
configure:32167: test -s conftest
configure:32170: $? = 0
configure:32222: result: ioctl
configure:32229: checking for broken/missing definition of remove
configure:32248: musl-gcc -idirafter /home/ildar/kyronix-ports/net/lynx/kernel-headers -o conftest -O2 -fno-link-libatomic -D_BSD_SOURCE -DLINUX -I/home/ildar/kyronix-ports/libs/openssl/stage/usr/include -I/home/ildar/kyronix-ports/libs/ncurses/obj-musl-static/include -L/home/ildar/kyronix-ports/libs/ncurses/obj-musl-static/lib -static conftest.c -lncurses -L/home/ildar/kyronix-ports/libs/openssl/stage/usr/lib64 -lssl -lcrypto  >&5
configure:32251: $? = 0
configure:32254: test -s conftest
configure:32257: $? = 0
configure:32301: result: no
configure:32308: checking for lstat
configure:32327: musl-gcc -idirafter /home/ildar/kyronix-ports/net/lynx/kernel-headers -o conftest -O2 -fno-link-libatomic -D_BSD_SOURCE -DLINUX -I/home/ildar/kyronix-ports/libs/openssl/stage/usr/include -I/home/ildar/kyronix-ports/libs/ncurses/obj-musl-static/include -L/home/ildar/kyronix-ports/libs/ncurses/obj-musl-static/lib -static conftest.c -lncurses -L/home/ildar/kyronix-ports/libs/openssl/stage/usr/lib64 -lssl -lcrypto  >&5
configure:32330: $? = 0
configure:32333: test -s conftest
configure:32336: $? = 0
configure:32348: result: yes 
configure:32358: checking for getpwuid
configure:32383: musl-gcc -idirafter /home/ildar/kyronix-ports/net/lynx/kernel-headers -o conftest -O2 -fno-link-libatomic -D_BSD_SOURCE -DLINUX -I/home/ildar/kyronix-ports/libs/openssl/stage/usr/include -I/home/ildar/kyronix-ports/libs/ncurses/obj-musl-static/include -L/home/ildar/kyronix-ports/libs/ncurses/obj-musl-static/lib -static conftest.c -lncurses -L/home/ildar/kyronix-ports/libs/openssl/stage/usr/lib64 -lssl -lcrypto  >&5
configure:32386: $? = 0
configure:32389: test -s conftest
configure:32392: $? = 0
configure:32403: result: yes
configure:32418: checking for passwd.pw_gecos
configure:32442: musl-gcc -idirafter /home/ildar/kyronix-ports/net/lynx/kernel-headers -c -O2 -fno-link-libatomic -D_BSD_SOURCE -DLINUX -I/home/ildar/kyronix-ports/libs/openssl/stage/usr/include -I/home/ildar/kyronix-ports/libs/ncurses/obj-musl-static/include conftest.c >&5
configure:32445: $? = 0
configure:32448: test -s conftest.o
configure:32451: $? = 0
configure:32461: result: yes
configure:32468: checking for vasprintf
configure:32505: musl-gcc -idirafter /home/ildar/kyronix-ports/net/lynx/kernel-headers -o conftest -O2 -fno-link-libatomic -D_BSD_SOURCE -DLINUX -I/home/ildar/kyronix-ports/libs/openssl/stage/usr/include -I/home/ildar/kyronix-ports/libs/ncurses/obj-musl-static/include -L/home/ildar/kyronix-ports/libs/ncurses/obj-musl-static/lib -static conftest.c -lncurses -L/home/ildar/kyronix-ports/libs/openssl/stage/usr/lib64 -lssl -lcrypto  >&5
configure:32508: $? = 0
configure:32511: test -s conftest
configure:32514: $? = 0
configure:32524: result: yes
configure:32532: checking if vasprintf requires workaround
configure:32551: musl-gcc -idirafter /home/ildar/kyronix-ports/net/lynx/kernel-headers -c -O2 -fno-link-libatomic -D_BSD_SOURCE -DLINUX -I/home/ildar/kyronix-ports/libs/openssl/stage/usr/include -I/home/ildar/kyronix-ports/libs/ncurses/obj-musl-static/include conftest.c >&5
configure:32554: $? = 0
configure:32557: test -s conftest.o
configure:32560: $? = 0
configure:32563: result: no
configure:32645: checking for atoll
configure:32682: musl-gcc -idirafter /home/ildar/kyronix-ports/net/lynx/kernel-headers -o conftest -O2 -fno-link-libatomic -D_BSD_SOURCE -DLINUX -I/home/ildar/kyronix-ports/libs/openssl/stage/usr/include -I/home/ildar/kyronix-ports/libs/ncurses/obj-musl-static/include -L/home/ildar/kyronix-ports/libs/ncurses/obj-musl-static/lib -static conftest.c -lncurses -L/home/ildar/kyronix-ports/libs/openssl/stage/usr/lib64 -lssl -lcrypto  >&5
configure:32685: $? = 0
configure:32688: test -s conftest
configure:32691: $? = 0
configure:32701: result: yes
configure:32645: checking for ctermid
configure:32682: musl-gcc -idirafter /home/ildar/kyronix-ports/net/lynx/kernel-headers -o conftest -O2 -fno-link-libatomic -D_BSD_SOURCE -DLINUX -I/home/ildar/kyronix-ports/libs/openssl/stage/usr/include -I/home/ildar/kyronix-ports/libs/ncurses/obj-musl-static/include -L/home/ildar/kyronix-ports/libs/ncurses/obj-musl-static/lib -static conftest.c -lncurses -L/home/ildar/kyronix-ports/libs/openssl/stage/usr/lib64 -lssl -lcrypto  >&5
configure:32685: $? = 0
configure:32688: test -s conftest
configure:32691: $? = 0
configure:32701: result: yes
configure:32645: checking for cuserid
configure:32682: musl-gcc -idirafter /home/ildar/kyronix-ports/net/lynx/kernel-headers -o conftest -O2 -fno-link-libatomic -D_BSD_SOURCE -DLINUX -I/home/ildar/kyronix-ports/libs/openssl/stage/usr/include -I/home/ildar/kyronix-ports/libs/ncurses/obj-musl-static/include -L/home/ildar/kyronix-ports/libs/ncurses/obj-musl-static/lib -static conftest.c -lncurses -L/home/ildar/kyronix-ports/libs/openssl/stage/usr/lib64 -lssl -lcrypto  >&5
configure:32685: $? = 0
configure:32688: test -s conftest
configure:32691: $? = 0
configure:32701: result: yes
configure:32645: checking for ftime
configure:32682: musl-gcc -idirafter /home/ildar/kyronix-ports/net/lynx/kernel-headers -o conftest -O2 -fno-link-libatomic -D_BSD_SOURCE -DLINUX -I/home/ildar/kyronix-ports/libs/openssl/stage/usr/include -I/home/ildar/kyronix-ports/libs/ncurses/obj-musl-static/include -L/home/ildar/kyronix-ports/libs/ncurses/obj-musl-static/lib -static conftest.c -lncurses -L/home/ildar/kyronix-ports/libs/openssl/stage/usr/lib64 -lssl -lcrypto  >&5
configure:32685: $? = 0
configure:32688: test -s conftest
configure:32691: $? = 0
configure:32701: result: yes
configure:32645: checking for getcwd
configure:32682: musl-gcc -idirafter /home/ildar/kyronix-ports/net/lynx/kernel-headers -o conftest -O2 -fno-link-libatomic -D_BSD_SOURCE -DLINUX -I/home/ildar/kyronix-ports/libs/openssl/stage/usr/include -I/home/ildar/kyronix-ports/libs/ncurses/obj-musl-static/include -L/home/ildar/kyronix-ports/libs/ncurses/obj-musl-static/lib -static conftest.c -lncurses -L/home/ildar/kyronix-ports/libs/openssl/stage/usr/lib64 -lssl -lcrypto  >&5
configure:32685: $? = 0
configure:32688: test -s conftest
configure:32691: $? = 0
configure:32701: result: yes
configure:32645: checking for getgroups
configure:32682: musl-gcc -idirafter /home/ildar/kyronix-ports/net/lynx/kernel-headers -o conftest -O2 -fno-link-libatomic -D_BSD_SOURCE -DLINUX -I/home/ildar/kyronix-ports/libs/openssl/stage/usr/include -I/home/ildar/kyronix-ports/libs/ncurses/obj-musl-static/include -L/home/ildar/kyronix-ports/libs/ncurses/obj-musl-static/lib -static conftest.c -lncurses -L/home/ildar/kyronix-ports/libs/openssl/stage/usr/lib64 -lssl -lcrypto  >&5
configure:32685: $? = 0
configure:32688: test -s conftest
configure:32691: $? = 0
configure:32701: result: yes
configure:32645: checking for gettimeofday
configure:32682: musl-gcc -idirafter /home/ildar/kyronix-ports/net/lynx/kernel-headers -o conftest -O2 -fno-link-libatomic -D_BSD_SOURCE -DLINUX -I/home/ildar/kyronix-ports/libs/openssl/stage/usr/include -I/home/ildar/kyronix-ports/libs/ncurses/obj-musl-static/include -L/home/ildar/kyronix-ports/libs/ncurses/obj-musl-static/lib -static conftest.c -lncurses -L/home/ildar/kyronix-ports/libs/openssl/stage/usr/lib64 -lssl -lcrypto  >&5
configure:32685: $? = 0
configure:32688: test -s conftest
configure:32691: $? = 0
configure:32701: result: yes
configure:32645: checking for getuid
configure:32682: musl-gcc -idirafter /home/ildar/kyronix-ports/net/lynx/kernel-headers -o conftest -O2 -fno-link-libatomic -D_BSD_SOURCE -DLINUX -I/home/ildar/kyronix-ports/libs/openssl/stage/usr/include -I/home/ildar/kyronix-ports/libs/ncurses/obj-musl-static/include -L/home/ildar/kyronix-ports/libs/ncurses/obj-musl-static/lib -static conftest.c -lncurses -L/home/ildar/kyronix-ports/libs/openssl/stage/usr/lib64 -lssl -lcrypto  >&5
configure:32685: $? = 0
configure:32688: test -s conftest
configure:32691: $? = 0
configure:32701: result: yes
configure:32645: checking for popen
configure:32682: musl-gcc -idirafter /home/ildar/kyronix-ports/net/lynx/kernel-headers -o conftest -O2 -fno-link-libatomic -D_BSD_SOURCE -DLINUX -I/home/ildar/kyronix-ports/libs/openssl/stage/usr/include -I/home/ildar/kyronix-ports/libs/ncurses/obj-musl-static/include -L/home/ildar/kyronix-ports/libs/ncurses/obj-musl-static/lib -static conftest.c -lncurses -L/home/ildar/kyronix-ports/libs/openssl/stage/usr/lib64 -lssl -lcrypto  >&5
configure:32685: $? = 0
configure:32688: test -s conftest
configure:32691: $? = 0
configure:32701: result: yes
configure:32645: checking for putenv
configure:32682: musl-gcc -idirafter /home/ildar/kyronix-ports/net/lynx/kernel-headers -o conftest -O2 -fno-link-libatomic -D_BSD_SOURCE -DLINUX -I/home/ildar/kyronix-ports/libs/openssl/stage/usr/include -I/home/ildar/kyronix-ports/libs/ncurses/obj-musl-static/include -L/home/ildar/kyronix-ports/libs/ncurses/obj-musl-static/lib -static conftest.c -lncurses -L/home/ildar/kyronix-ports/libs/openssl/stage/usr/lib64 -lssl -lcrypto  >&5
configure:32685: $? = 0
configure:32688: test -s conftest
configure:32691: $? = 0
configure:32701: result: yes
configure:32645: checking for readdir
configure:32682: musl-gcc -idirafter /home/ildar/kyronix-ports/net/lynx/kernel-headers -o conftest -O2 -fno-link-libatomic -D_BSD_SOURCE -DLINUX -I/home/ildar/kyronix-ports/libs/openssl/stage/usr/include -I/home/ildar/kyronix-ports/libs/ncurses/obj-musl-static/include -L/home/ildar/kyronix-ports/libs/ncurses/obj-musl-static/lib -static conftest.c -lncurses -L/home/ildar/kyronix-ports/libs/openssl/stage/usr/lib64 -lssl -lcrypto  >&5
configure:32685: $? = 0
configure:32688: test -s conftest
configure:32691: $? = 0
configure:32701: result: yes
configure:32645: checking for setuid
configure:32682: musl-gcc -idirafter /home/ildar/kyronix-ports/net/lynx/kernel-headers -o conftest -O2 -fno-link-libatomic -D_BSD_SOURCE -DLINUX -I/home/ildar/kyronix-ports/libs/openssl/stage/usr/include -I/home/ildar/kyronix-ports/libs/ncurses/obj-musl-static/include -L/home/ildar/kyronix-ports/libs/ncurses/obj-musl-static/lib -static conftest.c -lncurses -L/home/ildar/kyronix-ports/libs/openssl/stage/usr/lib64 -lssl -lcrypto  >&5
configure:32685: $? = 0
configure:32688: test -s conftest
configure:32691: $? = 0
configure:32701: result: yes
configure:32645: checking for truncate
configure:32682: musl-gcc -idirafter /home/ildar/kyronix-ports/net/lynx/kernel-headers -o conftest -O2 -fno-link-libatomic -D_BSD_SOURCE -DLINUX -I/home/ildar/kyronix-ports/libs/openssl/stage/usr/include -I/home/ildar/kyronix-ports/libs/ncurses/obj-musl-static/include -L/home/ildar/kyronix-ports/libs/ncurses/obj-musl-static/lib -static conftest.c -lncurses -L/home/ildar/kyronix-ports/libs/openssl/stage/usr/lib64 -lssl -lcrypto  >&5
configure:32685: $? = 0
configure:32688: test -s conftest
configure:32691: $? = 0
configure:32701: result: yes
configure:32645: checking for ttyname
configure:32682: musl-gcc -idirafter /home/ildar/kyronix-ports/net/lynx/kernel-headers -o conftest -O2 -fno-link-libatomic -D_BSD_SOURCE -DLINUX -I/home/ildar/kyronix-ports/libs/openssl/stage/usr/include -I/home/ildar/kyronix-ports/libs/ncurses/obj-musl-static/include -L/home/ildar/kyronix-ports/libs/ncurses/obj-musl-static/lib -static conftest.c -lncurses -L/home/ildar/kyronix-ports/libs/openssl/stage/usr/lib64 -lssl -lcrypto  >&5
configure:32685: $? = 0
configure:32688: test -s conftest
configure:32691: $? = 0
configure:32701: result: yes
configure:32645: checking for unsetenv
configure:32682: musl-gcc -idirafter /home/ildar/kyronix-ports/net/lynx/kernel-headers -o conftest -O2 -fno-link-libatomic -D_BSD_SOURCE -DLINUX -I/home/ildar/kyronix-ports/libs/openssl/stage/usr/include -I/home/ildar/kyronix-ports/libs/ncurses/obj-musl-static/include -L/home/ildar/kyronix-ports/libs/ncurses/obj-musl-static/lib -static conftest.c -lncurses -L/home/ildar/kyronix-ports/libs/openssl/stage/usr/lib64 -lssl -lcrypto  >&5
configure:32685: $? = 0
configure:32688: test -s conftest
configure:32691: $? = 0
configure:32701: result: yes
configure:32645: checking for sleep
configure:32682: musl-gcc -idirafter /home/ildar/kyronix-ports/net/lynx/kernel-headers -o conftest -O2 -fno-link-libatomic -D_BSD_SOURCE -DLINUX -I/home/ildar/kyronix-ports/libs/openssl/stage/usr/include -I/home/ildar/kyronix-ports/libs/ncurses/obj-musl-static/include -L/home/ildar/kyronix-ports/libs/ncurses/obj-musl-static/lib -static conftest.c -lncurses -L/home/ildar/kyronix-ports/libs/openssl/stage/usr/lib64 -lssl -lcrypto  >&5
configure:32685: $? = 0
configure:32688: test -s conftest
configure:32691: $? = 0
configure:32701: result: yes
configure:32645: checking for usleep
configure:32682: musl-gcc -idirafter /home/ildar/kyronix-ports/net/lynx/kernel-headers -o conftest -O2 -fno-link-libatomic -D_BSD_SOURCE -DLINUX -I/home/ildar/kyronix-ports/libs/openssl/stage/usr/include -I/home/ildar/kyronix-ports/libs/ncurses/obj-musl-static/include -L/home/ildar/kyronix-ports/libs/ncurses/obj-musl-static/lib -static conftest.c -lncurses -L/home/ildar/kyronix-ports/libs/openssl/stage/usr/lib64 -lssl -lcrypto  >&5
configure:32685: $? = 0
configure:32688: test -s conftest
configure:32691: $? = 0
configure:32701: result: yes
configure:32645: checking for waitpid
configure:32682: musl-gcc -idirafter /home/ildar/kyronix-ports/net/lynx/kernel-headers -o conftest -O2 -fno-link-libatomic -D_BSD_SOURCE -DLINUX -I/home/ildar/kyronix-ports/libs/openssl/stage/usr/include -I/home/ildar/kyronix-ports/libs/ncurses/obj-musl-static/include -L/home/ildar/kyronix-ports/libs/ncurses/obj-musl-static/lib -static conftest.c -lncurses -L/home/ildar/kyronix-ports/libs/openssl/stage/usr/lib64 -lssl -lcrypto  >&5
configure:32685: $? = 0
configure:32688: test -s conftest
configure:32691: $? = 0
configure:32701: result: yes
configure:32715: checking for mkdtemp
configure:32752: musl-gcc -idirafter /home/ildar/kyronix-ports/net/lynx/kernel-headers -o conftest -O2 -fno-link-libatomic -D_BSD_SOURCE -DLINUX -I/home/ildar/kyronix-ports/libs/openssl/stage/usr/include -I/home/ildar/kyronix-ports/libs/ncurses/obj-musl-static/include -L/home/ildar/kyronix-ports/libs/ncurses/obj-musl-static/lib -static conftest.c -lncurses -L/home/ildar/kyronix-ports/libs/openssl/stage/usr/lib64 -lssl -lcrypto  >&5
configure:32755: $? = 0
configure:32758: test -s conftest
configure:32761: $? = 0
configure:32771: result: yes
configure:32859: checking for mktime
configure:32896: musl-gcc -idirafter /home/ildar/kyronix-ports/net/lynx/kernel-headers -o conftest -O2 -fno-link-libatomic -D_BSD_SOURCE -DLINUX -I/home/ildar/kyronix-ports/libs/openssl/stage/usr/include -I/home/ildar/kyronix-ports/libs/ncurses/obj-musl-static/include -L/home/ildar/kyronix-ports/libs/ncurses/obj-musl-static/lib -static conftest.c -lncurses -L/home/ildar/kyronix-ports/libs/openssl/stage/usr/lib64 -lssl -lcrypto  >&5
configure:32899: $? = 0
configure:32902: test -s conftest
configure:32905: $? = 0
configure:32915: result: yes
configure:32859: checking for strstr
configure:32896: musl-gcc -idirafter /home/ildar/kyronix-ports/net/lynx/kernel-headers -o conftest -O2 -fno-link-libatomic -D_BSD_SOURCE -DLINUX -I/home/ildar/kyronix-ports/libs/openssl/stage/usr/include -I/home/ildar/kyronix-ports/libs/ncurses/obj-musl-static/include -L/home/ildar/kyronix-ports/libs/ncurses/obj-musl-static/lib -static conftest.c -lncurses -L/home/ildar/kyronix-ports/libs/openssl/stage/usr/lib64 -lssl -lcrypto  >&5
configure:32876:6: warning: conflicting types for built-in function 'strstr'; expected 'char *(const char *, const char *)' [-Wbuiltin-declaration-mismatch]
configure:32868:1: note: 'strstr' is declared in header '<string.h>'
configure:32899: $? = 0
configure:32902: test -s conftest
configure:32905: $? = 0
configure:32915: result: yes
configure:32859: checking for wcwidth
configure:32896: musl-gcc -idirafter /home/ildar/kyronix-ports/net/lynx/kernel-headers -o conftest -O2 -fno-link-libatomic -D_BSD_SOURCE -DLINUX -I/home/ildar/kyronix-ports/libs/openssl/stage/usr/include -I/home/ildar/kyronix-ports/libs/ncurses/obj-musl-static/include -L/home/ildar/kyronix-ports/libs/ncurses/obj-musl-static/lib -static conftest.c -lncurses -L/home/ildar/kyronix-ports/libs/openssl/stage/usr/lib64 -lssl -lcrypto  >&5
configure:32899: $? = 0
configure:32902: test -s conftest
configure:32905: $? = 0
configure:32915: result: yes
configure:32930: checking for limits.h
configure:32965: result: yes
configure:32975: checking if you want to use arc4random
configure:32985: result: yes
configure:32990: checking for arc4random
configure:33027: musl-gcc -idirafter /home/ildar/kyronix-ports/net/lynx/kernel-headers -o conftest -O2 -fno-link-libatomic -D_BSD_SOURCE -DLINUX -I/home/ildar/kyronix-ports/libs/openssl/stage/usr/include -I/home/ildar/kyronix-ports/libs/ncurses/obj-musl-static/include -L/home/ildar/kyronix-ports/libs/ncurses/obj-musl-static/lib -static conftest.c -lncurses -L/home/ildar/kyronix-ports/libs/openssl/stage/usr/lib64 -lssl -lcrypto  >&5
/usr/bin/ld: /tmp/ccgUYCkW.o: in function `main':
conftest.c:(.text.startup+0x5): undefined reference to `arc4random'
collect2: error: ld returned 1 exit status
configure:33030: $? = 1
configure: failed program was:
#line 32996 "configure"
#include "confdefs.h"
#define arc4random autoconf_temporary
#include <limits.h>	/* least-intrusive standard header which defines gcc2 __stub macros */
#undef arc4random

#ifdef __cplusplus
extern "C"
#endif

/* We use char because int might match the return type of a gcc2
   builtin and then its argument prototype would still apply.  */
char arc4random (void);

int
main (void)
{

/* The GNU C library defines stubs for functions which it implements
    to always fail with ENOSYS.  Some functions are actually named
    something starting with __ and the normal name is an alias.  */
#if defined (__stub_arc4random) || defined (__stub___arc4random)
#error found stub for arc4random
#endif

	return arc4random ();
  ;
  return 0;
}
configure:33046: result: no
configure:33051: checking for arc4random in -lbsd
configure:33078: musl-gcc -idirafter /home/ildar/kyronix-ports/net/lynx/kernel-headers -o conftest -O2 -fno-link-libatomic -D_BSD_SOURCE -DLINUX -I/home/ildar/kyronix-ports/libs/openssl/stage/usr/include -I/home/ildar/kyronix-ports/libs/ncurses/obj-musl-static/include -L/home/ildar/kyronix-ports/libs/ncurses/obj-musl-static/lib -static conftest.c -lbsd  -lncurses -L/home/ildar/kyronix-ports/libs/openssl/stage/usr/lib64 -lssl -lcrypto  >&5
/usr/bin/ld: cannot find -lbsd: No such file or directory
/usr/bin/ld: have you installed the static version of the bsd library ?
collect2: error: ld returned 1 exit status
configure:33081: $? = 1
configure: failed program was:
#line 33059 "configure"
#include "confdefs.h"

/* Override any gcc2 internal prototype to avoid an error.  */
#ifdef __cplusplus
extern "C"
#endif
/* We use char because int might match the return type of a gcc2
   builtin and then its argument prototype would still apply.  */
char arc4random (void);
int
main (void)
{
arc4random ();
  ;
  return 0;
}
configure:33098: result: no
configure:33125: checking for random-integer functions
configure:33162: musl-gcc -idirafter /home/ildar/kyronix-ports/net/lynx/kernel-headers -o conftest -O2 -fno-link-libatomic -D_BSD_SOURCE -DLINUX -I/home/ildar/kyronix-ports/libs/openssl/stage/usr/include -I/home/ildar/kyronix-ports/libs/ncurses/obj-musl-static/include -L/home/ildar/kyronix-ports/libs/ncurses/obj-musl-static/lib -static conftest.c -lncurses -L/home/ildar/kyronix-ports/libs/openssl/stage/usr/lib64 -lssl -lcrypto  >&5
configure:33165: $? = 0
configure:33168: test -s conftest
configure:33171: $? = 0
configure:33183: result: srandom/random
configure:33186: checking for range of random-integers
configure:33224: musl-gcc -idirafter /home/ildar/kyronix-ports/net/lynx/kernel-headers -c -O2 -fno-link-libatomic -D_BSD_SOURCE -DLINUX -I/home/ildar/kyronix-ports/libs/openssl/stage/usr/include -I/home/ildar/kyronix-ports/libs/ncurses/obj-musl-static/include conftest.c >&5
configure:33227: $? = 0
configure:33230: test -s conftest.o
configure:33233: $? = 0
configure:33244: result: INT_MAX
configure:33447: checking for sleep declaration
configure:33469: musl-gcc -idirafter /home/ildar/kyronix-ports/net/lynx/kernel-headers -c -O2 -fno-link-libatomic -D_BSD_SOURCE -DLINUX -I/home/ildar/kyronix-ports/libs/openssl/stage/usr/include -I/home/ildar/kyronix-ports/libs/ncurses/obj-musl-static/include conftest.c >&5
configure: In function 'main':
configure:33494:12: error: conflicting types for 'sleep'; have 'int(void)'
In file included from configure:33487:
/usr/lib/musl/include/unistd.h:85:10: note: previous declaration of 'sleep' with type 'unsigned int(unsigned int)'
   85 | unsigned sleep(unsigned);
      |          ^~~~~
configure:33472: $? = 1
configure: failed program was:
#line 33453 "configure"
#include "confdefs.h"

#include <stdio.h>
#if HAVE_SYS_TYPES_H
# include <sys/types.h>
#endif
#if HAVE_SYS_STAT_H
# include <sys/stat.h>
#endif
#if STDC_HEADERS
# include <stdlib.h>
# include <stddef.h>
#else
# if HAVE_STDLIB_H
#  include <stdlib.h>
# endif
#endif
#if HAVE_STRING_H
# if !STDC_HEADERS && HAVE_MEMORY_H
#  include <memory.h>
# endif
# include <string.h>
#endif
#if HAVE_STRINGS_H
# include <strings.h>
#endif
#if HAVE_INTTYPES_H
# include <inttypes.h>
#else
# if HAVE_STDINT_H
#  include <stdint.h>
# endif
#endif
#if HAVE_UNISTD_H
# include <unistd.h>
#endif

int
main (void)
{
#ifndef sleep
extern	int	sleep(void);
#endif
  ;
  return 0;
}
configure:33526: result: yes
configure:33545: checking for strstr declaration
configure:33567: musl-gcc -idirafter /home/ildar/kyronix-ports/net/lynx/kernel-headers -c -O2 -fno-link-libatomic -D_BSD_SOURCE -DLINUX -I/home/ildar/kyronix-ports/libs/openssl/stage/usr/include -I/home/ildar/kyronix-ports/libs/ncurses/obj-musl-static/include conftest.c >&5
configure: In function 'main':
configure:33592:12: error: conflicting types for 'strstr'; have 'int(void)'
In file included from configure:33572:
/usr/lib/musl/include/string.h:51:7: note: previous declaration of 'strstr' with type 'char *(const char *, const char *)'
   51 | char *strstr (const char *, const char *);
      |       ^~~~~~
configure:33570: $? = 1
configure: failed program was:
#line 33551 "configure"
#include "confdefs.h"

#include <stdio.h>
#if HAVE_SYS_TYPES_H
# include <sys/types.h>
#endif
#if HAVE_SYS_STAT_H
# include <sys/stat.h>
#endif
#if STDC_HEADERS
# include <stdlib.h>
# include <stddef.h>
#else
# if HAVE_STDLIB_H
#  include <stdlib.h>
# endif
#endif
#if HAVE_STRING_H
# if !STDC_HEADERS && HAVE_MEMORY_H
#  include <memory.h>
# endif
# include <string.h>
#endif
#if HAVE_STRINGS_H
# include <strings.h>
#endif
#if HAVE_INTTYPES_H
# include <inttypes.h>
#else
# if HAVE_STDINT_H
#  include <stdint.h>
# endif
#endif
#if HAVE_UNISTD_H
# include <unistd.h>
#endif
#include <string.h>
int
main (void)
{
#ifndef strstr
extern	int	strstr(void);
#endif
  ;
  return 0;
}
configure:33624: result: yes
configure:33643: checking for getgrgid declaration
configure:33665: musl-gcc -idirafter /home/ildar/kyronix-ports/net/lynx/kernel-headers -c -O2 -fno-link-libatomic -D_BSD_SOURCE -DLINUX -I/home/ildar/kyronix-ports/libs/openssl/stage/usr/include -I/home/ildar/kyronix-ports/libs/ncurses/obj-musl-static/include conftest.c >&5
configure: In function 'main':
configure:33690:12: error: conflicting types for 'getgrgid'; have 'int(void)'
In file included from configure:33685:
/usr/lib/musl/include/grp.h:26:16: note: previous declaration of 'getgrgid' with type 'struct group *(gid_t)' {aka 'struct group *(unsigned int)'}
   26 | struct group  *getgrgid(gid_t);
      |                ^~~~~~~~
configure:33668: $? = 1
configure: failed program was:
#line 33649 "configure"
#include "confdefs.h"

#include <stdio.h>
#if HAVE_SYS_TYPES_H
# include <sys/types.h>
#endif
#if HAVE_SYS_STAT_H
# include <sys/stat.h>
#endif
#if STDC_HEADERS
# include <stdlib.h>
# include <stddef.h>
#else
# if HAVE_STDLIB_H
#  include <stdlib.h>
# endif
#endif
#if HAVE_STRING_H
# if !STDC_HEADERS && HAVE_MEMORY_H
#  include <memory.h>
# endif
# include <string.h>
#endif
#if HAVE_STRINGS_H
# include <strings.h>
#endif
#if HAVE_INTTYPES_H
# include <inttypes.h>
#else
# if HAVE_STDINT_H
#  include <stdint.h>
# endif
#endif
#if HAVE_UNISTD_H
# include <unistd.h>
#endif
#include <grp.h>
int
main (void)
{
#ifndef getgrgid
extern	int	getgrgid(void);
#endif
  ;
  return 0;
}
configure:33722: result: yes
configure:33643: checking for getgrnam declaration
configure:33665: musl-gcc -idirafter /home/ildar/kyronix-ports/net/lynx/kernel-headers -c -O2 -fno-link-libatomic -D_BSD_SOURCE -DLINUX -I/home/ildar/kyronix-ports/libs/openssl/stage/usr/include -I/home/ildar/kyronix-ports/libs/ncurses/obj-musl-static/include conftest.c >&5
configure: In function 'main':
configure:33690:12: error: conflicting types for 'getgrnam'; have 'int(void)'
In file included from configure:33685:
/usr/lib/musl/include/grp.h:27:16: note: previous declaration of 'getgrnam' with type 'struct group *(const char *)'
   27 | struct group  *getgrnam(const char *);
      |                ^~~~~~~~
configure:33668: $? = 1
configure: failed program was:
#line 33649 "configure"
#include "confdefs.h"

#include <stdio.h>
#if HAVE_SYS_TYPES_H
# include <sys/types.h>
#endif
#if HAVE_SYS_STAT_H
# include <sys/stat.h>
#endif
#if STDC_HEADERS
# include <stdlib.h>
# include <stddef.h>
#else
# if HAVE_STDLIB_H
#  include <stdlib.h>
# endif
#endif
#if HAVE_STRING_H
# if !STDC_HEADERS && HAVE_MEMORY_H
#  include <memory.h>
# endif
# include <string.h>
#endif
#if HAVE_STRINGS_H
# include <strings.h>
#endif
#if HAVE_INTTYPES_H
# include <inttypes.h>
#else
# if HAVE_STDINT_H
#  include <stdint.h>
# endif
#endif
#if HAVE_UNISTD_H
# include <unistd.h>
#endif
#include <grp.h>
int
main (void)
{
#ifndef getgrnam
extern	int	getgrnam(void);
#endif
  ;
  return 0;
}
configure:33722: result: yes
configure:33738: checking if TRUE/FALSE are defined
configure:33759: musl-gcc -idirafter /home/ildar/kyronix-ports/net/lynx/kernel-headers -c -O2 -fno-link-libatomic -D_BSD_SOURCE -DLINUX -I/home/ildar/kyronix-ports/libs/openssl/stage/usr/include -I/home/ildar/kyronix-ports/libs/ncurses/obj-musl-static/include conftest.c >&5
configure:33762: $? = 0
configure:33765: test -s conftest.o
configure:33768: $? = 0
configure:33779: result: yes
configure:33793: checking if external errno is declared
configure:33814: musl-gcc -idirafter /home/ildar/kyronix-ports/net/lynx/kernel-headers -c -O2 -fno-link-libatomic -D_BSD_SOURCE -DLINUX -I/home/ildar/kyronix-ports/libs/openssl/stage/usr/include -I/home/ildar/kyronix-ports/libs/ncurses/obj-musl-static/include conftest.c >&5
configure:33817: $? = 0
configure:33820: test -s conftest.o
configure:33823: $? = 0
configure:33834: result: yes
configure:33849: checking if external errno exists
configure:33871: musl-gcc -idirafter /home/ildar/kyronix-ports/net/lynx/kernel-headers -o conftest -O2 -fno-link-libatomic -D_BSD_SOURCE -DLINUX -I/home/ildar/kyronix-ports/libs/openssl/stage/usr/include -I/home/ildar/kyronix-ports/libs/ncurses/obj-musl-static/include -L/home/ildar/kyronix-ports/libs/ncurses/obj-musl-static/lib -static conftest.c -lncurses -L/home/ildar/kyronix-ports/libs/openssl/stage/usr/lib64 -lssl -lcrypto  >&5
/usr/bin/ld: /tmp/ccwSGZcx.o: in function `main':
conftest.c:(.text.startup+0x2): undefined reference to `errno'
collect2: error: ld returned 1 exit status
configure:33874: $? = 1
configure: failed program was:
#line 33856 "configure"
#include "confdefs.h"

#undef errno
extern int errno;

int
main (void)
{
errno = 2
  ;
  return 0;
}
configure:33891: result: no
configure:33904: checking if we can set errno
configure:33958: musl-gcc -idirafter /home/ildar/kyronix-ports/net/lynx/kernel-headers -o conftest -O2 -fno-link-libatomic -D_BSD_SOURCE -DLINUX -I/home/ildar/kyronix-ports/libs/openssl/stage/usr/include -I/home/ildar/kyronix-ports/libs/ncurses/obj-musl-static/include -L/home/ildar/kyronix-ports/libs/ncurses/obj-musl-static/lib -static conftest.c -lncurses -L/home/ildar/kyronix-ports/libs/openssl/stage/usr/lib64 -lssl -lcrypto  >&5
configure:33961: $? = 0
configure:33963: ./conftest
configure:33966: $? = 0
configure:33979: result: yes
configure:33986: checking for setlocale()
configure:34007: musl-gcc -idirafter /home/ildar/kyronix-ports/net/lynx/kernel-headers -o conftest -O2 -fno-link-libatomic -D_BSD_SOURCE -DLINUX -I/home/ildar/kyronix-ports/libs/openssl/stage/usr/include -I/home/ildar/kyronix-ports/libs/ncurses/obj-musl-static/include -L/home/ildar/kyronix-ports/libs/ncurses/obj-musl-static/lib -static conftest.c -lncurses -L/home/ildar/kyronix-ports/libs/openssl/stage/usr/lib64 -lssl -lcrypto  >&5
configure:34010: $? = 0
configure:34013: test -s conftest
configure:34016: $? = 0
configure:34028: result: yes
configure:34039: checking for sys/param.h
configure:34074: result: yes
configure:34039: checking for limits.h
configure:34074: result: yes
configure:34084: checking if NGROUPS is defined
configure:34110: musl-gcc -idirafter /home/ildar/kyronix-ports/net/lynx/kernel-headers -c -O2 -fno-link-libatomic -D_BSD_SOURCE -DLINUX -I/home/ildar/kyronix-ports/libs/openssl/stage/usr/include -I/home/ildar/kyronix-ports/libs/ncurses/obj-musl-static/include conftest.c >&5
configure:34113: $? = 0
configure:34116: test -s conftest.o
configure:34119: $? = 0
configure:34166: result: yes
configure:34187: checking for strerror
configure:34224: musl-gcc -idirafter /home/ildar/kyronix-ports/net/lynx/kernel-headers -o conftest -O2 -fno-link-libatomic -D_BSD_SOURCE -DLINUX -I/home/ildar/kyronix-ports/libs/openssl/stage/usr/include -I/home/ildar/kyronix-ports/libs/ncurses/obj-musl-static/include -L/home/ildar/kyronix-ports/libs/ncurses/obj-musl-static/lib -static conftest.c -lncurses -L/home/ildar/kyronix-ports/libs/openssl/stage/usr/lib64 -lssl -lcrypto  >&5
configure:34227: $? = 0
configure:34230: test -s conftest
configure:34233: $? = 0
configure:34243: result: yes
configure:34480: checking for lastlog.h
configure:34490: musl-gcc -idirafter /home/ildar/kyronix-ports/net/lynx/kernel-headers -E -C -D_BSD_SOURCE -DLINUX -I/home/ildar/kyronix-ports/libs/openssl/stage/usr/include -I/home/ildar/kyronix-ports/libs/ncurses/obj-musl-static/include conftest.c
configure:34496: $? = 0
configure:34515: result: yes
configure:34480: checking for paths.h
configure:34490: musl-gcc -idirafter /home/ildar/kyronix-ports/net/lynx/kernel-headers -E -C -D_BSD_SOURCE -DLINUX -I/home/ildar/kyronix-ports/libs/openssl/stage/usr/include -I/home/ildar/kyronix-ports/libs/ncurses/obj-musl-static/include conftest.c
configure:34496: $? = 0
configure:34515: result: yes
configure:34525: checking for lastlog path
configure:34552: musl-gcc -idirafter /home/ildar/kyronix-ports/net/lynx/kernel-headers -c -O2 -fno-link-libatomic -D_BSD_SOURCE -DLINUX -I/home/ildar/kyronix-ports/libs/openssl/stage/usr/include -I/home/ildar/kyronix-ports/libs/ncurses/obj-musl-static/include conftest.c >&5
configure: In function 'main':
configure:34545:22: error: '_PATH_LASTLOG' undeclared (first use in this function)
configure:34545:22: note: each undeclared identifier is reported only once for each function it appears in
configure:34555: $? = 1
configure: failed program was:
#line 34532 "configure"
#include "confdefs.h"

#include <sys/types.h>
#ifdef HAVE_LASTLOG_H
#include <lastlog.h>
#else
#ifdef HAVE_PATHS_H
#include <paths.h>
#endif
#endif
int
main (void)
{
static char path[] = _PATH_LASTLOG; (void)path
  ;
  return 0;
}
configure:34576: result: no
configure:34583: checking for utmp implementation
configure:34616: musl-gcc -idirafter /home/ildar/kyronix-ports/net/lynx/kernel-headers -c -O2 -fno-link-libatomic -D_BSD_SOURCE -DLINUX -I/home/ildar/kyronix-ports/libs/openssl/stage/usr/include -I/home/ildar/kyronix-ports/libs/ncurses/obj-musl-static/include conftest.c >&5
configure: In function 'main':
configure:34613:17: error: 'struct utmpx' has no member named 'ut_name'
configure:34619: $? = 1
configure: failed program was:
#line 34600 "configure"
#include "confdefs.h"

#include <sys/types.h>
#include <utmpx.h>
#define getutent getutxent
#ifdef USE_LASTLOG
#include <lastlog.h>	/* may conflict with utmpx.h on Linux */
#endif

int
main (void)
{
struct utmpx x;
	 char *name = x.ut_name; /* utmp.h and compatible definitions */
	 (void)x;
	 (void)name;

  ;
  return 0;
}
configure:34650: musl-gcc -idirafter /home/ildar/kyronix-ports/net/lynx/kernel-headers -c -O2 -fno-link-libatomic -D_BSD_SOURCE -DLINUX -I/home/ildar/kyronix-ports/libs/openssl/stage/usr/include -I/home/ildar/kyronix-ports/libs/ncurses/obj-musl-static/include conftest.c >&5
configure:34653: $? = 0
configure:34656: test -s conftest.o
configure:34659: $? = 0
configure:34674: result: utmpx
configure:34689: checking if utmpx.ut_host is declared
configure:34713: musl-gcc -idirafter /home/ildar/kyronix-ports/net/lynx/kernel-headers -c -O2 -fno-link-libatomic -D_BSD_SOURCE -DLINUX -I/home/ildar/kyronix-ports/libs/openssl/stage/usr/include -I/home/ildar/kyronix-ports/libs/ncurses/obj-musl-static/include conftest.c >&5
configure:34716: $? = 0
configure:34719: test -s conftest.o
configure:34722: $? = 0
configure:34734: result: yes
configure:34744: checking if utmpx.ut_syslen is declared
configure:34768: musl-gcc -idirafter /home/ildar/kyronix-ports/net/lynx/kernel-headers -c -O2 -fno-link-libatomic -D_BSD_SOURCE -DLINUX -I/home/ildar/kyronix-ports/libs/openssl/stage/usr/include -I/home/ildar/kyronix-ports/libs/ncurses/obj-musl-static/include conftest.c >&5
configure: In function 'main':
configure:34759:12: error: 'struct utmpx' has no member named 'ut_syslen'
configure:34771: $? = 1
configure: failed program was:
#line 34751 "configure"
#include "confdefs.h"

#include <sys/types.h>
#include <utmpx.h>
int
main (void)
{
struct utmpx x;
	 int y = x.ut_syslen;
	 (void)x;
	 (void)y
  ;
  return 0;
}
configure:34789: result: no
configure:34799: checking if utmpx.ut_name is declared
configure:34832: musl-gcc -idirafter /home/ildar/kyronix-ports/net/lynx/kernel-headers -c -O2 -fno-link-libatomic -D_BSD_SOURCE -DLINUX -I/home/ildar/kyronix-ports/libs/openssl/stage/usr/include -I/home/ildar/kyronix-ports/libs/ncurses/obj-musl-static/include conftest.c >&5
configure: In function 'main':
configure:34829:17: error: 'struct utmpx' has no member named 'ut_name'
configure:34835: $? = 1
configure: failed program was:
#line 34816 "configure"
#include "confdefs.h"

#include <sys/types.h>
#include <utmpx.h>
#define getutent getutxent
#ifdef USE_LASTLOG
#include <lastlog.h>		/* may conflict with utmpx.h on Linux */
#endif

int
main (void)
{
struct utmpx x;
	 char *name = x.ut_name;
	 (void)x;
	 (void)name;

  ;
  return 0;
}
configure:34832: musl-gcc -idirafter /home/ildar/kyronix-ports/net/lynx/kernel-headers -c -O2 -fno-link-libatomic -D_BSD_SOURCE -DLINUX -I/home/ildar/kyronix-ports/libs/openssl/stage/usr/include -I/home/ildar/kyronix-ports/libs/ncurses/obj-musl-static/include conftest.c >&5
configure:34835: $? = 0
configure:34838: test -s conftest.o
configure:34841: $? = 0
configure:34853: result: ut_user
configure:34873: checking for exit-status in utmpx
configure:34903: musl-gcc -idirafter /home/ildar/kyronix-ports/net/lynx/kernel-headers -c -O2 -fno-link-libatomic -D_BSD_SOURCE -DLINUX -I/home/ildar/kyronix-ports/libs/openssl/stage/usr/include -I/home/ildar/kyronix-ports/libs/ncurses/obj-musl-static/include conftest.c >&5
configure:34906: $? = 0
configure:34909: test -s conftest.o
configure:34912: $? = 0
configure:34925: result: ut_exit.__e_exit
configure:34941: checking if utmpx.ut_xtime is declared
configure:34965: musl-gcc -idirafter /home/ildar/kyronix-ports/net/lynx/kernel-headers -c -O2 -fno-link-libatomic -D_BSD_SOURCE -DLINUX -I/home/ildar/kyronix-ports/libs/openssl/stage/usr/include -I/home/ildar/kyronix-ports/libs/ncurses/obj-musl-static/include conftest.c >&5
configure: In function 'main':
configure:34956:13: error: 'struct utmpx' has no member named 'ut_xtime'
configure:34968: $? = 1
configure: failed program was:
#line 34948 "configure"
#include "confdefs.h"

#include <sys/types.h>
#include <utmpx.h>
int
main (void)
{
struct utmpx x;
	 long y = x.ut_xtime = 0;
	 (void)x;
	 (void)y
  ;
  return 0;
}
configure:34998: musl-gcc -idirafter /home/ildar/kyronix-ports/net/lynx/kernel-headers -c -O2 -fno-link-libatomic -D_BSD_SOURCE -DLINUX -I/home/ildar/kyronix-ports/libs/openssl/stage/usr/include -I/home/ildar/kyronix-ports/libs/ncurses/obj-musl-static/include conftest.c >&5
configure:35001: $? = 0
configure:35004: test -s conftest.o
configure:35007: $? = 0
configure:35021: result: define
configure:35040: checking if utmpx.ut_session is declared
configure:35064: musl-gcc -idirafter /home/ildar/kyronix-ports/net/lynx/kernel-headers -c -O2 -fno-link-libatomic -D_BSD_SOURCE -DLINUX -I/home/ildar/kyronix-ports/libs/openssl/stage/usr/include -I/home/ildar/kyronix-ports/libs/ncurses/obj-musl-static/include conftest.c >&5
configure:35067: $? = 0
configure:35070: test -s conftest.o
configure:35073: $? = 0
configure:35084: result: yes
configure:35095: checking if utmpx is SYSV flavor
configure:35122: musl-gcc -idirafter /home/ildar/kyronix-ports/net/lynx/kernel-headers -o conftest -O2 -fno-link-libatomic -D_BSD_SOURCE -DLINUX -I/home/ildar/kyronix-ports/libs/openssl/stage/usr/include -I/home/ildar/kyronix-ports/libs/ncurses/obj-musl-static/include -L/home/ildar/kyronix-ports/libs/ncurses/obj-musl-static/lib -static conftest.c -lncurses -L/home/ildar/kyronix-ports/libs/openssl/stage/usr/lib64 -lssl -lcrypto  >&5
configure:35125: $? = 0
configure:35128: test -s conftest
configure:35131: $? = 0
configure:35142: result: yes
configure:35151: checking if external h_errno exists
configure:35173: musl-gcc -idirafter /home/ildar/kyronix-ports/net/lynx/kernel-headers -o conftest -O2 -fno-link-libatomic -D_BSD_SOURCE -DLINUX -I/home/ildar/kyronix-ports/libs/openssl/stage/usr/include -I/home/ildar/kyronix-ports/libs/ncurses/obj-musl-static/include -L/home/ildar/kyronix-ports/libs/ncurses/obj-musl-static/lib -static conftest.c -lncurses -L/home/ildar/kyronix-ports/libs/openssl/stage/usr/lib64 -lssl -lcrypto  >&5
configure:35176: $? = 0
configure:35179: test -s conftest
configure:35182: $? = 0
configure:35193: result: yes
configure:35206: checking if bibp: URLs should be supported
configure:35223: result: yes
configure:35230: checking if configuration info should be browsable
configure:35247: result: yes
configure:35254: checking if new-style forms-based options screen should be used
configure:35271: result: yes
configure:35278: checking if old-style options menu should be used
configure:35295: result: yes
configure:35302: checking if sessions code should be used
configure:35319: result: yes
configure:35330: checking if session-caching code should be used
configure:35347: result: yes
configure:35357: checking if address-list page should be used
configure:35374: result: yes
configure:35381: checking if support for CJK should be used
configure:35398: result: yes
configure:35664: checking for iconv
configure:36073: result: yes
configure:36082: checking if the declaration of iconv() needs const.
configure:36133: result: no
configure:36269: checking if experimental support for Chinese UTF-8 should be used
configure:36286: result: yes
configure:36297: checking if support for Japanese UTF-8 should be used
configure:36314: result: yes
configure:36347: checking if you want to use default-colors
configure:36364: result: no
configure:36373: checking if experimental keyboard-layout logic should be used
configure:36390: result: no
configure:36397: checking if experimental nested-table logic should be used
configure:36414: result: no
configure:36421: checking if alternative line-edit bindings should be used
configure:36438: result: yes
configure:36445: checking if ascii case-conversion should be used
configure:36462: result: yes
configure:36469: checking if you want to use extended HTML DTD logic
configure:36486: result: yes
configure:36493: checking if file-upload logic should be used
configure:36510: result: yes
configure:36517: checking if IDNA support should be used
configure:36534: result: yes
configure:36795: testing Starting FIND_LINKAGE(idn2,) ...
configure:36819: musl-gcc -idirafter /home/ildar/kyronix-ports/net/lynx/kernel-headers -o conftest -O2 -fno-link-libatomic -D_BSD_SOURCE -DLINUX -I/home/ildar/kyronix-ports/libs/openssl/stage/usr/include -I/home/ildar/kyronix-ports/libs/ncurses/obj-musl-static/include -L/home/ildar/kyronix-ports/libs/ncurses/obj-musl-static/lib -static conftest.c  -lncurses -L/home/ildar/kyronix-ports/libs/openssl/stage/usr/lib64 -lssl -lcrypto  >&5
configure:36836:10: fatal error: idn2.h: No such file or directory
compilation terminated.
configure:36822: $? = 1
configure: failed program was:
#line 36800 "configure"
#include "confdefs.h"

#include <stdio.h>
#if HAVE_SYS_TYPES_H
# include <sys/types.h>
#endif
#if HAVE_SYS_STAT_H
# include <sys/stat.h>
#endif
#if STDC_HEADERS
# include <stdlib.h>
# include <stddef.h>
#else
# if HAVE_STDLIB_H
#  include <stdlib.h>
# endif
#endif
#if HAVE_STRING_H
# if !STDC_HEADERS && HAVE_MEMORY_H
#  include <memory.h>
# endif
# include <string.h>
#endif
#if HAVE_STRINGS_H
# include <strings.h>
#endif
#if HAVE_INTTYPES_H
# include <inttypes.h>
#else
# if HAVE_STDINT_H
#  include <stdint.h>
# endif
#endif
#if HAVE_UNISTD_H
# include <unistd.h>
#endif
#include <idn2.h>

int
main (void)
{

	char *output = (char*)0;
	int code = idn2_to_ascii_8z("name", &output, IDN2_USE_STD3_ASCII_RULES);
	(void) code;

  ;
  return 0;
}
configure:36861: musl-gcc -idirafter /home/ildar/kyronix-ports/net/lynx/kernel-headers -o conftest -O2 -fno-link-libatomic -D_BSD_SOURCE -DLINUX -I/home/ildar/kyronix-ports/libs/openssl/stage/usr/include -I/home/ildar/kyronix-ports/libs/ncurses/obj-musl-static/include -L/home/ildar/kyronix-ports/libs/ncurses/obj-musl-static/lib -static conftest.c -lidn2   -lncurses -L/home/ildar/kyronix-ports/libs/openssl/stage/usr/lib64 -lssl -lcrypto  >&5
configure:36878:10: fatal error: idn2.h: No such file or directory
compilation terminated.
configure:36864: $? = 1
configure: failed program was:
#line 36842 "configure"
#include "confdefs.h"

#include <stdio.h>
#if HAVE_SYS_TYPES_H
# include <sys/types.h>
#endif
#if HAVE_SYS_STAT_H
# include <sys/stat.h>
#endif
#if STDC_HEADERS
# include <stdlib.h>
# include <stddef.h>
#else
# if HAVE_STDLIB_H
#  include <stdlib.h>
# endif
#endif
#if HAVE_STRING_H
# if !STDC_HEADERS && HAVE_MEMORY_H
#  include <memory.h>
# endif
# include <string.h>
#endif
#if HAVE_STRINGS_H
# include <strings.h>
#endif
#if HAVE_INTTYPES_H
# include <inttypes.h>
#else
# if HAVE_STDINT_H
#  include <stdint.h>
# endif
#endif
#if HAVE_UNISTD_H
# include <unistd.h>
#endif
#include <idn2.h>

int
main (void)
{

	char *output = (char*)0;
	int code = idn2_to_ascii_8z("name", &output, IDN2_USE_STD3_ASCII_RULES);
	(void) code;

  ;
  return 0;
}
configure:36887: testing find linkage for idn2 library ...
configure:36889: testing Searching for headers in FIND_LINKAGE(idn2,) ...
configure:36980: testing ... testing /usr/include ...
configure:37007: musl-gcc -idirafter /home/ildar/kyronix-ports/net/lynx/kernel-headers -c -O2 -fno-link-libatomic -D_BSD_SOURCE -DLINUX -I/home/ildar/kyronix-ports/libs/openssl/stage/usr/include -I/home/ildar/kyronix-ports/libs/ncurses/obj-musl-static/include -I/usr/include conftest.c >&5
In file included from /usr/include/bits/libc-header-start.h:33,
                 from /usr/include/stdio.h:28,
                 from configure:36990:
/usr/include/features.h:205:3: warning: #warning "_BSD_SOURCE and _SVID_SOURCE are deprecated, use _DEFAULT_SOURCE" [-Wcpp]
  205 | # warning "_BSD_SOURCE and _SVID_SOURCE are deprecated, use _DEFAULT_SOURCE"
      |   ^~~~~~~
/usr/include/stdio.h:57:9: error: unknown type name '__gnuc_va_list'
   57 | typedef __gnuc_va_list va_list;
      |         ^~~~~~~~~~~~~~
/usr/include/stdio.h:57:24: error: conflicting types for 'va_list'; have 'int'
   57 | typedef __gnuc_va_list va_list;
      |                        ^~~~~~~
In file included from /usr/lib/musl/include/stdarg.h:10,
                 from /usr/include/stdio.h:41:
/usr/lib/musl/include/bits/alltypes.h:326:27: note: previous declaration of 'va_list' with type 'va_list' {aka '__va_list_tag[1]'}
  326 | typedef __builtin_va_list va_list;
      |                           ^~~~~~~
/usr/include/stdio.h:380:22: error: unknown type name '__gnuc_va_list'
  380 |                      __gnuc_va_list __arg) __nonnull ((1));
      |                      ^~~~~~~~~~~~~~
/usr/include/stdio.h:385:54: error: unknown type name '__gnuc_va_list'
  385 | extern int vprintf (const char *__restrict __format, __gnuc_va_list __arg);
      |                                                      ^~~~~~~~~~~~~~
/usr/include/stdio.h:388:22: error: unknown type name '__gnuc_va_list'
  388 |                      __gnuc_va_list __arg) __THROWNL;
      |                      ^~~~~~~~~~~~~~
/usr/include/stdio.h:397:56: error: unknown type name '__gnuc_va_list'
  397 |                       const char *__restrict __format, __gnuc_va_list __arg)
      |                                                        ^~~~~~~~~~~~~~
/usr/include/stdio.h:405:23: error: unknown type name '__gnuc_va_list'
  405 |                       __gnuc_va_list __arg)
      |                       ^~~~~~~~~~~~~~
/usr/include/stdio.h:418:22: error: unknown type name '__gnuc_va_list'
  418 |                      __gnuc_va_list __arg)
      |                      ^~~~~~~~~~~~~~
/usr/include/stdio.h:498:21: error: unknown type name '__gnuc_va_list'
  498 |                     __gnuc_va_list __arg)
      |                     ^~~~~~~~~~~~~~
/usr/include/stdio.h:505:53: error: unknown type name '__gnuc_va_list'
  505 | extern int vscanf (const char *__restrict __format, __gnuc_va_list __arg)
      |                                                     ^~~~~~~~~~~~~~
/usr/include/stdio.h:510:54: error: unknown type name '__gnuc_va_list'
  510 |                     const char *__restrict __format, __gnuc_va_list __arg)
      |                                                      ^~~~~~~~~~~~~~
In file included from /usr/include/features.h:540:
/usr/include/stdio.h:520:58: error: unknown type name '__gnuc_va_list'
  520 |                         const char *__restrict __format, __gnuc_va_list __arg),
      |                                                          ^~~~~~~~~~~~~~
/usr/include/sys/cdefs.h:410:46: note: in definition of macro '__REDIRECT'
  410 | # define __REDIRECT(name, proto, alias) name proto __asm__ (__ASMNAME (#alias))
      |                                              ^~~~~
/usr/include/stdio.h:524:33: error: unknown type name '__gnuc_va_list'
  524 |                                 __gnuc_va_list __arg), __isoc23_vscanf)
      |                                 ^~~~~~~~~~~~~~
/usr/include/sys/cdefs.h:410:46: note: in definition of macro '__REDIRECT'
  410 | # define __REDIRECT(name, proto, alias) name proto __asm__ (__ASMNAME (#alias))
      |                                              ^~~~~
/usr/include/stdio.h:529:29: error: unknown type name '__gnuc_va_list'
  529 |                             __gnuc_va_list __arg), __isoc23_vsscanf)
      |                             ^~~~~~~~~~~~~~
/usr/include/sys/cdefs.h:418:11: note: in definition of macro '__REDIRECT_NTH'
  418 |      name proto __asm__ (__ASMNAME (#alias)) __THROW
      |           ^~~~~
In file included from /usr/include/stdio.h:970:
/usr/include/bits/stdio.h:39:40: error: unknown type name '__gnuc_va_list'
   39 | vprintf (const char *__restrict __fmt, __gnuc_va_list __arg)
      |                                        ^~~~~~~~~~~~~~
In file included from /usr/include/bits/endian.h:35,
                 from /usr/include/endian.h:24,
                 from /usr/include/sys/types.h:176,
                 from configure:36992:
/usr/include/bits/endianness.h:9:9: warning: '__BYTE_ORDER' redefined
    9 | #define __BYTE_ORDER __LITTLE_ENDIAN
      |         ^~~~~~~~~~~~
/usr/lib/musl/include/bits/alltypes.h:5:9: note: this is the location of the previous definition
    5 | #define __BYTE_ORDER 1234
      |         ^~~~~~~~~~~~
configure:37010: $? = 1
configure: failed program was:
#line 36988 "configure"
#include "confdefs.h"

#include <stdio.h>
#if HAVE_SYS_TYPES_H
# include <sys/types.h>
#endif
#if HAVE_SYS_STAT_H
# include <sys/stat.h>
#endif
#if STDC_HEADERS
# include <stdlib.h>
# include <stddef.h>
#else
# if HAVE_STDLIB_H
#  include <stdlib.h>
# endif
#endif
#if HAVE_STRING_H
# if !STDC_HEADERS && HAVE_MEMORY_H
#  include <memory.h>
# endif
# include <string.h>
#endif
#if HAVE_STRINGS_H
# include <strings.h>
#endif
#if HAVE_INTTYPES_H
# include <inttypes.h>
#else
# if HAVE_STDINT_H
#  include <stdint.h>
# endif
#endif
#if HAVE_UNISTD_H
# include <unistd.h>
#endif
#include <idn2.h>

int
main (void)
{

	char *output = (char*)0;
	int code = idn2_to_ascii_8z("name", &output, IDN2_USE_STD3_ASCII_RULES);
	(void) code;

  ;
  return 0;
}
configure:36980: testing ... testing /usr/local/include ...
configure:37007: musl-gcc -idirafter /home/ildar/kyronix-ports/net/lynx/kernel-headers -c -O2 -fno-link-libatomic -D_BSD_SOURCE -DLINUX -I/home/ildar/kyronix-ports/libs/openssl/stage/usr/include -I/home/ildar/kyronix-ports/libs/ncurses/obj-musl-static/include -I/usr/local/include conftest.c >&5
configure:37024:10: fatal error: idn2.h: No such file or directory
compilation terminated.
configure:37010: $? = 1
configure: failed program was:
#line 36988 "configure"
#include "confdefs.h"

#include <stdio.h>
#if HAVE_SYS_TYPES_H
# include <sys/types.h>
#endif
#if HAVE_SYS_STAT_H
# include <sys/stat.h>
#endif
#if STDC_HEADERS
# include <stdlib.h>
# include <stddef.h>
#else
# if HAVE_STDLIB_H
#  include <stdlib.h>
# endif
#endif
#if HAVE_STRING_H
# if !STDC_HEADERS && HAVE_MEMORY_H
#  include <memory.h>
# endif
# include <string.h>
#endif
#if HAVE_STRINGS_H
# include <strings.h>
#endif
#if HAVE_INTTYPES_H
# include <inttypes.h>
#else
# if HAVE_STDINT_H
#  include <stdint.h>
# endif
#endif
#if HAVE_UNISTD_H
# include <unistd.h>
#endif
#include <idn2.h>

int
main (void)
{

	char *output = (char*)0;
	int code = idn2_to_ascii_8z("name", &output, IDN2_USE_STD3_ASCII_RULES);
	(void) code;

  ;
  return 0;
}
configure:36980: testing ... testing /home/ildar/kyronix-ports/libs/openssl/stage/usr/include ...
configure:37007: musl-gcc -idirafter /home/ildar/kyronix-ports/net/lynx/kernel-headers -c -O2 -fno-link-libatomic -D_BSD_SOURCE -DLINUX -I/home/ildar/kyronix-ports/libs/openssl/stage/usr/include -I/home/ildar/kyronix-ports/libs/ncurses/obj-musl-static/include -I/home/ildar/kyronix-ports/libs/openssl/stage/usr/include conftest.c >&5
configure:37024:10: fatal error: idn2.h: No such file or directory
compilation terminated.
configure:37010: $? = 1
configure: failed program was:
#line 36988 "configure"
#include "confdefs.h"

#include <stdio.h>
#if HAVE_SYS_TYPES_H
# include <sys/types.h>
#endif
#if HAVE_SYS_STAT_H
# include <sys/stat.h>
#endif
#if STDC_HEADERS
# include <stdlib.h>
# include <stddef.h>
#else
# if HAVE_STDLIB_H
#  include <stdlib.h>
# endif
#endif
#if HAVE_STRING_H
# if !STDC_HEADERS && HAVE_MEMORY_H
#  include <memory.h>
# endif
# include <string.h>
#endif
#if HAVE_STRINGS_H
# include <strings.h>
#endif
#if HAVE_INTTYPES_H
# include <inttypes.h>
#else
# if HAVE_STDINT_H
#  include <stdint.h>
# endif
#endif
#if HAVE_UNISTD_H
# include <unistd.h>
#endif
#include <idn2.h>

int
main (void)
{

	char *output = (char*)0;
	int code = idn2_to_ascii_8z("name", &output, IDN2_USE_STD3_ASCII_RULES);
	(void) code;

  ;
  return 0;
}
configure:36980: testing ... testing /home/ildar/kyronix-ports/libs/openssl/stage/usr/include ...
configure:37007: musl-gcc -idirafter /home/ildar/kyronix-ports/net/lynx/kernel-headers -c -O2 -fno-link-libatomic -D_BSD_SOURCE -DLINUX -I/home/ildar/kyronix-ports/libs/openssl/stage/usr/include -I/home/ildar/kyronix-ports/libs/ncurses/obj-musl-static/include -I/home/ildar/kyronix-ports/libs/openssl/stage/usr/include conftest.c >&5
configure:37024:10: fatal error: idn2.h: No such file or directory
compilation terminated.
configure:37010: $? = 1
configure: failed program was:
#line 36988 "configure"
#include "confdefs.h"

#include <stdio.h>
#if HAVE_SYS_TYPES_H
# include <sys/types.h>
#endif
#if HAVE_SYS_STAT_H
# include <sys/stat.h>
#endif
#if STDC_HEADERS
# include <stdlib.h>
# include <stddef.h>
#else
# if HAVE_STDLIB_H
#  include <stdlib.h>
# endif
#endif
#if HAVE_STRING_H
# if !STDC_HEADERS && HAVE_MEMORY_H
#  include <memory.h>
# endif
# include <string.h>
#endif
#if HAVE_STRINGS_H
# include <strings.h>
#endif
#if HAVE_INTTYPES_H
# include <inttypes.h>
#else
# if HAVE_STDINT_H
#  include <stdint.h>
# endif
#endif
#if HAVE_UNISTD_H
# include <unistd.h>
#endif
#include <idn2.h>

int
main (void)
{

	char *output = (char*)0;
	int code = idn2_to_ascii_8z("name", &output, IDN2_USE_STD3_ASCII_RULES);
	(void) code;

  ;
  return 0;
}
configure:36980: testing ... testing /home/ildar/kyronix-ports/libs/ncurses/obj-musl-static/include ...
configure:37007: musl-gcc -idirafter /home/ildar/kyronix-ports/net/lynx/kernel-headers -c -O2 -fno-link-libatomic -D_BSD_SOURCE -DLINUX -I/home/ildar/kyronix-ports/libs/openssl/stage/usr/include -I/home/ildar/kyronix-ports/libs/ncurses/obj-musl-static/include -I/home/ildar/kyronix-ports/libs/ncurses/obj-musl-static/include conftest.c >&5
configure:37024:10: fatal error: idn2.h: No such file or directory
compilation terminated.
configure:37010: $? = 1
configure: failed program was:
#line 36988 "configure"
#include "confdefs.h"

#include <stdio.h>
#if HAVE_SYS_TYPES_H
# include <sys/types.h>
#endif
#if HAVE_SYS_STAT_H
# include <sys/stat.h>
#endif
#if STDC_HEADERS
# include <stdlib.h>
# include <stddef.h>
#else
# if HAVE_STDLIB_H
#  include <stdlib.h>
# endif
#endif
#if HAVE_STRING_H
# if !STDC_HEADERS && HAVE_MEMORY_H
#  include <memory.h>
# endif
# include <string.h>
#endif
#if HAVE_STRINGS_H
# include <strings.h>
#endif
#if HAVE_INTTYPES_H
# include <inttypes.h>
#else
# if HAVE_STDINT_H
#  include <stdint.h>
# endif
#endif
#if HAVE_UNISTD_H
# include <unistd.h>
#endif
#include <idn2.h>

int
main (void)
{

	char *output = (char*)0;
	int code = idn2_to_ascii_8z("name", &output, IDN2_USE_STD3_ASCII_RULES);
	(void) code;

  ;
  return 0;
}
configure:37316: testing unsuccessful, will try idn (older) ...
configure:37336: testing Starting FIND_LINKAGE(idn,) ...
configure:37360: musl-gcc -idirafter /home/ildar/kyronix-ports/net/lynx/kernel-headers -o conftest -O2 -fno-link-libatomic -D_BSD_SOURCE -DLINUX -I/home/ildar/kyronix-ports/libs/openssl/stage/usr/include -I/home/ildar/kyronix-ports/libs/ncurses/obj-musl-static/include -L/home/ildar/kyronix-ports/libs/ncurses/obj-musl-static/lib -static conftest.c  -lncurses -L/home/ildar/kyronix-ports/libs/openssl/stage/usr/lib64 -lssl -lcrypto  >&5
configure:37344:10: fatal error: idna.h: No such file or directory
compilation terminated.
configure:37363: $? = 1
configure: failed program was:
#line 37341 "configure"
#include "confdefs.h"

#include <stdio.h>
#include <idna.h>

int
main (void)
{

	char *output = 0;
	int code = idna_to_ascii_8z("name", &output, IDNA_USE_STD3_ASCII_RULES);
	(void) code;

  ;
  return 0;
}
configure:37402: musl-gcc -idirafter /home/ildar/kyronix-ports/net/lynx/kernel-headers -o conftest -O2 -fno-link-libatomic -D_BSD_SOURCE -DLINUX -I/home/ildar/kyronix-ports/libs/openssl/stage/usr/include -I/home/ildar/kyronix-ports/libs/ncurses/obj-musl-static/include -L/home/ildar/kyronix-ports/libs/ncurses/obj-musl-static/lib -static conftest.c -lidn   -lncurses -L/home/ildar/kyronix-ports/libs/openssl/stage/usr/lib64 -lssl -lcrypto  >&5
configure:37386:10: fatal error: idna.h: No such file or directory
compilation terminated.
configure:37405: $? = 1
configure: failed program was:
#line 37383 "configure"
#include "confdefs.h"

#include <stdio.h>
#include <idna.h>

int
main (void)
{

	char *output = 0;
	int code = idna_to_ascii_8z("name", &output, IDNA_USE_STD3_ASCII_RULES);
	(void) code;

  ;
  return 0;
}
configure:37428: testing find linkage for idn library ...
configure:37430: testing Searching for headers in FIND_LINKAGE(idn,) ...
configure:37521: testing ... testing /usr/include ...
configure:37548: musl-gcc -idirafter /home/ildar/kyronix-ports/net/lynx/kernel-headers -c -O2 -fno-link-libatomic -D_BSD_SOURCE -DLINUX -I/home/ildar/kyronix-ports/libs/openssl/stage/usr/include -I/home/ildar/kyronix-ports/libs/ncurses/obj-musl-static/include -I/usr/include conftest.c >&5
In file included from /usr/include/bits/libc-header-start.h:33,
                 from /usr/include/stdio.h:28,
                 from configure:37531:
/usr/include/features.h:205:3: warning: #warning "_BSD_SOURCE and _SVID_SOURCE are deprecated, use _DEFAULT_SOURCE" [-Wcpp]
  205 | # warning "_BSD_SOURCE and _SVID_SOURCE are deprecated, use _DEFAULT_SOURCE"
      |   ^~~~~~~
/usr/include/stdio.h:57:9: error: unknown type name '__gnuc_va_list'
   57 | typedef __gnuc_va_list va_list;
      |         ^~~~~~~~~~~~~~
/usr/include/stdio.h:57:24: error: conflicting types for 'va_list'; have 'int'
   57 | typedef __gnuc_va_list va_list;
      |                        ^~~~~~~
In file included from /usr/lib/musl/include/stdarg.h:10,
                 from /usr/include/stdio.h:41:
/usr/lib/musl/include/bits/alltypes.h:326:27: note: previous declaration of 'va_list' with type 'va_list' {aka '__va_list_tag[1]'}
  326 | typedef __builtin_va_list va_list;
      |                           ^~~~~~~
/usr/include/stdio.h:380:22: error: unknown type name '__gnuc_va_list'
  380 |                      __gnuc_va_list __arg) __nonnull ((1));
      |                      ^~~~~~~~~~~~~~
/usr/include/stdio.h:385:54: error: unknown type name '__gnuc_va_list'
  385 | extern int vprintf (const char *__restrict __format, __gnuc_va_list __arg);
      |                                                      ^~~~~~~~~~~~~~
/usr/include/stdio.h:388:22: error: unknown type name '__gnuc_va_list'
  388 |                      __gnuc_va_list __arg) __THROWNL;
      |                      ^~~~~~~~~~~~~~
/usr/include/stdio.h:397:56: error: unknown type name '__gnuc_va_list'
  397 |                       const char *__restrict __format, __gnuc_va_list __arg)
      |                                                        ^~~~~~~~~~~~~~
/usr/include/stdio.h:405:23: error: unknown type name '__gnuc_va_list'
  405 |                       __gnuc_va_list __arg)
      |                       ^~~~~~~~~~~~~~
/usr/include/stdio.h:418:22: error: unknown type name '__gnuc_va_list'
  418 |                      __gnuc_va_list __arg)
      |                      ^~~~~~~~~~~~~~
/usr/include/stdio.h:498:21: error: unknown type name '__gnuc_va_list'
  498 |                     __gnuc_va_list __arg)
      |                     ^~~~~~~~~~~~~~
/usr/include/stdio.h:505:53: error: unknown type name '__gnuc_va_list'
  505 | extern int vscanf (const char *__restrict __format, __gnuc_va_list __arg)
      |                                                     ^~~~~~~~~~~~~~
/usr/include/stdio.h:510:54: error: unknown type name '__gnuc_va_list'
  510 |                     const char *__restrict __format, __gnuc_va_list __arg)
      |                                                      ^~~~~~~~~~~~~~
In file included from /usr/include/features.h:540:
/usr/include/stdio.h:520:58: error: unknown type name '__gnuc_va_list'
  520 |                         const char *__restrict __format, __gnuc_va_list __arg),
      |                                                          ^~~~~~~~~~~~~~
/usr/include/sys/cdefs.h:410:46: note: in definition of macro '__REDIRECT'
  410 | # define __REDIRECT(name, proto, alias) name proto __asm__ (__ASMNAME (#alias))
      |                                              ^~~~~
/usr/include/stdio.h:524:33: error: unknown type name '__gnuc_va_list'
  524 |                                 __gnuc_va_list __arg), __isoc23_vscanf)
      |                                 ^~~~~~~~~~~~~~
/usr/include/sys/cdefs.h:410:46: note: in definition of macro '__REDIRECT'
  410 | # define __REDIRECT(name, proto, alias) name proto __asm__ (__ASMNAME (#alias))
      |                                              ^~~~~
/usr/include/stdio.h:529:29: error: unknown type name '__gnuc_va_list'
  529 |                             __gnuc_va_list __arg), __isoc23_vsscanf)
      |                             ^~~~~~~~~~~~~~
/usr/include/sys/cdefs.h:418:11: note: in definition of macro '__REDIRECT_NTH'
  418 |      name proto __asm__ (__ASMNAME (#alias)) __THROW
      |           ^~~~~
In file included from /usr/include/stdio.h:970:
/usr/include/bits/stdio.h:39:40: error: unknown type name '__gnuc_va_list'
   39 | vprintf (const char *__restrict __fmt, __gnuc_va_list __arg)
      |                                        ^~~~~~~~~~~~~~
configure:37551: $? = 1
configure: failed program was:
#line 37529 "configure"
#include "confdefs.h"

#include <stdio.h>
#include <idna.h>

int
main (void)
{

	char *output = 0;
	int code = idna_to_ascii_8z("name", &output, IDNA_USE_STD3_ASCII_RULES);
	(void) code;

  ;
  return 0;
}
configure:37521: testing ... testing /usr/local/include ...
configure:37548: musl-gcc -idirafter /home/ildar/kyronix-ports/net/lynx/kernel-headers -c -O2 -fno-link-libatomic -D_BSD_SOURCE -DLINUX -I/home/ildar/kyronix-ports/libs/openssl/stage/usr/include -I/home/ildar/kyronix-ports/libs/ncurses/obj-musl-static/include -I/usr/local/include conftest.c >&5
configure:37532:10: fatal error: idna.h: No such file or directory
compilation terminated.
configure:37551: $? = 1
configure: failed program was:
#line 37529 "configure"
#include "confdefs.h"

#include <stdio.h>
#include <idna.h>

int
main (void)
{

	char *output = 0;
	int code = idna_to_ascii_8z("name", &output, IDNA_USE_STD3_ASCII_RULES);
	(void) code;

  ;
  return 0;
}
configure:37521: testing ... testing /home/ildar/kyronix-ports/libs/openssl/stage/usr/include ...
configure:37548: musl-gcc -idirafter /home/ildar/kyronix-ports/net/lynx/kernel-headers -c -O2 -fno-link-libatomic -D_BSD_SOURCE -DLINUX -I/home/ildar/kyronix-ports/libs/openssl/stage/usr/include -I/home/ildar/kyronix-ports/libs/ncurses/obj-musl-static/include -I/home/ildar/kyronix-ports/libs/openssl/stage/usr/include conftest.c >&5
configure:37532:10: fatal error: idna.h: No such file or directory
compilation terminated.
configure:37551: $? = 1
configure: failed program was:
#line 37529 "configure"
#include "confdefs.h"

#include <stdio.h>
#include <idna.h>

int
main (void)
{

	char *output = 0;
	int code = idna_to_ascii_8z("name", &output, IDNA_USE_STD3_ASCII_RULES);
	(void) code;

  ;
  return 0;
}
configure:37521: testing ... testing /home/ildar/kyronix-ports/libs/openssl/stage/usr/include ...
configure:37548: musl-gcc -idirafter /home/ildar/kyronix-ports/net/lynx/kernel-headers -c -O2 -fno-link-libatomic -D_BSD_SOURCE -DLINUX -I/home/ildar/kyronix-ports/libs/openssl/stage/usr/include -I/home/ildar/kyronix-ports/libs/ncurses/obj-musl-static/include -I/home/ildar/kyronix-ports/libs/openssl/stage/usr/include conftest.c >&5
configure:37532:10: fatal error: idna.h: No such file or directory
compilation terminated.
configure:37551: $? = 1
configure: failed program was:
#line 37529 "configure"
#include "confdefs.h"

#include <stdio.h>
#include <idna.h>

int
main (void)
{

	char *output = 0;
	int code = idna_to_ascii_8z("name", &output, IDNA_USE_STD3_ASCII_RULES);
	(void) code;

  ;
  return 0;
}
configure:37521: testing ... testing /home/ildar/kyronix-ports/libs/ncurses/obj-musl-static/include ...
configure:37548: musl-gcc -idirafter /home/ildar/kyronix-ports/net/lynx/kernel-headers -c -O2 -fno-link-libatomic -D_BSD_SOURCE -DLINUX -I/home/ildar/kyronix-ports/libs/openssl/stage/usr/include -I/home/ildar/kyronix-ports/libs/ncurses/obj-musl-static/include -I/home/ildar/kyronix-ports/libs/ncurses/obj-musl-static/include conftest.c >&5
configure:37532:10: fatal error: idna.h: No such file or directory
compilation terminated.
configure:37551: $? = 1
configure: failed program was:
#line 37529 "configure"
#include "confdefs.h"

#include <stdio.h>
#include <idna.h>

int
main (void)
{

	char *output = 0;
	int code = idna_to_ascii_8z("name", &output, IDNA_USE_STD3_ASCII_RULES);
	(void) code;

  ;
  return 0;
}
configure:37855: WARNING: Cannot find idn library
configure:37873: checking if element-justification logic should be used
configure:37890: result: yes
configure:37897: checking if partial-display should be used
configure:37914: result: yes
configure:37921: checking if persistent-cookie logic should be used
configure:37938: result: yes
configure:37945: checking if html source should be colorized
configure:37962: result: yes
configure:37969: checking if progress-bar code should be used
configure:37986: result: yes
configure:37993: checking if read-progress message should show ETA
configure:38010: result: yes
configure:38017: checking if source caching should be used
configure:38034: result: yes
configure:38041: checking if scrollbar code should be used
configure:38058: result: yes
configure:38061: checking if charset-selection logic should be used
configure:38078: result: no
configure:38085: checking if you want to use external commands
configure:38102: result: no
configure:38113: checking if you want to use setfont support
configure:38130: result: no
configure:38270: checking if you want cgi-link support
configure:38287: result: no
configure:38290: checking if you want change-exec support
configure:38307: result: no
configure:38314: checking if you want exec-links support
configure:38331: result: no
configure:38338: checking if you want exec-scripts support
configure:38355: result: no
configure:38362: checking if you want internal-links feature
configure:38379: result: no
configure:38386: checking if you want to fork NSL requests
configure:38403: result: no
configure:38424: checking if you want to log URL requests via syslog
configure:38441: result: no
configure:38448: checking if you want to underline links
configure:38465: result: no
configure:38477: checking if htmlized lynx.cfg should be built
configure:38494: result: no
configure:38505: checking if local doc directory should be linked to help page
configure:38522: result: no
configure:38530: checking if help files should be gzip'ed
configure:38547: result: no
configure:38552: checking for groff
configure:38569: found /usr/bin/groff
configure:38581: result: /usr/bin/groff
configure:38592: checking for nroff
configure:38609: found /usr/bin/nroff
configure:38620: result: /usr/bin/nroff
configure:38633: checking for tbl
configure:38650: found /usr/bin/tbl
configure:38662: result: /usr/bin/tbl
configure:38685: checking for man2html
configure:38714: result: no
configure:38741: checking for program to convert manpage to html
configure:38800: result: /usr/bin/groff
configure:38951: checking if you want to use libbz2 for decompression of some bzip2 files
configure:38961: result: yes
configure:39222: testing Starting FIND_LINKAGE(bz2,bzlib) ...
configure:39244: musl-gcc -idirafter /home/ildar/kyronix-ports/net/lynx/kernel-headers -o conftest -O2 -fno-link-libatomic -D_BSD_SOURCE -DLINUX -I/home/ildar/kyronix-ports/libs/openssl/stage/usr/include -I/home/ildar/kyronix-ports/libs/ncurses/obj-musl-static/include -L/home/ildar/kyronix-ports/libs/ncurses/obj-musl-static/lib -static conftest.c  -lncurses -L/home/ildar/kyronix-ports/libs/openssl/stage/usr/lib64 -lssl -lcrypto  >&5
configure:39230:10: fatal error: bzlib.h: No such file or directory
compilation terminated.
configure:39247: $? = 1
configure: failed program was:
#line 39227 "configure"
#include "confdefs.h"

#include <stdio.h>
#include <bzlib.h>

int
main (void)
{

    BZ2_bzopen("name","mode")

  ;
  return 0;
}
configure:39284: musl-gcc -idirafter /home/ildar/kyronix-ports/net/lynx/kernel-headers -o conftest -O2 -fno-link-libatomic -D_BSD_SOURCE -DLINUX -I/home/ildar/kyronix-ports/libs/openssl/stage/usr/include -I/home/ildar/kyronix-ports/libs/ncurses/obj-musl-static/include -L/home/ildar/kyronix-ports/libs/ncurses/obj-musl-static/lib -static conftest.c -lbz2   -lncurses -L/home/ildar/kyronix-ports/libs/openssl/stage/usr/lib64 -lssl -lcrypto  >&5
configure:39270:10: fatal error: bzlib.h: No such file or directory
compilation terminated.
configure:39287: $? = 1
configure: failed program was:
#line 39267 "configure"
#include "confdefs.h"

#include <stdio.h>
#include <bzlib.h>

int
main (void)
{

    BZ2_bzopen("name","mode")

  ;
  return 0;
}
configure:39310: testing find linkage for bz2 library ...
configure:39312: testing Searching for headers in FIND_LINKAGE(bz2,bzlib) ...
configure:39403: testing ... testing /usr/include ...
configure:39428: musl-gcc -idirafter /home/ildar/kyronix-ports/net/lynx/kernel-headers -c -O2 -fno-link-libatomic -D_BSD_SOURCE -DLINUX -I/home/ildar/kyronix-ports/libs/openssl/stage/usr/include -I/home/ildar/kyronix-ports/libs/ncurses/obj-musl-static/include -I/usr/include conftest.c >&5
In file included from /usr/include/bits/libc-header-start.h:33,
                 from /usr/include/stdio.h:28,
                 from configure:39413:
/usr/include/features.h:205:3: warning: #warning "_BSD_SOURCE and _SVID_SOURCE are deprecated, use _DEFAULT_SOURCE" [-Wcpp]
  205 | # warning "_BSD_SOURCE and _SVID_SOURCE are deprecated, use _DEFAULT_SOURCE"
      |   ^~~~~~~
/usr/include/stdio.h:57:9: error: unknown type name '__gnuc_va_list'
   57 | typedef __gnuc_va_list va_list;
      |         ^~~~~~~~~~~~~~
/usr/include/stdio.h:57:24: error: conflicting types for 'va_list'; have 'int'
   57 | typedef __gnuc_va_list va_list;
      |                        ^~~~~~~
In file included from /usr/lib/musl/include/stdarg.h:10,
                 from /usr/include/stdio.h:41:
/usr/lib/musl/include/bits/alltypes.h:326:27: note: previous declaration of 'va_list' with type 'va_list' {aka '__va_list_tag[1]'}
  326 | typedef __builtin_va_list va_list;
      |                           ^~~~~~~
/usr/include/stdio.h:380:22: error: unknown type name '__gnuc_va_list'
  380 |                      __gnuc_va_list __arg) __nonnull ((1));
      |                      ^~~~~~~~~~~~~~
/usr/include/stdio.h:385:54: error: unknown type name '__gnuc_va_list'
  385 | extern int vprintf (const char *__restrict __format, __gnuc_va_list __arg);
      |                                                      ^~~~~~~~~~~~~~
/usr/include/stdio.h:388:22: error: unknown type name '__gnuc_va_list'
  388 |                      __gnuc_va_list __arg) __THROWNL;
      |                      ^~~~~~~~~~~~~~
/usr/include/stdio.h:397:56: error: unknown type name '__gnuc_va_list'
  397 |                       const char *__restrict __format, __gnuc_va_list __arg)
      |                                                        ^~~~~~~~~~~~~~
/usr/include/stdio.h:405:23: error: unknown type name '__gnuc_va_list'
  405 |                       __gnuc_va_list __arg)
      |                       ^~~~~~~~~~~~~~
/usr/include/stdio.h:418:22: error: unknown type name '__gnuc_va_list'
  418 |                      __gnuc_va_list __arg)
      |                      ^~~~~~~~~~~~~~
/usr/include/stdio.h:498:21: error: unknown type name '__gnuc_va_list'
  498 |                     __gnuc_va_list __arg)
      |                     ^~~~~~~~~~~~~~
/usr/include/stdio.h:505:53: error: unknown type name '__gnuc_va_list'
  505 | extern int vscanf (const char *__restrict __format, __gnuc_va_list __arg)
      |                                                     ^~~~~~~~~~~~~~
/usr/include/stdio.h:510:54: error: unknown type name '__gnuc_va_list'
  510 |                     const char *__restrict __format, __gnuc_va_list __arg)
      |                                                      ^~~~~~~~~~~~~~
In file included from /usr/include/features.h:540:
/usr/include/stdio.h:520:58: error: unknown type name '__gnuc_va_list'
  520 |                         const char *__restrict __format, __gnuc_va_list __arg),
      |                                                          ^~~~~~~~~~~~~~
/usr/include/sys/cdefs.h:410:46: note: in definition of macro '__REDIRECT'
  410 | # define __REDIRECT(name, proto, alias) name proto __asm__ (__ASMNAME (#alias))
      |                                              ^~~~~
/usr/include/stdio.h:524:33: error: unknown type name '__gnuc_va_list'
  524 |                                 __gnuc_va_list __arg), __isoc23_vscanf)
      |                                 ^~~~~~~~~~~~~~
/usr/include/sys/cdefs.h:410:46: note: in definition of macro '__REDIRECT'
  410 | # define __REDIRECT(name, proto, alias) name proto __asm__ (__ASMNAME (#alias))
      |                                              ^~~~~
/usr/include/stdio.h:529:29: error: unknown type name '__gnuc_va_list'
  529 |                             __gnuc_va_list __arg), __isoc23_vsscanf)
      |                             ^~~~~~~~~~~~~~
/usr/include/sys/cdefs.h:418:11: note: in definition of macro '__REDIRECT_NTH'
  418 |      name proto __asm__ (__ASMNAME (#alias)) __THROW
      |           ^~~~~
In file included from /usr/include/stdio.h:970:
/usr/include/bits/stdio.h:39:40: error: unknown type name '__gnuc_va_list'
   39 | vprintf (const char *__restrict __fmt, __gnuc_va_list __arg)
      |                                        ^~~~~~~~~~~~~~
configure:39431: $? = 1
configure: failed program was:
#line 39411 "configure"
#include "confdefs.h"

#include <stdio.h>
#include <bzlib.h>

int
main (void)
{

    BZ2_bzopen("name","mode")

  ;
  return 0;
}
configure:39403: testing ... testing /usr/local/include ...
configure:39428: musl-gcc -idirafter /home/ildar/kyronix-ports/net/lynx/kernel-headers -c -O2 -fno-link-libatomic -D_BSD_SOURCE -DLINUX -I/home/ildar/kyronix-ports/libs/openssl/stage/usr/include -I/home/ildar/kyronix-ports/libs/ncurses/obj-musl-static/include -I/usr/local/include conftest.c >&5
configure:39414:10: fatal error: bzlib.h: No such file or directory
compilation terminated.
configure:39431: $? = 1
configure: failed program was:
#line 39411 "configure"
#include "confdefs.h"

#include <stdio.h>
#include <bzlib.h>

int
main (void)
{

    BZ2_bzopen("name","mode")

  ;
  return 0;
}
configure:39403: testing ... testing /home/ildar/kyronix-ports/libs/openssl/stage/usr/include ...
configure:39428: musl-gcc -idirafter /home/ildar/kyronix-ports/net/lynx/kernel-headers -c -O2 -fno-link-libatomic -D_BSD_SOURCE -DLINUX -I/home/ildar/kyronix-ports/libs/openssl/stage/usr/include -I/home/ildar/kyronix-ports/libs/ncurses/obj-musl-static/include -I/home/ildar/kyronix-ports/libs/openssl/stage/usr/include conftest.c >&5
configure:39414:10: fatal error: bzlib.h: No such file or directory
compilation terminated.
configure:39431: $? = 1
configure: failed program was:
#line 39411 "configure"
#include "confdefs.h"

#include <stdio.h>
#include <bzlib.h>

int
main (void)
{

    BZ2_bzopen("name","mode")

  ;
  return 0;
}
configure:39403: testing ... testing /home/ildar/kyronix-ports/libs/openssl/stage/usr/include ...
configure:39428: musl-gcc -idirafter /home/ildar/kyronix-ports/net/lynx/kernel-headers -c -O2 -fno-link-libatomic -D_BSD_SOURCE -DLINUX -I/home/ildar/kyronix-ports/libs/openssl/stage/usr/include -I/home/ildar/kyronix-ports/libs/ncurses/obj-musl-static/include -I/home/ildar/kyronix-ports/libs/openssl/stage/usr/include conftest.c >&5
configure:39414:10: fatal error: bzlib.h: No such file or directory
compilation terminated.
configure:39431: $? = 1
configure: failed program was:
#line 39411 "configure"
#include "confdefs.h"

#include <stdio.h>
#include <bzlib.h>

int
main (void)
{

    BZ2_bzopen("name","mode")

  ;
  return 0;
}
configure:39403: testing ... testing /home/ildar/kyronix-ports/libs/ncurses/obj-musl-static/include ...
configure:39428: musl-gcc -idirafter /home/ildar/kyronix-ports/net/lynx/kernel-headers -c -O2 -fno-link-libatomic -D_BSD_SOURCE -DLINUX -I/home/ildar/kyronix-ports/libs/openssl/stage/usr/include -I/home/ildar/kyronix-ports/libs/ncurses/obj-musl-static/include -I/home/ildar/kyronix-ports/libs/ncurses/obj-musl-static/include conftest.c >&5
configure:39414:10: fatal error: bzlib.h: No such file or directory
compilation terminated.
configure:39431: $? = 1
configure: failed program was:
#line 39411 "configure"
#include "confdefs.h"

#include <stdio.h>
#include <bzlib.h>

int
main (void)
{

    BZ2_bzopen("name","mode")

  ;
  return 0;
}
configure:39778: WARNING: Cannot find bz2 library
configure:39789: checking if you want to use zlib for decompression of some gzip files
configure:39799: result: yes
configure:40060: testing Starting FIND_LINKAGE(z,zlib) ...
configure:40081: musl-gcc -idirafter /home/ildar/kyronix-ports/net/lynx/kernel-headers -o conftest -O2 -fno-link-libatomic -D_BSD_SOURCE -DLINUX -I/home/ildar/kyronix-ports/libs/openssl/stage/usr/include -I/home/ildar/kyronix-ports/libs/ncurses/obj-musl-static/include -L/home/ildar/kyronix-ports/libs/ncurses/obj-musl-static/lib -static conftest.c  -lncurses -L/home/ildar/kyronix-ports/libs/openssl/stage/usr/lib64 -lssl -lcrypto  >&5
configure:40067:10: fatal error: zlib.h: No such file or directory
compilation terminated.
configure:40084: $? = 1
configure: failed program was:
#line 40065 "configure"
#include "confdefs.h"

#include <zlib.h>

int
main (void)
{

	gzopen("name","mode")

  ;
  return 0;
}
configure:40120: musl-gcc -idirafter /home/ildar/kyronix-ports/net/lynx/kernel-headers -o conftest -O2 -fno-link-libatomic -D_BSD_SOURCE -DLINUX -I/home/ildar/kyronix-ports/libs/openssl/stage/usr/include -I/home/ildar/kyronix-ports/libs/ncurses/obj-musl-static/include -L/home/ildar/kyronix-ports/libs/ncurses/obj-musl-static/lib -static conftest.c -lz   -lncurses -L/home/ildar/kyronix-ports/libs/openssl/stage/usr/lib64 -lssl -lcrypto  >&5
configure:40106:10: fatal error: zlib.h: No such file or directory
compilation terminated.
configure:40123: $? = 1
configure: failed program was:
#line 40104 "configure"
#include "confdefs.h"

#include <zlib.h>

int
main (void)
{

	gzopen("name","mode")

  ;
  return 0;
}
configure:40146: testing find linkage for z library ...
configure:40148: testing Searching for headers in FIND_LINKAGE(z,zlib) ...
configure:40239: testing ... testing /usr/include ...
configure:40263: musl-gcc -idirafter /home/ildar/kyronix-ports/net/lynx/kernel-headers -c -O2 -fno-link-libatomic -D_BSD_SOURCE -DLINUX -I/home/ildar/kyronix-ports/libs/openssl/stage/usr/include -I/home/ildar/kyronix-ports/libs/ncurses/obj-musl-static/include -I/usr/include conftest.c >&5
In file included from /usr/include/bits/libc-header-start.h:33,
                 from /usr/include/limits.h:26,
                 from /usr/include/zconf.h:430,
                 from /usr/include/zlib.h:37,
                 from configure:40249:
/usr/include/features.h:205:3: warning: #warning "_BSD_SOURCE and _SVID_SOURCE are deprecated, use _DEFAULT_SOURCE" [-Wcpp]
  205 | # warning "_BSD_SOURCE and _SVID_SOURCE are deprecated, use _DEFAULT_SOURCE"
      |   ^~~~~~~
In file included from /usr/include/bits/local_lim.h:38,
                 from /usr/include/bits/posix1_lim.h:161,
                 from /usr/include/limits.h:198:
/usr/include/linux/limits.h:7:9: warning: 'NGROUPS_MAX' redefined
    7 | #define NGROUPS_MAX    65536    /* supplemental group IDs are available */
      |         ^~~~~~~~~~~
In file included from /usr/include/limits.h:124:
/usr/lib/musl/include/limits.h:48:9: note: this is the location of the previous definition
   48 | #define NGROUPS_MAX 32
      |         ^~~~~~~~~~~
/usr/include/bits/local_lim.h:64:9: warning: 'PTHREAD_KEYS_MAX' redefined
   64 | #define PTHREAD_KEYS_MAX        1024
      |         ^~~~~~~~~~~~~~~~
/usr/lib/musl/include/limits.h:66:9: note: this is the location of the previous definition
   66 | #define PTHREAD_KEYS_MAX 128
      |         ^~~~~~~~~~~~~~~~
/usr/include/bits/local_lim.h:69:9: warning: 'PTHREAD_DESTRUCTOR_ITERATIONS' redefined
   69 | #define PTHREAD_DESTRUCTOR_ITERATIONS   _POSIX_THREAD_DESTRUCTOR_ITERATIONS
      |         ^~~~~~~~~~~~~~~~~~~~~~~~~~~~~
/usr/lib/musl/include/limits.h:68:9: note: this is the location of the previous definition
   68 | #define PTHREAD_DESTRUCTOR_ITERATIONS 4
      |         ^~~~~~~~~~~~~~~~~~~~~~~~~~~~~
/usr/include/bits/local_lim.h:84:9: warning: 'DELAYTIMER_MAX' redefined
   84 | #define DELAYTIMER_MAX  2147483647
      |         ^~~~~~~~~~~~~~
/usr/lib/musl/include/limits.h:71:9: note: this is the location of the previous definition
   71 | #define DELAYTIMER_MAX 0x7fffffff
      |         ^~~~~~~~~~~~~~
/usr/include/bits/local_lim.h:93:9: warning: 'HOST_NAME_MAX' redefined
   93 | #define HOST_NAME_MAX           64
      |         ^~~~~~~~~~~~~
/usr/lib/musl/include/limits.h:56:9: note: this is the location of the previous definition
   56 | #define HOST_NAME_MAX 255
      |         ^~~~~~~~~~~~~
/usr/include/bits/local_lim.h:99:9: warning: 'SEM_VALUE_MAX' redefined
   99 | #define SEM_VALUE_MAX   (2147483647)
      |         ^~~~~~~~~~~~~
/usr/lib/musl/include/limits.h:69:9: note: this is the location of the previous definition
   69 | #define SEM_VALUE_MAX 0x7fffffff
      |         ^~~~~~~~~~~~~
In file included from /usr/include/limits.h:202:
/usr/include/bits/posix2_lim.h:88:9: warning: 'RE_DUP_MAX' redefined
   88 | #define RE_DUP_MAX (0x7fff)
      |         ^~~~~~~~~~
/usr/lib/musl/include/limits.h:85:9: note: this is the location of the previous definition
   85 | #define RE_DUP_MAX 255
      |         ^~~~~~~~~~
In file included from /usr/include/bits/endian.h:35,
                 from /usr/include/endian.h:24,
                 from /usr/include/sys/types.h:176,
                 from /usr/include/zconf.h:456:
/usr/include/bits/endianness.h:9:9: warning: '__BYTE_ORDER' redefined
    9 | #define __BYTE_ORDER __LITTLE_ENDIAN
      |         ^~~~~~~~~~~~
In file included from /usr/lib/musl/include/limits.h:6:
/usr/lib/musl/include/bits/alltypes.h:5:9: note: this is the location of the previous definition
    5 | #define __BYTE_ORDER 1234
      |         ^~~~~~~~~~~~
configure:40266: $? = 0
configure:40269: test -s conftest.o
configure:40272: $? = 0
configure:40277: testing ... found z headers in /usr/include ...
configure:40295: testing Searching for z library in FIND_LINKAGE(z,zlib) ...
configure:40319: musl-gcc -idirafter /home/ildar/kyronix-ports/net/lynx/kernel-headers -o conftest -O2 -fno-link-libatomic -D_BSD_SOURCE -DLINUX -I/home/ildar/kyronix-ports/libs/openssl/stage/usr/include -I/home/ildar/kyronix-ports/libs/ncurses/obj-musl-static/include -I/usr/include -L/home/ildar/kyronix-ports/libs/ncurses/obj-musl-static/lib -static conftest.c -lz   -lncurses -L/home/ildar/kyronix-ports/libs/openssl/stage/usr/lib64 -lssl -lcrypto  >&5
In file included from /usr/include/bits/libc-header-start.h:33,
                 from /usr/include/limits.h:26,
                 from /usr/include/zconf.h:430,
                 from /usr/include/zlib.h:37,
                 from configure:40305:
/usr/include/features.h:205:3: warning: #warning "_BSD_SOURCE and _SVID_SOURCE are deprecated, use _DEFAULT_SOURCE" [-Wcpp]
  205 | # warning "_BSD_SOURCE and _SVID_SOURCE are deprecated, use _DEFAULT_SOURCE"
      |   ^~~~~~~
In file included from /usr/include/bits/local_lim.h:38,
                 from /usr/include/bits/posix1_lim.h:161,
                 from /usr/include/limits.h:198:
/usr/include/linux/limits.h:7:9: warning: 'NGROUPS_MAX' redefined
    7 | #define NGROUPS_MAX    65536    /* supplemental group IDs are available */
      |         ^~~~~~~~~~~
In file included from /usr/include/limits.h:124:
/usr/lib/musl/include/limits.h:48:9: note: this is the location of the previous definition
   48 | #define NGROUPS_MAX 32
      |         ^~~~~~~~~~~
/usr/include/bits/local_lim.h:64:9: warning: 'PTHREAD_KEYS_MAX' redefined
   64 | #define PTHREAD_KEYS_MAX        1024
      |         ^~~~~~~~~~~~~~~~
/usr/lib/musl/include/limits.h:66:9: note: this is the location of the previous definition
   66 | #define PTHREAD_KEYS_MAX 128
      |         ^~~~~~~~~~~~~~~~
/usr/include/bits/local_lim.h:69:9: warning: 'PTHREAD_DESTRUCTOR_ITERATIONS' redefined
   69 | #define PTHREAD_DESTRUCTOR_ITERATIONS   _POSIX_THREAD_DESTRUCTOR_ITERATIONS
      |         ^~~~~~~~~~~~~~~~~~~~~~~~~~~~~
/usr/lib/musl/include/limits.h:68:9: note: this is the location of the previous definition
   68 | #define PTHREAD_DESTRUCTOR_ITERATIONS 4
      |         ^~~~~~~~~~~~~~~~~~~~~~~~~~~~~
/usr/include/bits/local_lim.h:84:9: warning: 'DELAYTIMER_MAX' redefined
   84 | #define DELAYTIMER_MAX  2147483647
      |         ^~~~~~~~~~~~~~
/usr/lib/musl/include/limits.h:71:9: note: this is the location of the previous definition
   71 | #define DELAYTIMER_MAX 0x7fffffff
      |         ^~~~~~~~~~~~~~
/usr/include/bits/local_lim.h:93:9: warning: 'HOST_NAME_MAX' redefined
   93 | #define HOST_NAME_MAX           64
      |         ^~~~~~~~~~~~~
/usr/lib/musl/include/limits.h:56:9: note: this is the location of the previous definition
   56 | #define HOST_NAME_MAX 255
      |         ^~~~~~~~~~~~~
/usr/include/bits/local_lim.h:99:9: warning: 'SEM_VALUE_MAX' redefined
   99 | #define SEM_VALUE_MAX   (2147483647)
      |         ^~~~~~~~~~~~~
/usr/lib/musl/include/limits.h:69:9: note: this is the location of the previous definition
   69 | #define SEM_VALUE_MAX 0x7fffffff
      |         ^~~~~~~~~~~~~
In file included from /usr/include/limits.h:202:
/usr/include/bits/posix2_lim.h:88:9: warning: 'RE_DUP_MAX' redefined
   88 | #define RE_DUP_MAX (0x7fff)
      |         ^~~~~~~~~~
/usr/lib/musl/include/limits.h:85:9: note: this is the location of the previous definition
   85 | #define RE_DUP_MAX 255
      |         ^~~~~~~~~~
In file included from /usr/include/bits/endian.h:35,
                 from /usr/include/endian.h:24,
                 from /usr/include/sys/types.h:176,
                 from /usr/include/zconf.h:456:
/usr/include/bits/endianness.h:9:9: warning: '__BYTE_ORDER' redefined
    9 | #define __BYTE_ORDER __LITTLE_ENDIAN
      |         ^~~~~~~~~~~~
In file included from /usr/lib/musl/include/limits.h:6:
/usr/lib/musl/include/bits/alltypes.h:5:9: note: this is the location of the previous definition
    5 | #define __BYTE_ORDER 1234
      |         ^~~~~~~~~~~~
/usr/bin/ld: cannot find -lz: No such file or directory
/usr/bin/ld: have you installed the static version of the z library ?
collect2: error: ld returned 1 exit status
configure:40322: $? = 1
configure: failed program was:
#line 40303 "configure"
#include "confdefs.h"

#include <zlib.h>

int
main (void)
{

	gzopen("name","mode")

  ;
  return 0;
}
configure:40414: testing ... testing /home/ildar/kyronix-ports/libs/ncurses/obj-musl-static/lib ...
configure:40436: musl-gcc -idirafter /home/ildar/kyronix-ports/net/lynx/kernel-headers -o conftest -O2 -fno-link-libatomic -D_BSD_SOURCE -DLINUX -I/home/ildar/kyronix-ports/libs/openssl/stage/usr/include -I/home/ildar/kyronix-ports/libs/ncurses/obj-musl-static/include -I/usr/include -L/home/ildar/kyronix-ports/libs/ncurses/obj-musl-static/lib -static -L/home/ildar/kyronix-ports/libs/ncurses/obj-musl-static/lib conftest.c -lz   -lncurses -L/home/ildar/kyronix-ports/libs/openssl/stage/usr/lib64 -lssl -lcrypto  >&5
In file included from /usr/include/bits/libc-header-start.h:33,
                 from /usr/include/limits.h:26,
                 from /usr/include/zconf.h:430,
                 from /usr/include/zlib.h:37,
                 from configure:40422:
/usr/include/features.h:205:3: warning: #warning "_BSD_SOURCE and _SVID_SOURCE are deprecated, use _DEFAULT_SOURCE" [-Wcpp]
  205 | # warning "_BSD_SOURCE and _SVID_SOURCE are deprecated, use _DEFAULT_SOURCE"
      |   ^~~~~~~
In file included from /usr/include/bits/local_lim.h:38,
                 from /usr/include/bits/posix1_lim.h:161,
                 from /usr/include/limits.h:198:
/usr/include/linux/limits.h:7:9: warning: 'NGROUPS_MAX' redefined
    7 | #define NGROUPS_MAX    65536    /* supplemental group IDs are available */
      |         ^~~~~~~~~~~
In file included from /usr/include/limits.h:124:
/usr/lib/musl/include/limits.h:48:9: note: this is the location of the previous definition
   48 | #define NGROUPS_MAX 32
      |         ^~~~~~~~~~~
/usr/include/bits/local_lim.h:64:9: warning: 'PTHREAD_KEYS_MAX' redefined
   64 | #define PTHREAD_KEYS_MAX        1024
      |         ^~~~~~~~~~~~~~~~
/usr/lib/musl/include/limits.h:66:9: note: this is the location of the previous definition
   66 | #define PTHREAD_KEYS_MAX 128
      |         ^~~~~~~~~~~~~~~~
/usr/include/bits/local_lim.h:69:9: warning: 'PTHREAD_DESTRUCTOR_ITERATIONS' redefined
   69 | #define PTHREAD_DESTRUCTOR_ITERATIONS   _POSIX_THREAD_DESTRUCTOR_ITERATIONS
      |         ^~~~~~~~~~~~~~~~~~~~~~~~~~~~~
/usr/lib/musl/include/limits.h:68:9: note: this is the location of the previous definition
   68 | #define PTHREAD_DESTRUCTOR_ITERATIONS 4
      |         ^~~~~~~~~~~~~~~~~~~~~~~~~~~~~
/usr/include/bits/local_lim.h:84:9: warning: 'DELAYTIMER_MAX' redefined
   84 | #define DELAYTIMER_MAX  2147483647
      |         ^~~~~~~~~~~~~~
/usr/lib/musl/include/limits.h:71:9: note: this is the location of the previous definition
   71 | #define DELAYTIMER_MAX 0x7fffffff
      |         ^~~~~~~~~~~~~~
/usr/include/bits/local_lim.h:93:9: warning: 'HOST_NAME_MAX' redefined
   93 | #define HOST_NAME_MAX           64
      |         ^~~~~~~~~~~~~
/usr/lib/musl/include/limits.h:56:9: note: this is the location of the previous definition
   56 | #define HOST_NAME_MAX 255
      |         ^~~~~~~~~~~~~
/usr/include/bits/local_lim.h:99:9: warning: 'SEM_VALUE_MAX' redefined
   99 | #define SEM_VALUE_MAX   (2147483647)
      |         ^~~~~~~~~~~~~
/usr/lib/musl/include/limits.h:69:9: note: this is the location of the previous definition
   69 | #define SEM_VALUE_MAX 0x7fffffff
      |         ^~~~~~~~~~~~~
In file included from /usr/include/limits.h:202:
/usr/include/bits/posix2_lim.h:88:9: warning: 'RE_DUP_MAX' redefined
   88 | #define RE_DUP_MAX (0x7fff)
      |         ^~~~~~~~~~
/usr/lib/musl/include/limits.h:85:9: note: this is the location of the previous definition
   85 | #define RE_DUP_MAX 255
      |         ^~~~~~~~~~
In file included from /usr/include/bits/endian.h:35,
                 from /usr/include/endian.h:24,
                 from /usr/include/sys/types.h:176,
                 from /usr/include/zconf.h:456:
/usr/include/bits/endianness.h:9:9: warning: '__BYTE_ORDER' redefined
    9 | #define __BYTE_ORDER __LITTLE_ENDIAN
      |         ^~~~~~~~~~~~
In file included from /usr/lib/musl/include/limits.h:6:
/usr/lib/musl/include/bits/alltypes.h:5:9: note: this is the location of the previous definition
    5 | #define __BYTE_ORDER 1234
      |         ^~~~~~~~~~~~
/usr/bin/ld: cannot find -lz: No such file or directory
/usr/bin/ld: have you installed the static version of the z library ?
collect2: error: ld returned 1 exit status
configure:40439: $? = 1
configure: failed program was:
#line 40420 "configure"
#include "confdefs.h"

#include <zlib.h>

int
main (void)
{

	gzopen("name","mode")

  ;
  return 0;
}
configure:40414: testing ... testing /home/ildar/kyronix-ports/libs/ncurses/obj-musl-static/lib ...
configure:40436: musl-gcc -idirafter /home/ildar/kyronix-ports/net/lynx/kernel-headers -o conftest -O2 -fno-link-libatomic -D_BSD_SOURCE -DLINUX -I/home/ildar/kyronix-ports/libs/openssl/stage/usr/include -I/home/ildar/kyronix-ports/libs/ncurses/obj-musl-static/include -I/usr/include -L/home/ildar/kyronix-ports/libs/ncurses/obj-musl-static/lib -static -L/home/ildar/kyronix-ports/libs/ncurses/obj-musl-static/lib conftest.c -lz   -lncurses -L/home/ildar/kyronix-ports/libs/openssl/stage/usr/lib64 -lssl -lcrypto  >&5
In file included from /usr/include/bits/libc-header-start.h:33,
                 from /usr/include/limits.h:26,
                 from /usr/include/zconf.h:430,
                 from /usr/include/zlib.h:37,
                 from configure:40422:
/usr/include/features.h:205:3: warning: #warning "_BSD_SOURCE and _SVID_SOURCE are deprecated, use _DEFAULT_SOURCE" [-Wcpp]
  205 | # warning "_BSD_SOURCE and _SVID_SOURCE are deprecated, use _DEFAULT_SOURCE"
      |   ^~~~~~~
In file included from /usr/include/bits/local_lim.h:38,
                 from /usr/include/bits/posix1_lim.h:161,
                 from /usr/include/limits.h:198:
/usr/include/linux/limits.h:7:9: warning: 'NGROUPS_MAX' redefined
    7 | #define NGROUPS_MAX    65536    /* supplemental group IDs are available */
      |         ^~~~~~~~~~~
In file included from /usr/include/limits.h:124:
/usr/lib/musl/include/limits.h:48:9: note: this is the location of the previous definition
   48 | #define NGROUPS_MAX 32
      |         ^~~~~~~~~~~
/usr/include/bits/local_lim.h:64:9: warning: 'PTHREAD_KEYS_MAX' redefined
   64 | #define PTHREAD_KEYS_MAX        1024
      |         ^~~~~~~~~~~~~~~~
/usr/lib/musl/include/limits.h:66:9: note: this is the location of the previous definition
   66 | #define PTHREAD_KEYS_MAX 128
      |         ^~~~~~~~~~~~~~~~
/usr/include/bits/local_lim.h:69:9: warning: 'PTHREAD_DESTRUCTOR_ITERATIONS' redefined
   69 | #define PTHREAD_DESTRUCTOR_ITERATIONS   _POSIX_THREAD_DESTRUCTOR_ITERATIONS
      |         ^~~~~~~~~~~~~~~~~~~~~~~~~~~~~
/usr/lib/musl/include/limits.h:68:9: note: this is the location of the previous definition
   68 | #define PTHREAD_DESTRUCTOR_ITERATIONS 4
      |         ^~~~~~~~~~~~~~~~~~~~~~~~~~~~~
/usr/include/bits/local_lim.h:84:9: warning: 'DELAYTIMER_MAX' redefined
   84 | #define DELAYTIMER_MAX  2147483647
      |         ^~~~~~~~~~~~~~
/usr/lib/musl/include/limits.h:71:9: note: this is the location of the previous definition
   71 | #define DELAYTIMER_MAX 0x7fffffff
      |         ^~~~~~~~~~~~~~
/usr/include/bits/local_lim.h:93:9: warning: 'HOST_NAME_MAX' redefined
   93 | #define HOST_NAME_MAX           64
      |         ^~~~~~~~~~~~~
/usr/lib/musl/include/limits.h:56:9: note: this is the location of the previous definition
   56 | #define HOST_NAME_MAX 255
      |         ^~~~~~~~~~~~~
/usr/include/bits/local_lim.h:99:9: warning: 'SEM_VALUE_MAX' redefined
   99 | #define SEM_VALUE_MAX   (2147483647)
      |         ^~~~~~~~~~~~~
/usr/lib/musl/include/limits.h:69:9: note: this is the location of the previous definition
   69 | #define SEM_VALUE_MAX 0x7fffffff
      |         ^~~~~~~~~~~~~
In file included from /usr/include/limits.h:202:
/usr/include/bits/posix2_lim.h:88:9: warning: 'RE_DUP_MAX' redefined
   88 | #define RE_DUP_MAX (0x7fff)
      |         ^~~~~~~~~~
/usr/lib/musl/include/limits.h:85:9: note: this is the location of the previous definition
   85 | #define RE_DUP_MAX 255
      |         ^~~~~~~~~~
In file included from /usr/include/bits/endian.h:35,
                 from /usr/include/endian.h:24,
                 from /usr/include/sys/types.h:176,
                 from /usr/include/zconf.h:456:
/usr/include/bits/endianness.h:9:9: warning: '__BYTE_ORDER' redefined
    9 | #define __BYTE_ORDER __LITTLE_ENDIAN
      |         ^~~~~~~~~~~~
In file included from /usr/lib/musl/include/limits.h:6:
/usr/lib/musl/include/bits/alltypes.h:5:9: note: this is the location of the previous definition
    5 | #define __BYTE_ORDER 1234
      |         ^~~~~~~~~~~~
/usr/bin/ld: cannot find -lz: No such file or directory
/usr/bin/ld: have you installed the static version of the z library ?
collect2: error: ld returned 1 exit status
configure:40439: $? = 1
configure: failed program was:
#line 40420 "configure"
#include "confdefs.h"

#include <zlib.h>

int
main (void)
{

	gzopen("name","mode")

  ;
  return 0;
}
configure:40414: testing ... testing /usr/lib ...
configure:40436: musl-gcc -idirafter /home/ildar/kyronix-ports/net/lynx/kernel-headers -o conftest -O2 -fno-link-libatomic -D_BSD_SOURCE -DLINUX -I/home/ildar/kyronix-ports/libs/openssl/stage/usr/include -I/home/ildar/kyronix-ports/libs/ncurses/obj-musl-static/include -I/usr/include -L/home/ildar/kyronix-ports/libs/ncurses/obj-musl-static/lib -static -L/usr/lib conftest.c -lz   -lncurses -L/home/ildar/kyronix-ports/libs/openssl/stage/usr/lib64 -lssl -lcrypto  >&5
In file included from /usr/include/bits/libc-header-start.h:33,
                 from /usr/include/limits.h:26,
                 from /usr/include/zconf.h:430,
                 from /usr/include/zlib.h:37,
                 from configure:40422:
/usr/include/features.h:205:3: warning: #warning "_BSD_SOURCE and _SVID_SOURCE are deprecated, use _DEFAULT_SOURCE" [-Wcpp]
  205 | # warning "_BSD_SOURCE and _SVID_SOURCE are deprecated, use _DEFAULT_SOURCE"
      |   ^~~~~~~
In file included from /usr/include/bits/local_lim.h:38,
                 from /usr/include/bits/posix1_lim.h:161,
                 from /usr/include/limits.h:198:
/usr/include/linux/limits.h:7:9: warning: 'NGROUPS_MAX' redefined
    7 | #define NGROUPS_MAX    65536    /* supplemental group IDs are available */
      |         ^~~~~~~~~~~
In file included from /usr/include/limits.h:124:
/usr/lib/musl/include/limits.h:48:9: note: this is the location of the previous definition
   48 | #define NGROUPS_MAX 32
      |         ^~~~~~~~~~~
/usr/include/bits/local_lim.h:64:9: warning: 'PTHREAD_KEYS_MAX' redefined
   64 | #define PTHREAD_KEYS_MAX        1024
      |         ^~~~~~~~~~~~~~~~
/usr/lib/musl/include/limits.h:66:9: note: this is the location of the previous definition
   66 | #define PTHREAD_KEYS_MAX 128
      |         ^~~~~~~~~~~~~~~~
/usr/include/bits/local_lim.h:69:9: warning: 'PTHREAD_DESTRUCTOR_ITERATIONS' redefined
   69 | #define PTHREAD_DESTRUCTOR_ITERATIONS   _POSIX_THREAD_DESTRUCTOR_ITERATIONS
      |         ^~~~~~~~~~~~~~~~~~~~~~~~~~~~~
/usr/lib/musl/include/limits.h:68:9: note: this is the location of the previous definition
   68 | #define PTHREAD_DESTRUCTOR_ITERATIONS 4
      |         ^~~~~~~~~~~~~~~~~~~~~~~~~~~~~
/usr/include/bits/local_lim.h:84:9: warning: 'DELAYTIMER_MAX' redefined
   84 | #define DELAYTIMER_MAX  2147483647
      |         ^~~~~~~~~~~~~~
/usr/lib/musl/include/limits.h:71:9: note: this is the location of the previous definition
   71 | #define DELAYTIMER_MAX 0x7fffffff
      |         ^~~~~~~~~~~~~~
/usr/include/bits/local_lim.h:93:9: warning: 'HOST_NAME_MAX' redefined
   93 | #define HOST_NAME_MAX           64
      |         ^~~~~~~~~~~~~
/usr/lib/musl/include/limits.h:56:9: note: this is the location of the previous definition
   56 | #define HOST_NAME_MAX 255
      |         ^~~~~~~~~~~~~
/usr/include/bits/local_lim.h:99:9: warning: 'SEM_VALUE_MAX' redefined
   99 | #define SEM_VALUE_MAX   (2147483647)
      |         ^~~~~~~~~~~~~
/usr/lib/musl/include/limits.h:69:9: note: this is the location of the previous definition
   69 | #define SEM_VALUE_MAX 0x7fffffff
      |         ^~~~~~~~~~~~~
In file included from /usr/include/limits.h:202:
/usr/include/bits/posix2_lim.h:88:9: warning: 'RE_DUP_MAX' redefined
   88 | #define RE_DUP_MAX (0x7fff)
      |         ^~~~~~~~~~
/usr/lib/musl/include/limits.h:85:9: note: this is the location of the previous definition
   85 | #define RE_DUP_MAX 255
      |         ^~~~~~~~~~
In file included from /usr/include/bits/endian.h:35,
                 from /usr/include/endian.h:24,
                 from /usr/include/sys/types.h:176,
                 from /usr/include/zconf.h:456:
/usr/include/bits/endianness.h:9:9: warning: '__BYTE_ORDER' redefined
    9 | #define __BYTE_ORDER __LITTLE_ENDIAN
      |         ^~~~~~~~~~~~
In file included from /usr/lib/musl/include/limits.h:6:
/usr/lib/musl/include/bits/alltypes.h:5:9: note: this is the location of the previous definition
    5 | #define __BYTE_ORDER 1234
      |         ^~~~~~~~~~~~
/usr/bin/ld: cannot find -lz: No such file or directory
/usr/bin/ld: have you installed the static version of the z library ?
collect2: error: ld returned 1 exit status
configure:40439: $? = 1
configure: failed program was:
#line 40420 "configure"
#include "confdefs.h"

#include <zlib.h>

int
main (void)
{

	gzopen("name","mode")

  ;
  return 0;
}
configure:40414: testing ... testing /usr/local/lib ...
configure:40436: musl-gcc -idirafter /home/ildar/kyronix-ports/net/lynx/kernel-headers -o conftest -O2 -fno-link-libatomic -D_BSD_SOURCE -DLINUX -I/home/ildar/kyronix-ports/libs/openssl/stage/usr/include -I/home/ildar/kyronix-ports/libs/ncurses/obj-musl-static/include -I/usr/include -L/home/ildar/kyronix-ports/libs/ncurses/obj-musl-static/lib -static -L/usr/local/lib conftest.c -lz   -lncurses -L/home/ildar/kyronix-ports/libs/openssl/stage/usr/lib64 -lssl -lcrypto  >&5
In file included from /usr/include/bits/libc-header-start.h:33,
                 from /usr/include/limits.h:26,
                 from /usr/include/zconf.h:430,
                 from /usr/include/zlib.h:37,
                 from configure:40422:
/usr/include/features.h:205:3: warning: #warning "_BSD_SOURCE and _SVID_SOURCE are deprecated, use _DEFAULT_SOURCE" [-Wcpp]
  205 | # warning "_BSD_SOURCE and _SVID_SOURCE are deprecated, use _DEFAULT_SOURCE"
      |   ^~~~~~~
In file included from /usr/include/bits/local_lim.h:38,
                 from /usr/include/bits/posix1_lim.h:161,
                 from /usr/include/limits.h:198:
/usr/include/linux/limits.h:7:9: warning: 'NGROUPS_MAX' redefined
    7 | #define NGROUPS_MAX    65536    /* supplemental group IDs are available */
      |         ^~~~~~~~~~~
In file included from /usr/include/limits.h:124:
/usr/lib/musl/include/limits.h:48:9: note: this is the location of the previous definition
   48 | #define NGROUPS_MAX 32
      |         ^~~~~~~~~~~
/usr/include/bits/local_lim.h:64:9: warning: 'PTHREAD_KEYS_MAX' redefined
   64 | #define PTHREAD_KEYS_MAX        1024
      |         ^~~~~~~~~~~~~~~~
/usr/lib/musl/include/limits.h:66:9: note: this is the location of the previous definition
   66 | #define PTHREAD_KEYS_MAX 128
      |         ^~~~~~~~~~~~~~~~
/usr/include/bits/local_lim.h:69:9: warning: 'PTHREAD_DESTRUCTOR_ITERATIONS' redefined
   69 | #define PTHREAD_DESTRUCTOR_ITERATIONS   _POSIX_THREAD_DESTRUCTOR_ITERATIONS
      |         ^~~~~~~~~~~~~~~~~~~~~~~~~~~~~
/usr/lib/musl/include/limits.h:68:9: note: this is the location of the previous definition
   68 | #define PTHREAD_DESTRUCTOR_ITERATIONS 4
      |         ^~~~~~~~~~~~~~~~~~~~~~~~~~~~~
/usr/include/bits/local_lim.h:84:9: warning: 'DELAYTIMER_MAX' redefined
   84 | #define DELAYTIMER_MAX  2147483647
      |         ^~~~~~~~~~~~~~
/usr/lib/musl/include/limits.h:71:9: note: this is the location of the previous definition
   71 | #define DELAYTIMER_MAX 0x7fffffff
      |         ^~~~~~~~~~~~~~
/usr/include/bits/local_lim.h:93:9: warning: 'HOST_NAME_MAX' redefined
   93 | #define HOST_NAME_MAX           64
      |         ^~~~~~~~~~~~~
/usr/lib/musl/include/limits.h:56:9: note: this is the location of the previous definition
   56 | #define HOST_NAME_MAX 255
      |         ^~~~~~~~~~~~~
/usr/include/bits/local_lim.h:99:9: warning: 'SEM_VALUE_MAX' redefined
   99 | #define SEM_VALUE_MAX   (2147483647)
      |         ^~~~~~~~~~~~~
/usr/lib/musl/include/limits.h:69:9: note: this is the location of the previous definition
   69 | #define SEM_VALUE_MAX 0x7fffffff
      |         ^~~~~~~~~~~~~
In file included from /usr/include/limits.h:202:
/usr/include/bits/posix2_lim.h:88:9: warning: 'RE_DUP_MAX' redefined
   88 | #define RE_DUP_MAX (0x7fff)
      |         ^~~~~~~~~~
/usr/lib/musl/include/limits.h:85:9: note: this is the location of the previous definition
   85 | #define RE_DUP_MAX 255
      |         ^~~~~~~~~~
In file included from /usr/include/bits/endian.h:35,
                 from /usr/include/endian.h:24,
                 from /usr/include/sys/types.h:176,
                 from /usr/include/zconf.h:456:
/usr/include/bits/endianness.h:9:9: warning: '__BYTE_ORDER' redefined
    9 | #define __BYTE_ORDER __LITTLE_ENDIAN
      |         ^~~~~~~~~~~~
In file included from /usr/lib/musl/include/limits.h:6:
/usr/lib/musl/include/bits/alltypes.h:5:9: note: this is the location of the previous definition
    5 | #define __BYTE_ORDER 1234
      |         ^~~~~~~~~~~~
/usr/bin/ld: cannot find -lz: No such file or directory
/usr/bin/ld: have you installed the static version of the z library ?
collect2: error: ld returned 1 exit status
configure:40439: $? = 1
configure: failed program was:
#line 40420 "configure"
#include "confdefs.h"

#include <zlib.h>

int
main (void)
{

	gzopen("name","mode")

  ;
  return 0;
}
configure:40611: WARNING: Cannot find z library
configure:40620: checking for zError
configure:40657: musl-gcc -idirafter /home/ildar/kyronix-ports/net/lynx/kernel-headers -o conftest -O2 -fno-link-libatomic -D_BSD_SOURCE -DLINUX -I/home/ildar/kyronix-ports/libs/openssl/stage/usr/include -I/home/ildar/kyronix-ports/libs/ncurses/obj-musl-static/include -L/home/ildar/kyronix-ports/libs/ncurses/obj-musl-static/lib -static conftest.c  -lncurses -L/home/ildar/kyronix-ports/libs/openssl/stage/usr/lib64 -lssl -lcrypto  >&5
/usr/bin/ld: /tmp/ccgj1Plc.o: in function `main':
conftest.c:(.text.startup+0x5): undefined reference to `zError'
collect2: error: ld returned 1 exit status
configure:40660: $? = 1
configure: failed program was:
#line 40626 "configure"
#include "confdefs.h"
#define zError autoconf_temporary
#include <limits.h>	/* least-intrusive standard header which defines gcc2 __stub macros */
#undef zError

#ifdef __cplusplus
extern "C"
#endif

/* We use char because int might match the return type of a gcc2
   builtin and then its argument prototype would still apply.  */
char zError (void);

int
main (void)
{

/* The GNU C library defines stubs for functions which it implements
    to always fail with ENOSYS.  Some functions are actually named
    something starting with __ and the normal name is an alias.  */
#if defined (__stub_zError) || defined (__stub___zError)
#error found stub for zError
#endif

	return zError ();
  ;
  return 0;
}
configure:40676: result: no
configure:40693: checking if you want to use brotli decompression
configure:40703: result: yes
configure:40964: testing Starting FIND_LINKAGE(brotlidec,brotlilib) ...
configure:40993: musl-gcc -idirafter /home/ildar/kyronix-ports/net/lynx/kernel-headers -o conftest -O2 -fno-link-libatomic -D_BSD_SOURCE -DLINUX -I/home/ildar/kyronix-ports/libs/openssl/stage/usr/include -I/home/ildar/kyronix-ports/libs/ncurses/obj-musl-static/include -L/home/ildar/kyronix-ports/libs/ncurses/obj-musl-static/lib -static conftest.c  -lncurses -L/home/ildar/kyronix-ports/libs/openssl/stage/usr/lib64 -lssl -lcrypto  >&5
configure:41005:10: fatal error: brotli/decode.h: No such file or directory
compilation terminated.
configure:40996: $? = 1
configure: failed program was:
#line 40969 "configure"
#include "confdefs.h"

#include <stdio.h>
#if HAVE_SYS_TYPES_H
# include <sys/types.h>
#endif
#if HAVE_SYS_STAT_H
# include <sys/stat.h>
#endif
#if STDC_HEADERS
# include <stdlib.h>
# include <stddef.h>
#else
# if HAVE_STDLIB_H
#  include <stdlib.h>
# endif
#endif
#if HAVE_STRING_H
# if !STDC_HEADERS && HAVE_MEMORY_H
#  include <memory.h>
# endif
# include <string.h>
#endif
#if HAVE_STRINGS_H
# include <strings.h>
#endif
#if HAVE_INTTYPES_H
# include <inttypes.h>
#else
# if HAVE_STDINT_H
#  include <stdint.h>
# endif
#endif
#if HAVE_UNISTD_H
# include <unistd.h>
#endif
#include <brotli/decode.h>

int
main (void)
{

    BrotliDecoderDecompressStream(
		NULL,	/* BrotliDecoderState* state */
		NULL,	/* size_t* available_in */
		NULL,	/* const uint8_t** next_in */
		NULL,	/* size_t* available_out */
		NULL,	/* uint8_t** next_out */
		NULL	/* size_t* total_out */
	);

  ;
  return 0;
}
configure:41040: musl-gcc -idirafter /home/ildar/kyronix-ports/net/lynx/kernel-headers -o conftest -O2 -fno-link-libatomic -D_BSD_SOURCE -DLINUX -I/home/ildar/kyronix-ports/libs/openssl/stage/usr/include -I/home/ildar/kyronix-ports/libs/ncurses/obj-musl-static/include -L/home/ildar/kyronix-ports/libs/ncurses/obj-musl-static/lib -static conftest.c -lbrotlidec   -lncurses -L/home/ildar/kyronix-ports/libs/openssl/stage/usr/lib64 -lssl -lcrypto  >&5
configure:41052:10: fatal error: brotli/decode.h: No such file or directory
compilation terminated.
configure:41043: $? = 1
configure: failed program was:
#line 41016 "configure"
#include "confdefs.h"

#include <stdio.h>
#if HAVE_SYS_TYPES_H
# include <sys/types.h>
#endif
#if HAVE_SYS_STAT_H
# include <sys/stat.h>
#endif
#if STDC_HEADERS
# include <stdlib.h>
# include <stddef.h>
#else
# if HAVE_STDLIB_H
#  include <stdlib.h>
# endif
#endif
#if HAVE_STRING_H
# if !STDC_HEADERS && HAVE_MEMORY_H
#  include <memory.h>
# endif
# include <string.h>
#endif
#if HAVE_STRINGS_H
# include <strings.h>
#endif
#if HAVE_INTTYPES_H
# include <inttypes.h>
#else
# if HAVE_STDINT_H
#  include <stdint.h>
# endif
#endif
#if HAVE_UNISTD_H
# include <unistd.h>
#endif
#include <brotli/decode.h>

int
main (void)
{

    BrotliDecoderDecompressStream(
		NULL,	/* BrotliDecoderState* state */
		NULL,	/* size_t* available_in */
		NULL,	/* const uint8_t** next_in */
		NULL,	/* size_t* available_out */
		NULL,	/* uint8_t** next_out */
		NULL	/* size_t* total_out */
	);

  ;
  return 0;
}
configure:41066: testing find linkage for brotlidec library ...
configure:41068: testing Searching for headers in FIND_LINKAGE(brotlidec,brotlilib) ...
configure:41159: testing ... testing /usr/include ...
configure:41191: musl-gcc -idirafter /home/ildar/kyronix-ports/net/lynx/kernel-headers -c -O2 -fno-link-libatomic -D_BSD_SOURCE -DLINUX -I/home/ildar/kyronix-ports/libs/openssl/stage/usr/include -I/home/ildar/kyronix-ports/libs/ncurses/obj-musl-static/include -I/usr/include conftest.c >&5
In file included from /usr/include/bits/libc-header-start.h:33,
                 from /usr/include/stdio.h:28,
                 from configure:41169:
/usr/include/features.h:205:3: warning: #warning "_BSD_SOURCE and _SVID_SOURCE are deprecated, use _DEFAULT_SOURCE" [-Wcpp]
  205 | # warning "_BSD_SOURCE and _SVID_SOURCE are deprecated, use _DEFAULT_SOURCE"
      |   ^~~~~~~
/usr/include/stdio.h:57:9: error: unknown type name '__gnuc_va_list'
   57 | typedef __gnuc_va_list va_list;
      |         ^~~~~~~~~~~~~~
/usr/include/stdio.h:57:24: error: conflicting types for 'va_list'; have 'int'
   57 | typedef __gnuc_va_list va_list;
      |                        ^~~~~~~
In file included from /usr/lib/musl/include/stdarg.h:10,
                 from /usr/include/stdio.h:41:
/usr/lib/musl/include/bits/alltypes.h:326:27: note: previous declaration of 'va_list' with type 'va_list' {aka '__va_list_tag[1]'}
  326 | typedef __builtin_va_list va_list;
      |                           ^~~~~~~
/usr/include/stdio.h:380:22: error: unknown type name '__gnuc_va_list'
  380 |                      __gnuc_va_list __arg) __nonnull ((1));
      |                      ^~~~~~~~~~~~~~
/usr/include/stdio.h:385:54: error: unknown type name '__gnuc_va_list'
  385 | extern int vprintf (const char *__restrict __format, __gnuc_va_list __arg);
      |                                                      ^~~~~~~~~~~~~~
/usr/include/stdio.h:388:22: error: unknown type name '__gnuc_va_list'
  388 |                      __gnuc_va_list __arg) __THROWNL;
      |                      ^~~~~~~~~~~~~~
/usr/include/stdio.h:397:56: error: unknown type name '__gnuc_va_list'
  397 |                       const char *__restrict __format, __gnuc_va_list __arg)
      |                                                        ^~~~~~~~~~~~~~
/usr/include/stdio.h:405:23: error: unknown type name '__gnuc_va_list'
  405 |                       __gnuc_va_list __arg)
      |                       ^~~~~~~~~~~~~~
/usr/include/stdio.h:418:22: error: unknown type name '__gnuc_va_list'
  418 |                      __gnuc_va_list __arg)
      |                      ^~~~~~~~~~~~~~
/usr/include/stdio.h:498:21: error: unknown type name '__gnuc_va_list'
  498 |                     __gnuc_va_list __arg)
      |                     ^~~~~~~~~~~~~~
/usr/include/stdio.h:505:53: error: unknown type name '__gnuc_va_list'
  505 | extern int vscanf (const char *__restrict __format, __gnuc_va_list __arg)
      |                                                     ^~~~~~~~~~~~~~
/usr/include/stdio.h:510:54: error: unknown type name '__gnuc_va_list'
  510 |                     const char *__restrict __format, __gnuc_va_list __arg)
      |                                                      ^~~~~~~~~~~~~~
In file included from /usr/include/features.h:540:
/usr/include/stdio.h:520:58: error: unknown type name '__gnuc_va_list'
  520 |                         const char *__restrict __format, __gnuc_va_list __arg),
      |                                                          ^~~~~~~~~~~~~~
/usr/include/sys/cdefs.h:410:46: note: in definition of macro '__REDIRECT'
  410 | # define __REDIRECT(name, proto, alias) name proto __asm__ (__ASMNAME (#alias))
      |                                              ^~~~~
/usr/include/stdio.h:524:33: error: unknown type name '__gnuc_va_list'
  524 |                                 __gnuc_va_list __arg), __isoc23_vscanf)
      |                                 ^~~~~~~~~~~~~~
/usr/include/sys/cdefs.h:410:46: note: in definition of macro '__REDIRECT'
  410 | # define __REDIRECT(name, proto, alias) name proto __asm__ (__ASMNAME (#alias))
      |                                              ^~~~~
/usr/include/stdio.h:529:29: error: unknown type name '__gnuc_va_list'
  529 |                             __gnuc_va_list __arg), __isoc23_vsscanf)
      |                             ^~~~~~~~~~~~~~
/usr/include/sys/cdefs.h:418:11: note: in definition of macro '__REDIRECT_NTH'
  418 |      name proto __asm__ (__ASMNAME (#alias)) __THROW
      |           ^~~~~
In file included from /usr/include/stdio.h:970:
/usr/include/bits/stdio.h:39:40: error: unknown type name '__gnuc_va_list'
   39 | vprintf (const char *__restrict __fmt, __gnuc_va_list __arg)
      |                                        ^~~~~~~~~~~~~~
In file included from /usr/include/bits/endian.h:35,
                 from /usr/include/endian.h:24,
                 from /usr/include/sys/types.h:176,
                 from configure:41171:
/usr/include/bits/endianness.h:9:9: warning: '__BYTE_ORDER' redefined
    9 | #define __BYTE_ORDER __LITTLE_ENDIAN
      |         ^~~~~~~~~~~~
/usr/lib/musl/include/bits/alltypes.h:5:9: note: this is the location of the previous definition
    5 | #define __BYTE_ORDER 1234
      |         ^~~~~~~~~~~~
configure:41194: $? = 1
configure: failed program was:
#line 41167 "configure"
#include "confdefs.h"

#include <stdio.h>
#if HAVE_SYS_TYPES_H
# include <sys/types.h>
#endif
#if HAVE_SYS_STAT_H
# include <sys/stat.h>
#endif
#if STDC_HEADERS
# include <stdlib.h>
# include <stddef.h>
#else
# if HAVE_STDLIB_H
#  include <stdlib.h>
# endif
#endif
#if HAVE_STRING_H
# if !STDC_HEADERS && HAVE_MEMORY_H
#  include <memory.h>
# endif
# include <string.h>
#endif
#if HAVE_STRINGS_H
# include <strings.h>
#endif
#if HAVE_INTTYPES_H
# include <inttypes.h>
#else
# if HAVE_STDINT_H
#  include <stdint.h>
# endif
#endif
#if HAVE_UNISTD_H
# include <unistd.h>
#endif
#include <brotli/decode.h>

int
main (void)
{

    BrotliDecoderDecompressStream(
		NULL,	/* BrotliDecoderState* state */
		NULL,	/* size_t* available_in */
		NULL,	/* const uint8_t** next_in */
		NULL,	/* size_t* available_out */
		NULL,	/* uint8_t** next_out */
		NULL	/* size_t* total_out */
	);

  ;
  return 0;
}
configure:41159: testing ... testing /usr/local/include ...
configure:41191: musl-gcc -idirafter /home/ildar/kyronix-ports/net/lynx/kernel-headers -c -O2 -fno-link-libatomic -D_BSD_SOURCE -DLINUX -I/home/ildar/kyronix-ports/libs/openssl/stage/usr/include -I/home/ildar/kyronix-ports/libs/ncurses/obj-musl-static/include -I/usr/local/include conftest.c >&5
configure:41203:10: fatal error: brotli/decode.h: No such file or directory
compilation terminated.
configure:41194: $? = 1
configure: failed program was:
#line 41167 "configure"
#include "confdefs.h"

#include <stdio.h>
#if HAVE_SYS_TYPES_H
# include <sys/types.h>
#endif
#if HAVE_SYS_STAT_H
# include <sys/stat.h>
#endif
#if STDC_HEADERS
# include <stdlib.h>
# include <stddef.h>
#else
# if HAVE_STDLIB_H
#  include <stdlib.h>
# endif
#endif
#if HAVE_STRING_H
# if !STDC_HEADERS && HAVE_MEMORY_H
#  include <memory.h>
# endif
# include <string.h>
#endif
#if HAVE_STRINGS_H
# include <strings.h>
#endif
#if HAVE_INTTYPES_H
# include <inttypes.h>
#else
# if HAVE_STDINT_H
#  include <stdint.h>
# endif
#endif
#if HAVE_UNISTD_H
# include <unistd.h>
#endif
#include <brotli/decode.h>

int
main (void)
{

    BrotliDecoderDecompressStream(
		NULL,	/* BrotliDecoderState* state */
		NULL,	/* size_t* available_in */
		NULL,	/* const uint8_t** next_in */
		NULL,	/* size_t* available_out */
		NULL,	/* uint8_t** next_out */
		NULL	/* size_t* total_out */
	);

  ;
  return 0;
}
configure:41159: testing ... testing /home/ildar/kyronix-ports/libs/openssl/stage/usr/include ...
configure:41191: musl-gcc -idirafter /home/ildar/kyronix-ports/net/lynx/kernel-headers -c -O2 -fno-link-libatomic -D_BSD_SOURCE -DLINUX -I/home/ildar/kyronix-ports/libs/openssl/stage/usr/include -I/home/ildar/kyronix-ports/libs/ncurses/obj-musl-static/include -I/home/ildar/kyronix-ports/libs/openssl/stage/usr/include conftest.c >&5
configure:41203:10: fatal error: brotli/decode.h: No such file or directory
compilation terminated.
configure:41194: $? = 1
configure: failed program was:
#line 41167 "configure"
#include "confdefs.h"

#include <stdio.h>
#if HAVE_SYS_TYPES_H
# include <sys/types.h>
#endif
#if HAVE_SYS_STAT_H
# include <sys/stat.h>
#endif
#if STDC_HEADERS
# include <stdlib.h>
# include <stddef.h>
#else
# if HAVE_STDLIB_H
#  include <stdlib.h>
# endif
#endif
#if HAVE_STRING_H
# if !STDC_HEADERS && HAVE_MEMORY_H
#  include <memory.h>
# endif
# include <string.h>
#endif
#if HAVE_STRINGS_H
# include <strings.h>
#endif
#if HAVE_INTTYPES_H
# include <inttypes.h>
#else
# if HAVE_STDINT_H
#  include <stdint.h>
# endif
#endif
#if HAVE_UNISTD_H
# include <unistd.h>
#endif
#include <brotli/decode.h>

int
main (void)
{

    BrotliDecoderDecompressStream(
		NULL,	/* BrotliDecoderState* state */
		NULL,	/* size_t* available_in */
		NULL,	/* const uint8_t** next_in */
		NULL,	/* size_t* available_out */
		NULL,	/* uint8_t** next_out */
		NULL	/* size_t* total_out */
	);

  ;
  return 0;
}
configure:41159: testing ... testing /home/ildar/kyronix-ports/libs/openssl/stage/usr/include ...
configure:41191: musl-gcc -idirafter /home/ildar/kyronix-ports/net/lynx/kernel-headers -c -O2 -fno-link-libatomic -D_BSD_SOURCE -DLINUX -I/home/ildar/kyronix-ports/libs/openssl/stage/usr/include -I/home/ildar/kyronix-ports/libs/ncurses/obj-musl-static/include -I/home/ildar/kyronix-ports/libs/openssl/stage/usr/include conftest.c >&5
configure:41203:10: fatal error: brotli/decode.h: No such file or directory
compilation terminated.
configure:41194: $? = 1
configure: failed program was:
#line 41167 "configure"
#include "confdefs.h"

#include <stdio.h>
#if HAVE_SYS_TYPES_H
# include <sys/types.h>
#endif
#if HAVE_SYS_STAT_H
# include <sys/stat.h>
#endif
#if STDC_HEADERS
# include <stdlib.h>
# include <stddef.h>
#else
# if HAVE_STDLIB_H
#  include <stdlib.h>
# endif
#endif
#if HAVE_STRING_H
# if !STDC_HEADERS && HAVE_MEMORY_H
#  include <memory.h>
# endif
# include <string.h>
#endif
#if HAVE_STRINGS_H
# include <strings.h>
#endif
#if HAVE_INTTYPES_H
# include <inttypes.h>
#else
# if HAVE_STDINT_H
#  include <stdint.h>
# endif
#endif
#if HAVE_UNISTD_H
# include <unistd.h>
#endif
#include <brotli/decode.h>

int
main (void)
{

    BrotliDecoderDecompressStream(
		NULL,	/* BrotliDecoderState* state */
		NULL,	/* size_t* available_in */
		NULL,	/* const uint8_t** next_in */
		NULL,	/* size_t* available_out */
		NULL,	/* uint8_t** next_out */
		NULL	/* size_t* total_out */
	);

  ;
  return 0;
}
configure:41159: testing ... testing /home/ildar/kyronix-ports/libs/ncurses/obj-musl-static/include ...
configure:41191: musl-gcc -idirafter /home/ildar/kyronix-ports/net/lynx/kernel-headers -c -O2 -fno-link-libatomic -D_BSD_SOURCE -DLINUX -I/home/ildar/kyronix-ports/libs/openssl/stage/usr/include -I/home/ildar/kyronix-ports/libs/ncurses/obj-musl-static/include -I/home/ildar/kyronix-ports/libs/ncurses/obj-musl-static/include conftest.c >&5
configure:41203:10: fatal error: brotli/decode.h: No such file or directory
compilation terminated.
configure:41194: $? = 1
configure: failed program was:
#line 41167 "configure"
#include "confdefs.h"

#include <stdio.h>
#if HAVE_SYS_TYPES_H
# include <sys/types.h>
#endif
#if HAVE_SYS_STAT_H
# include <sys/stat.h>
#endif
#if STDC_HEADERS
# include <stdlib.h>
# include <stddef.h>
#else
# if HAVE_STDLIB_H
#  include <stdlib.h>
# endif
#endif
#if HAVE_STRING_H
# if !STDC_HEADERS && HAVE_MEMORY_H
#  include <memory.h>
# endif
# include <string.h>
#endif
#if HAVE_STRINGS_H
# include <strings.h>
#endif
#if HAVE_INTTYPES_H
# include <inttypes.h>
#else
# if HAVE_STDINT_H
#  include <stdint.h>
# endif
#endif
#if HAVE_UNISTD_H
# include <unistd.h>
#endif
#include <brotli/decode.h>

int
main (void)
{

    BrotliDecoderDecompressStream(
		NULL,	/* BrotliDecoderState* state */
		NULL,	/* size_t* available_in */
		NULL,	/* const uint8_t** next_in */
		NULL,	/* size_t* available_out */
		NULL,	/* uint8_t** next_out */
		NULL	/* size_t* total_out */
	);

  ;
  return 0;
}
configure:41555: WARNING: Cannot find brotlidec library
configure:41566: checking if you want to use zstd decompression
configure:41576: result: yes
configure:41837: testing Starting FIND_LINKAGE(zstd,zstd) ...
configure:41863: musl-gcc -idirafter /home/ildar/kyronix-ports/net/lynx/kernel-headers -o conftest -O2 -fno-link-libatomic -D_BSD_SOURCE -DLINUX -I/home/ildar/kyronix-ports/libs/openssl/stage/usr/include -I/home/ildar/kyronix-ports/libs/ncurses/obj-musl-static/include -L/home/ildar/kyronix-ports/libs/ncurses/obj-musl-static/lib -static conftest.c  -lncurses -L/home/ildar/kyronix-ports/libs/openssl/stage/usr/lib64 -lssl -lcrypto  >&5
configure:41844:10: fatal error: zstd.h: No such file or directory
compilation terminated.
configure:41866: $? = 1
configure: failed program was:
#line 41842 "configure"
#include "confdefs.h"

#include <zstd.h>

int
main (void)
{

    ZSTD_DStream *izsp = ZSTD_createDStream();
    ZSTD_inBuffer ib;
    ZSTD_outBuffer ob;
    ZSTD_initDStream(izsp);
    ZSTD_decompressStream(izsp, &ob, &ib);
    ZSTD_freeDStream(izsp);

  ;
  return 0;
}
configure:41907: musl-gcc -idirafter /home/ildar/kyronix-ports/net/lynx/kernel-headers -o conftest -O2 -fno-link-libatomic -D_BSD_SOURCE -DLINUX -I/home/ildar/kyronix-ports/libs/openssl/stage/usr/include -I/home/ildar/kyronix-ports/libs/ncurses/obj-musl-static/include -L/home/ildar/kyronix-ports/libs/ncurses/obj-musl-static/lib -static conftest.c -lzstd   -lncurses -L/home/ildar/kyronix-ports/libs/openssl/stage/usr/lib64 -lssl -lcrypto  >&5
configure:41888:10: fatal error: zstd.h: No such file or directory
compilation terminated.
configure:41910: $? = 1
configure: failed program was:
#line 41886 "configure"
#include "confdefs.h"

#include <zstd.h>

int
main (void)
{

    ZSTD_DStream *izsp = ZSTD_createDStream();
    ZSTD_inBuffer ib;
    ZSTD_outBuffer ob;
    ZSTD_initDStream(izsp);
    ZSTD_decompressStream(izsp, &ob, &ib);
    ZSTD_freeDStream(izsp);

  ;
  return 0;
}
configure:41933: testing find linkage for zstd library ...
configure:41935: testing Searching for headers in FIND_LINKAGE(zstd,zstd) ...
configure:42026: testing ... testing /usr/include ...
configure:42055: musl-gcc -idirafter /home/ildar/kyronix-ports/net/lynx/kernel-headers -c -O2 -fno-link-libatomic -D_BSD_SOURCE -DLINUX -I/home/ildar/kyronix-ports/libs/openssl/stage/usr/include -I/home/ildar/kyronix-ports/libs/ncurses/obj-musl-static/include -I/usr/include conftest.c >&5
configure:42058: $? = 0
configure:42061: test -s conftest.o
configure:42064: $? = 0
configure:42069: testing ... found zstd headers in /usr/include ...
configure:42087: testing Searching for zstd library in FIND_LINKAGE(zstd,zstd) ...
configure:42116: musl-gcc -idirafter /home/ildar/kyronix-ports/net/lynx/kernel-headers -o conftest -O2 -fno-link-libatomic -D_BSD_SOURCE -DLINUX -I/home/ildar/kyronix-ports/libs/openssl/stage/usr/include -I/home/ildar/kyronix-ports/libs/ncurses/obj-musl-static/include -I/usr/include -L/home/ildar/kyronix-ports/libs/ncurses/obj-musl-static/lib -static conftest.c -lzstd   -lncurses -L/home/ildar/kyronix-ports/libs/openssl/stage/usr/lib64 -lssl -lcrypto  >&5
/usr/bin/ld: cannot find -lzstd: No such file or directory
/usr/bin/ld: have you installed the static version of the zstd library ?
collect2: error: ld returned 1 exit status
configure:42119: $? = 1
configure: failed program was:
#line 42095 "configure"
#include "confdefs.h"

#include <zstd.h>

int
main (void)
{

    ZSTD_DStream *izsp = ZSTD_createDStream();
    ZSTD_inBuffer ib;
    ZSTD_outBuffer ob;
    ZSTD_initDStream(izsp);
    ZSTD_decompressStream(izsp, &ob, &ib);
    ZSTD_freeDStream(izsp);

  ;
  return 0;
}
configure:42211: testing ... testing /home/ildar/kyronix-ports/libs/ncurses/obj-musl-static/lib ...
configure:42238: musl-gcc -idirafter /home/ildar/kyronix-ports/net/lynx/kernel-headers -o conftest -O2 -fno-link-libatomic -D_BSD_SOURCE -DLINUX -I/home/ildar/kyronix-ports/libs/openssl/stage/usr/include -I/home/ildar/kyronix-ports/libs/ncurses/obj-musl-static/include -I/usr/include -L/home/ildar/kyronix-ports/libs/ncurses/obj-musl-static/lib -static -L/home/ildar/kyronix-ports/libs/ncurses/obj-musl-static/lib conftest.c -lzstd   -lncurses -L/home/ildar/kyronix-ports/libs/openssl/stage/usr/lib64 -lssl -lcrypto  >&5
/usr/bin/ld: cannot find -lzstd: No such file or directory
/usr/bin/ld: have you installed the static version of the zstd library ?
collect2: error: ld returned 1 exit status
configure:42241: $? = 1
configure: failed program was:
#line 42217 "configure"
#include "confdefs.h"

#include <zstd.h>

int
main (void)
{

    ZSTD_DStream *izsp = ZSTD_createDStream();
    ZSTD_inBuffer ib;
    ZSTD_outBuffer ob;
    ZSTD_initDStream(izsp);
    ZSTD_decompressStream(izsp, &ob, &ib);
    ZSTD_freeDStream(izsp);

  ;
  return 0;
}
configure:42211: testing ... testing /home/ildar/kyronix-ports/libs/ncurses/obj-musl-static/lib ...
configure:42238: musl-gcc -idirafter /home/ildar/kyronix-ports/net/lynx/kernel-headers -o conftest -O2 -fno-link-libatomic -D_BSD_SOURCE -DLINUX -I/home/ildar/kyronix-ports/libs/openssl/stage/usr/include -I/home/ildar/kyronix-ports/libs/ncurses/obj-musl-static/include -I/usr/include -L/home/ildar/kyronix-ports/libs/ncurses/obj-musl-static/lib -static -L/home/ildar/kyronix-ports/libs/ncurses/obj-musl-static/lib conftest.c -lzstd   -lncurses -L/home/ildar/kyronix-ports/libs/openssl/stage/usr/lib64 -lssl -lcrypto  >&5
/usr/bin/ld: cannot find -lzstd: No such file or directory
/usr/bin/ld: have you installed the static version of the zstd library ?
collect2: error: ld returned 1 exit status
configure:42241: $? = 1
configure: failed program was:
#line 42217 "configure"
#include "confdefs.h"

#include <zstd.h>

int
main (void)
{

    ZSTD_DStream *izsp = ZSTD_createDStream();
    ZSTD_inBuffer ib;
    ZSTD_outBuffer ob;
    ZSTD_initDStream(izsp);
    ZSTD_decompressStream(izsp, &ob, &ib);
    ZSTD_freeDStream(izsp);

  ;
  return 0;
}
configure:42211: testing ... testing /usr/lib ...
configure:42238: musl-gcc -idirafter /home/ildar/kyronix-ports/net/lynx/kernel-headers -o conftest -O2 -fno-link-libatomic -D_BSD_SOURCE -DLINUX -I/home/ildar/kyronix-ports/libs/openssl/stage/usr/include -I/home/ildar/kyronix-ports/libs/ncurses/obj-musl-static/include -I/usr/include -L/home/ildar/kyronix-ports/libs/ncurses/obj-musl-static/lib -static -L/usr/lib conftest.c -lzstd   -lncurses -L/home/ildar/kyronix-ports/libs/openssl/stage/usr/lib64 -lssl -lcrypto  >&5
/usr/bin/ld: cannot find -lzstd: No such file or directory
/usr/bin/ld: have you installed the static version of the zstd library ?
collect2: error: ld returned 1 exit status
configure:42241: $? = 1
configure: failed program was:
#line 42217 "configure"
#include "confdefs.h"

#include <zstd.h>

int
main (void)
{

    ZSTD_DStream *izsp = ZSTD_createDStream();
    ZSTD_inBuffer ib;
    ZSTD_outBuffer ob;
    ZSTD_initDStream(izsp);
    ZSTD_decompressStream(izsp, &ob, &ib);
    ZSTD_freeDStream(izsp);

  ;
  return 0;
}
configure:42211: testing ... testing /usr/local/lib ...
configure:42238: musl-gcc -idirafter /home/ildar/kyronix-ports/net/lynx/kernel-headers -o conftest -O2 -fno-link-libatomic -D_BSD_SOURCE -DLINUX -I/home/ildar/kyronix-ports/libs/openssl/stage/usr/include -I/home/ildar/kyronix-ports/libs/ncurses/obj-musl-static/include -I/usr/include -L/home/ildar/kyronix-ports/libs/ncurses/obj-musl-static/lib -static -L/usr/local/lib conftest.c -lzstd   -lncurses -L/home/ildar/kyronix-ports/libs/openssl/stage/usr/lib64 -lssl -lcrypto  >&5
/usr/bin/ld: cannot find -lzstd: No such file or directory
/usr/bin/ld: have you installed the static version of the zstd library ?
collect2: error: ld returned 1 exit status
configure:42241: $? = 1
configure: failed program was:
#line 42217 "configure"
#include "confdefs.h"

#include <zstd.h>

int
main (void)
{

    ZSTD_DStream *izsp = ZSTD_createDStream();
    ZSTD_inBuffer ib;
    ZSTD_outBuffer ob;
    ZSTD_initDStream(izsp);
    ZSTD_decompressStream(izsp, &ob, &ib);
    ZSTD_freeDStream(izsp);

  ;
  return 0;
}
configure:42413: WARNING: Cannot find zstd library
configure:42424: checking if you want to exclude FINGER code
configure:42441: result: no
configure:42448: checking if you want to exclude GOPHER code
configure:42465: result: no
configure:42472: checking if you want to exclude NEWS code
configure:42489: result: no
configure:42496: checking if you want to exclude FTP code
configure:42513: result: no
configure:42520: checking if you want to include WAIS code
configure:42537: result: no
configure:42798: checking if directory-editor code should be used
configure:42815: result: yes
configure:42825: checking if you wish to allow extracting from archives via DirEd
configure:42842: result: yes
configure:42845: checking if DirEd mode should override keys
configure:42869: result: yes
configure:42872: checking if you wish to allow permissions commands via DirEd
configure:42896: result: yes
configure:42899: checking if you wish to allow executable-permission commands via DirEd
configure:42916: result: yes
configure:42919: checking if you wish to allow "tar" commands from DirEd
configure:42943: result: yes
configure:42946: checking if you wish to allow "uudecode" commands from DirEd
configure:42970: result: yes
configure:42973: checking if you wish to allow "zip" and "unzip" commands from DirEd
configure:42997: result: yes
configure:43000: checking if you wish to allow "gzip" and "gunzip" commands from DirEd
configure:43024: result: yes
configure:43028: checking if you want long-directory listings
configure:43052: result: yes
configure:43055: checking if parent-directory references are permitted
configure:43072: result: yes
configure:43080: checking for telnet
configure:43097: found /usr/bin/telnet
configure:43108: result: /usr/bin/telnet
configure:43168: testing defining path for /usr/bin/telnet ...
configure:43186: checking for tn3270
configure:43217: result: no
configure:43186: checking for tn3270
configure:43217: result: no
configure:43292: checking for rlogin
configure:43309: found /usr/bin/rlogin
configure:43320: result: /usr/bin/rlogin
configure:43380: testing defining path for /usr/bin/rlogin ...
configure:43398: checking for mv
configure:43415: found /usr/bin/mv
configure:43426: result: /usr/bin/mv
configure:43486: testing defining path for /usr/bin/mv ...
configure:43504: checking for gzip
configure:43521: found /usr/bin/gzip
configure:43532: result: /usr/bin/gzip
configure:43592: testing defining path for /usr/bin/gzip ...
configure:43610: checking for gunzip
configure:43627: found /usr/bin/gunzip
configure:43638: result: /usr/bin/gunzip
configure:43698: testing defining path for /usr/bin/gunzip ...
configure:43716: checking for unzip
configure:43733: found /usr/bin/unzip
configure:43744: result: /usr/bin/unzip
configure:43804: testing defining path for /usr/bin/unzip ...
configure:43822: checking for bzip2
configure:43839: found /usr/bin/bzip2
configure:43850: result: /usr/bin/bzip2
configure:43910: testing defining path for /usr/bin/bzip2 ...
configure:43928: checking for brotli
configure:43945: found /usr/bin/brotli
configure:43956: result: /usr/bin/brotli
configure:44016: testing defining path for /usr/bin/brotli ...
configure:44034: checking for zstd
configure:44051: found /usr/bin/zstd
configure:44062: result: /usr/bin/zstd
configure:44122: testing defining path for /usr/bin/zstd ...
configure:44140: checking for tar
configure:44157: found /usr/bin/tar
configure:44168: result: /usr/bin/tar
configure:44228: testing defining path for /usr/bin/tar ...
configure:44286: checking for compress
configure:44317: result: no
configure:44286: checking for compress
configure:44317: result: no
configure:44392: checking for rm
configure:44409: found /usr/bin/rm
configure:44420: result: /usr/bin/rm
configure:44480: testing defining path for /usr/bin/rm ...
configure:44498: checking for uudecode
configure:44529: result: no
configure:44498: checking for uudecode
configure:44529: result: no
configure:44604: checking for zcat
configure:44621: found /usr/bin/zcat
configure:44632: result: /usr/bin/zcat
configure:44692: testing defining path for /usr/bin/zcat ...
configure:44710: checking for zip
configure:44727: found /usr/bin/zip
configure:44738: result: /usr/bin/zip
configure:44798: testing defining path for /usr/bin/zip ...
configure:44826: checking for /usr/bin/install
configure:44854: result: /usr/bin/install -c
configure:44914: testing defining path for /usr/bin/install ...
configure:48587: checking if we can include termio.h with curses
configure:48611: musl-gcc -idirafter /home/ildar/kyronix-ports/net/lynx/kernel-headers -c -O2 -fno-link-libatomic -D_BSD_SOURCE -DLINUX -I/home/ildar/kyronix-ports/libs/openssl/stage/usr/include -I/home/ildar/kyronix-ports/libs/ncurses/obj-musl-static/include -DHAVE_CONFIG_H -I. -I.. -I../src -I../WWW/Library/Implementation conftest.c >&5
configure:48600:10: fatal error: termio.h: No such file or directory
compilation terminated.
configure:48614: $? = 1
configure: failed program was:
#line 48597 "configure"
#include "confdefs.h"

#include <LYCurses.h>
#include <termio.h>
int
main (void)
{
putchar(0x0a)
  ;
  return 0;
}
configure:48633: result: no
configure:48650: checking for ncurses/term.h
configure:48660: musl-gcc -idirafter /home/ildar/kyronix-ports/net/lynx/kernel-headers -E -C -D_BSD_SOURCE -DLINUX -I/home/ildar/kyronix-ports/libs/openssl/stage/usr/include -I/home/ildar/kyronix-ports/libs/ncurses/obj-musl-static/include conftest.c
configure:48657:10: fatal error: ncurses/term.h: No such file or directory
compilation terminated.
configure:48666: $? = 1
configure: failed program was:
#line 48656 "configure"
#include "confdefs.h"
#include <ncurses/term.h>
configure:48685: result: no
configure:48650: checking for term.h
configure:48660: musl-gcc -idirafter /home/ildar/kyronix-ports/net/lynx/kernel-headers -E -C -D_BSD_SOURCE -DLINUX -I/home/ildar/kyronix-ports/libs/openssl/stage/usr/include -I/home/ildar/kyronix-ports/libs/ncurses/obj-musl-static/include conftest.c
configure:48666: $? = 0
configure:48685: result: yes
configure:48697: checking if curses supports alternate-character set
configure:48720: musl-gcc -idirafter /home/ildar/kyronix-ports/net/lynx/kernel-headers -o conftest -O2 -fno-link-libatomic -D_BSD_SOURCE -DLINUX -I/home/ildar/kyronix-ports/libs/openssl/stage/usr/include -I/home/ildar/kyronix-ports/libs/ncurses/obj-musl-static/include -L/home/ildar/kyronix-ports/libs/ncurses/obj-musl-static/lib -static conftest.c  -lncurses -L/home/ildar/kyronix-ports/libs/openssl/stage/usr/lib64 -lssl -lcrypto  >&5
configure:48723: $? = 0
configure:48726: test -s conftest
configure:48729: $? = 0
configure:48743: result: acs_map
configure:48750: checking if curses supports fancy attributes
configure:48775: musl-gcc -idirafter /home/ildar/kyronix-ports/net/lynx/kernel-headers -o conftest -O2 -fno-link-libatomic -D_BSD_SOURCE -DLINUX -I/home/ildar/kyronix-ports/libs/openssl/stage/usr/include -I/home/ildar/kyronix-ports/libs/ncurses/obj-musl-static/include -L/home/ildar/kyronix-ports/libs/ncurses/obj-musl-static/lib -static conftest.c  -lncurses -L/home/ildar/kyronix-ports/libs/openssl/stage/usr/lib64 -lssl -lcrypto  >&5
configure:48778: $? = 0
configure:48781: test -s conftest
configure:48784: $? = 0
configure:48796: result: yes
configure:48803: checking for function curses_version
configure:48829: musl-gcc -idirafter /home/ildar/kyronix-ports/net/lynx/kernel-headers -o conftest -O2 -fno-link-libatomic -D_BSD_SOURCE -DLINUX -I/home/ildar/kyronix-ports/libs/openssl/stage/usr/include -I/home/ildar/kyronix-ports/libs/ncurses/obj-musl-static/include -L/home/ildar/kyronix-ports/libs/ncurses/obj-musl-static/lib -static conftest.c  -lncurses -L/home/ildar/kyronix-ports/libs/openssl/stage/usr/lib64 -lssl -lcrypto  >&5
configure:48832: $? = 0
configure:48834: ./conftest
configure:48837: $? = 0
configure:48852: result: yes
configure:48860: checking for obsolete/broken version of ncurses
configure:48886: musl-gcc -idirafter /home/ildar/kyronix-ports/net/lynx/kernel-headers -c -O2 -fno-link-libatomic -D_BSD_SOURCE -DLINUX -I/home/ildar/kyronix-ports/libs/openssl/stage/usr/include -I/home/ildar/kyronix-ports/libs/ncurses/obj-musl-static/include conftest.c >&5
configure:48889: $? = 0
configure:48892: test -s conftest.o
configure:48895: $? = 0
configure:48907: result: no
configure:48920: checking if curses supports color attributes
configure:48948: musl-gcc -idirafter /home/ildar/kyronix-ports/net/lynx/kernel-headers -o conftest -O2 -fno-link-libatomic -D_BSD_SOURCE -DLINUX -I/home/ildar/kyronix-ports/libs/openssl/stage/usr/include -I/home/ildar/kyronix-ports/libs/ncurses/obj-musl-static/include -L/home/ildar/kyronix-ports/libs/ncurses/obj-musl-static/lib -static conftest.c  -lncurses -L/home/ildar/kyronix-ports/libs/openssl/stage/usr/lib64 -lssl -lcrypto  >&5
configure:48951: $? = 0
configure:48954: test -s conftest
configure:48957: $? = 0
configure:48969: result: yes
configure:48993: checking for sgtty.h
configure:49003: musl-gcc -idirafter /home/ildar/kyronix-ports/net/lynx/kernel-headers -E -C -D_BSD_SOURCE -DLINUX -I/home/ildar/kyronix-ports/libs/openssl/stage/usr/include -I/home/ildar/kyronix-ports/libs/ncurses/obj-musl-static/include conftest.c
configure:49000:10: fatal error: sgtty.h: No such file or directory
compilation terminated.
configure:49009: $? = 1
configure: failed program was:
#line 48999 "configure"
#include "confdefs.h"
#include <sgtty.h>
configure:49028: result: no
configure:48993: checking for termio.h
configure:49028: result: no
configure:48993: checking for termios.h
configure:49028: result: yes
configure:48993: checking for unistd.h
configure:49028: result: yes
configure:48993: checking for sys/ioctl.h
configure:49028: result: yes
configure:48993: checking for sys/termio.h
configure:49003: musl-gcc -idirafter /home/ildar/kyronix-ports/net/lynx/kernel-headers -E -C -D_BSD_SOURCE -DLINUX -I/home/ildar/kyronix-ports/libs/openssl/stage/usr/include -I/home/ildar/kyronix-ports/libs/ncurses/obj-musl-static/include conftest.c
configure:49000:10: fatal error: sys/termio.h: No such file or directory
compilation terminated.
configure:49009: $? = 1
configure: failed program was:
#line 48999 "configure"
#include "confdefs.h"
#include <sys/termio.h>
configure:49028: result: no
configure:49045: checking whether termios.h needs _POSIX_SOURCE
configure:49060: musl-gcc -idirafter /home/ildar/kyronix-ports/net/lynx/kernel-headers -c -O2 -fno-link-libatomic -D_BSD_SOURCE -DLINUX -I/home/ildar/kyronix-ports/libs/openssl/stage/usr/include -I/home/ildar/kyronix-ports/libs/ncurses/obj-musl-static/include conftest.c >&5
configure:49063: $? = 0
configure:49066: test -s conftest.o
configure:49069: $? = 0
configure:49116: result: no
configure:49121: checking declaration of size-change
configure:49192: musl-gcc -idirafter /home/ildar/kyronix-ports/net/lynx/kernel-headers -c -O2 -fno-link-libatomic -D_BSD_SOURCE -DLINUX -I/home/ildar/kyronix-ports/libs/openssl/stage/usr/include -I/home/ildar/kyronix-ports/libs/ncurses/obj-musl-static/include conftest.c >&5
configure:49195: $? = 0
configure:49198: test -s conftest.o
configure:49201: $? = 0
size-change succeeded ()
configure:49220: result: yes
configure:49238: checking if ttytype is declared in curses library
configure:49257: musl-gcc -idirafter /home/ildar/kyronix-ports/net/lynx/kernel-headers -o conftest -O2 -fno-link-libatomic -D_BSD_SOURCE -DLINUX -I/home/ildar/kyronix-ports/libs/openssl/stage/usr/include -I/home/ildar/kyronix-ports/libs/ncurses/obj-musl-static/include -L/home/ildar/kyronix-ports/libs/ncurses/obj-musl-static/lib -static conftest.c  -lncurses -L/home/ildar/kyronix-ports/libs/openssl/stage/usr/lib64 -lssl -lcrypto  >&5
configure:49260: $? = 0
configure:49263: test -s conftest
configure:49266: $? = 0
configure:49278: result: yes
configure:49439: checking definition to turn on extended curses functions
configure:49480: musl-gcc -idirafter /home/ildar/kyronix-ports/net/lynx/kernel-headers -o conftest -O2 -fno-link-libatomic -D_BSD_SOURCE -DLINUX -I/home/ildar/kyronix-ports/libs/openssl/stage/usr/include -I/home/ildar/kyronix-ports/libs/ncurses/obj-musl-static/include -L/home/ildar/kyronix-ports/libs/ncurses/obj-musl-static/lib -static conftest.c  -lncurses -L/home/ildar/kyronix-ports/libs/openssl/stage/usr/lib64 -lssl -lcrypto  >&5
configure: In function 'main':
configure:49494:2: error: #error prefer to fall-through on the second checks
configure:49497:2: error: unknown type name 'cchar_t'; did you mean 'wchar_t'?
configure:49483: $? = 1
configure: failed program was:
#line 49447 "configure"
#include "confdefs.h"

#include <stdio.h>
#if HAVE_SYS_TYPES_H
# include <sys/types.h>
#endif
#if HAVE_SYS_STAT_H
# include <sys/stat.h>
#endif
#if STDC_HEADERS
# include <stdlib.h>
# include <stddef.h>
#else
# if HAVE_STDLIB_H
#  include <stdlib.h>
# endif
#endif
#if HAVE_STRING_H
# if !STDC_HEADERS && HAVE_MEMORY_H
#  include <memory.h>
# endif
# include <string.h>
#endif
#if HAVE_STRINGS_H
# include <strings.h>
#endif
#if HAVE_INTTYPES_H
# include <inttypes.h>
#else
# if HAVE_STDINT_H
#  include <stdint.h>
# endif
#endif
#if HAVE_UNISTD_H
# include <unistd.h>
#endif
#include <curses.h>
int
main (void)
{

#if defined(NCURSES_VERSION_PATCH)
#if (NCURSES_VERSION_PATCH < 20100501) && (NCURSES_VERSION_PATCH >= 20100403)
	#error disallow ncurses versions between 2020/04/03 and 2010/05/01
#endif
#endif
#ifdef NCURSES_WIDECHAR
#error prefer to fall-through on the second checks
#endif
	static char dummy[10];
	cchar_t check;
	int check2 = curs_set((int)sizeof(check));
	long x = winnstr(stdscr, dummy, 5);
	int x1, y1;
	(void)check2;
	getbegyx(stdscr, y1, x1);
	(void)x;
	(void)y1;
	(void)x1;

  ;
  return 0;
}
configure:49525: musl-gcc -idirafter /home/ildar/kyronix-ports/net/lynx/kernel-headers -o conftest -O2 -fno-link-libatomic -D_BSD_SOURCE -DLINUX -I/home/ildar/kyronix-ports/libs/openssl/stage/usr/include -I/home/ildar/kyronix-ports/libs/ncurses/obj-musl-static/include -L/home/ildar/kyronix-ports/libs/ncurses/obj-musl-static/lib -static conftest.c  -lncurses -L/home/ildar/kyronix-ports/libs/openssl/stage/usr/lib64 -lssl -lcrypto  >&5
configure:49528: $? = 0
configure:49531: test -s conftest
configure:49534: $? = 0
configure:49548: result: _XOPEN_SOURCE_EXTENDED
configure:49560: checking for term.h
configure:49665: result: term.h
configure:49692: checking for unctrl.h
configure:49727: musl-gcc -idirafter /home/ildar/kyronix-ports/net/lynx/kernel-headers -c -O2 -fno-link-libatomic -D_BSD_SOURCE -DLINUX -I/home/ildar/kyronix-ports/libs/openssl/stage/usr/include -I/home/ildar/kyronix-ports/libs/ncurses/obj-musl-static/include -D_XOPEN_SOURCE_EXTENDED conftest.c >&5
configure:49730: $? = 0
configure:49733: test -s conftest.o
configure:49736: $? = 0
configure:49749: result: unctrl.h
configure:49810: checking for assume_default_colors
configure:49813: testing assume_default_colors ...
configure:49855: musl-gcc -idirafter /home/ildar/kyronix-ports/net/lynx/kernel-headers -o conftest -O2 -fno-link-libatomic -D_BSD_SOURCE -DLINUX -I/home/ildar/kyronix-ports/libs/openssl/stage/usr/include -I/home/ildar/kyronix-ports/libs/ncurses/obj-musl-static/include -D_XOPEN_SOURCE_EXTENDED -L/home/ildar/kyronix-ports/libs/ncurses/obj-musl-static/lib -static conftest.c  -lncurses -L/home/ildar/kyronix-ports/libs/openssl/stage/usr/lib64 -lssl -lcrypto  >&5
configure:49858: $? = 0
configure:49861: test -s conftest
configure:49864: $? = 0
configure:49880: result: yes
configure:49810: checking for cbreak
configure:49813: testing cbreak ...
configure:49855: musl-gcc -idirafter /home/ildar/kyronix-ports/net/lynx/kernel-headers -o conftest -O2 -fno-link-libatomic -D_BSD_SOURCE -DLINUX -I/home/ildar/kyronix-ports/libs/openssl/stage/usr/include -I/home/ildar/kyronix-ports/libs/ncurses/obj-musl-static/include -D_XOPEN_SOURCE_EXTENDED -L/home/ildar/kyronix-ports/libs/ncurses/obj-musl-static/lib -static conftest.c  -lncurses -L/home/ildar/kyronix-ports/libs/openssl/stage/usr/lib64 -lssl -lcrypto  >&5
configure:49858: $? = 0
configure:49861: test -s conftest
configure:49864: $? = 0
configure:49880: result: yes
configure:49810: checking for define_key
configure:49813: testing define_key ...
configure:49855: musl-gcc -idirafter /home/ildar/kyronix-ports/net/lynx/kernel-headers -o conftest -O2 -fno-link-libatomic -D_BSD_SOURCE -DLINUX -I/home/ildar/kyronix-ports/libs/openssl/stage/usr/include -I/home/ildar/kyronix-ports/libs/ncurses/obj-musl-static/include -D_XOPEN_SOURCE_EXTENDED -L/home/ildar/kyronix-ports/libs/ncurses/obj-musl-static/lib -static conftest.c  -lncurses -L/home/ildar/kyronix-ports/libs/openssl/stage/usr/lib64 -lssl -lcrypto  >&5
configure:49858: $? = 0
configure:49861: test -s conftest
configure:49864: $? = 0
configure:49880: result: yes
configure:49810: checking for delscreen
configure:49813: testing delscreen ...
configure:49855: musl-gcc -idirafter /home/ildar/kyronix-ports/net/lynx/kernel-headers -o conftest -O2 -fno-link-libatomic -D_BSD_SOURCE -DLINUX -I/home/ildar/kyronix-ports/libs/openssl/stage/usr/include -I/home/ildar/kyronix-ports/libs/ncurses/obj-musl-static/include -D_XOPEN_SOURCE_EXTENDED -L/home/ildar/kyronix-ports/libs/ncurses/obj-musl-static/lib -static conftest.c  -lncurses -L/home/ildar/kyronix-ports/libs/openssl/stage/usr/lib64 -lssl -lcrypto  >&5
configure:49858: $? = 0
configure:49861: test -s conftest
configure:49864: $? = 0
configure:49880: result: yes
configure:49810: checking for getattrs
configure:49813: testing getattrs ...
configure:49855: musl-gcc -idirafter /home/ildar/kyronix-ports/net/lynx/kernel-headers -o conftest -O2 -fno-link-libatomic -D_BSD_SOURCE -DLINUX -I/home/ildar/kyronix-ports/libs/openssl/stage/usr/include -I/home/ildar/kyronix-ports/libs/ncurses/obj-musl-static/include -D_XOPEN_SOURCE_EXTENDED -L/home/ildar/kyronix-ports/libs/ncurses/obj-musl-static/lib -static conftest.c  -lncurses -L/home/ildar/kyronix-ports/libs/openssl/stage/usr/lib64 -lssl -lcrypto  >&5
configure:49858: $? = 0
configure:49861: test -s conftest
configure:49864: $? = 0
configure:49880: result: yes
configure:49810: checking for getbegx
configure:49813: testing getbegx ...
configure:49855: musl-gcc -idirafter /home/ildar/kyronix-ports/net/lynx/kernel-headers -o conftest -O2 -fno-link-libatomic -D_BSD_SOURCE -DLINUX -I/home/ildar/kyronix-ports/libs/openssl/stage/usr/include -I/home/ildar/kyronix-ports/libs/ncurses/obj-musl-static/include -D_XOPEN_SOURCE_EXTENDED -L/home/ildar/kyronix-ports/libs/ncurses/obj-musl-static/lib -static conftest.c  -lncurses -L/home/ildar/kyronix-ports/libs/openssl/stage/usr/lib64 -lssl -lcrypto  >&5
configure:49858: $? = 0
configure:49861: test -s conftest
configure:49864: $? = 0
configure:49880: result: yes
configure:49810: checking for getbegy
configure:49813: testing getbegy ...
configure:49855: musl-gcc -idirafter /home/ildar/kyronix-ports/net/lynx/kernel-headers -o conftest -O2 -fno-link-libatomic -D_BSD_SOURCE -DLINUX -I/home/ildar/kyronix-ports/libs/openssl/stage/usr/include -I/home/ildar/kyronix-ports/libs/ncurses/obj-musl-static/include -D_XOPEN_SOURCE_EXTENDED -L/home/ildar/kyronix-ports/libs/ncurses/obj-musl-static/lib -static conftest.c  -lncurses -L/home/ildar/kyronix-ports/libs/openssl/stage/usr/lib64 -lssl -lcrypto  >&5
configure:49858: $? = 0
configure:49861: test -s conftest
configure:49864: $? = 0
configure:49880: result: yes
configure:49810: checking for keypad
configure:49813: testing keypad ...
configure:49855: musl-gcc -idirafter /home/ildar/kyronix-ports/net/lynx/kernel-headers -o conftest -O2 -fno-link-libatomic -D_BSD_SOURCE -DLINUX -I/home/ildar/kyronix-ports/libs/openssl/stage/usr/include -I/home/ildar/kyronix-ports/libs/ncurses/obj-musl-static/include -D_XOPEN_SOURCE_EXTENDED -L/home/ildar/kyronix-ports/libs/ncurses/obj-musl-static/lib -static conftest.c  -lncurses -L/home/ildar/kyronix-ports/libs/openssl/stage/usr/lib64 -lssl -lcrypto  >&5
configure:49858: $? = 0
configure:49861: test -s conftest
configure:49864: $? = 0
configure:49880: result: yes
configure:49810: checking for napms
configure:49813: testing napms ...
configure:49855: musl-gcc -idirafter /home/ildar/kyronix-ports/net/lynx/kernel-headers -o conftest -O2 -fno-link-libatomic -D_BSD_SOURCE -DLINUX -I/home/ildar/kyronix-ports/libs/openssl/stage/usr/include -I/home/ildar/kyronix-ports/libs/ncurses/obj-musl-static/include -D_XOPEN_SOURCE_EXTENDED -L/home/ildar/kyronix-ports/libs/ncurses/obj-musl-static/lib -static conftest.c  -lncurses -L/home/ildar/kyronix-ports/libs/openssl/stage/usr/lib64 -lssl -lcrypto  >&5
configure:49858: $? = 0
configure:49861: test -s conftest
configure:49864: $? = 0
configure:49880: result: yes
configure:49810: checking for newpad
configure:49813: testing newpad ...
configure:49855: musl-gcc -idirafter /home/ildar/kyronix-ports/net/lynx/kernel-headers -o conftest -O2 -fno-link-libatomic -D_BSD_SOURCE -DLINUX -I/home/ildar/kyronix-ports/libs/openssl/stage/usr/include -I/home/ildar/kyronix-ports/libs/ncurses/obj-musl-static/include -D_XOPEN_SOURCE_EXTENDED -L/home/ildar/kyronix-ports/libs/ncurses/obj-musl-static/lib -static conftest.c  -lncurses -L/home/ildar/kyronix-ports/libs/openssl/stage/usr/lib64 -lssl -lcrypto  >&5
configure:49858: $? = 0
configure:49861: test -s conftest
configure:49864: $? = 0
configure:49880: result: yes
configure:49810: checking for newterm
configure:49813: testing newterm ...
configure:49855: musl-gcc -idirafter /home/ildar/kyronix-ports/net/lynx/kernel-headers -o conftest -O2 -fno-link-libatomic -D_BSD_SOURCE -DLINUX -I/home/ildar/kyronix-ports/libs/openssl/stage/usr/include -I/home/ildar/kyronix-ports/libs/ncurses/obj-musl-static/include -D_XOPEN_SOURCE_EXTENDED -L/home/ildar/kyronix-ports/libs/ncurses/obj-musl-static/lib -static conftest.c  -lncurses -L/home/ildar/kyronix-ports/libs/openssl/stage/usr/lib64 -lssl -lcrypto  >&5
configure:49858: $? = 0
configure:49861: test -s conftest
configure:49864: $? = 0
configure:49880: result: yes
configure:49810: checking for pnoutrefresh
configure:49813: testing pnoutrefresh ...
configure:49855: musl-gcc -idirafter /home/ildar/kyronix-ports/net/lynx/kernel-headers -o conftest -O2 -fno-link-libatomic -D_BSD_SOURCE -DLINUX -I/home/ildar/kyronix-ports/libs/openssl/stage/usr/include -I/home/ildar/kyronix-ports/libs/ncurses/obj-musl-static/include -D_XOPEN_SOURCE_EXTENDED -L/home/ildar/kyronix-ports/libs/ncurses/obj-musl-static/lib -static conftest.c  -lncurses -L/home/ildar/kyronix-ports/libs/openssl/stage/usr/lib64 -lssl -lcrypto  >&5
configure:49858: $? = 0
configure:49861: test -s conftest
configure:49864: $? = 0
configure:49880: result: yes
configure:49810: checking for resizeterm
configure:49813: testing resizeterm ...
configure:49855: musl-gcc -idirafter /home/ildar/kyronix-ports/net/lynx/kernel-headers -o conftest -O2 -fno-link-libatomic -D_BSD_SOURCE -DLINUX -I/home/ildar/kyronix-ports/libs/openssl/stage/usr/include -I/home/ildar/kyronix-ports/libs/ncurses/obj-musl-static/include -D_XOPEN_SOURCE_EXTENDED -L/home/ildar/kyronix-ports/libs/ncurses/obj-musl-static/lib -static conftest.c  -lncurses -L/home/ildar/kyronix-ports/libs/openssl/stage/usr/lib64 -lssl -lcrypto  >&5
configure:49858: $? = 0
configure:49861: test -s conftest
configure:49864: $? = 0
configure:49880: result: yes
configure:49810: checking for touchline
configure:49813: testing touchline ...
configure:49855: musl-gcc -idirafter /home/ildar/kyronix-ports/net/lynx/kernel-headers -o conftest -O2 -fno-link-libatomic -D_BSD_SOURCE -DLINUX -I/home/ildar/kyronix-ports/libs/openssl/stage/usr/include -I/home/ildar/kyronix-ports/libs/ncurses/obj-musl-static/include -D_XOPEN_SOURCE_EXTENDED -L/home/ildar/kyronix-ports/libs/ncurses/obj-musl-static/lib -static conftest.c  -lncurses -L/home/ildar/kyronix-ports/libs/openssl/stage/usr/lib64 -lssl -lcrypto  >&5
configure:49858: $? = 0
configure:49861: test -s conftest
configure:49864: $? = 0
configure:49880: result: yes
configure:49810: checking for touchwin
configure:49813: testing touchwin ...
configure:49855: musl-gcc -idirafter /home/ildar/kyronix-ports/net/lynx/kernel-headers -o conftest -O2 -fno-link-libatomic -D_BSD_SOURCE -DLINUX -I/home/ildar/kyronix-ports/libs/openssl/stage/usr/include -I/home/ildar/kyronix-ports/libs/ncurses/obj-musl-static/include -D_XOPEN_SOURCE_EXTENDED -L/home/ildar/kyronix-ports/libs/ncurses/obj-musl-static/lib -static conftest.c  -lncurses -L/home/ildar/kyronix-ports/libs/openssl/stage/usr/lib64 -lssl -lcrypto  >&5
configure:49858: $? = 0
configure:49861: test -s conftest
configure:49864: $? = 0
configure:49880: result: yes
configure:49810: checking for use_default_colors
configure:49813: testing use_default_colors ...
configure:49855: musl-gcc -idirafter /home/ildar/kyronix-ports/net/lynx/kernel-headers -o conftest -O2 -fno-link-libatomic -D_BSD_SOURCE -DLINUX -I/home/ildar/kyronix-ports/libs/openssl/stage/usr/include -I/home/ildar/kyronix-ports/libs/ncurses/obj-musl-static/include -D_XOPEN_SOURCE_EXTENDED -L/home/ildar/kyronix-ports/libs/ncurses/obj-musl-static/lib -static conftest.c  -lncurses -L/home/ildar/kyronix-ports/libs/openssl/stage/usr/lib64 -lssl -lcrypto  >&5
configure:49858: $? = 0
configure:49861: test -s conftest
configure:49864: $? = 0
configure:49880: result: yes
configure:49810: checking for use_legacy_coding
configure:49813: testing use_legacy_coding ...
configure:49855: musl-gcc -idirafter /home/ildar/kyronix-ports/net/lynx/kernel-headers -o conftest -O2 -fno-link-libatomic -D_BSD_SOURCE -DLINUX -I/home/ildar/kyronix-ports/libs/openssl/stage/usr/include -I/home/ildar/kyronix-ports/libs/ncurses/obj-musl-static/include -D_XOPEN_SOURCE_EXTENDED -L/home/ildar/kyronix-ports/libs/ncurses/obj-musl-static/lib -static conftest.c  -lncurses -L/home/ildar/kyronix-ports/libs/openssl/stage/usr/lib64 -lssl -lcrypto  >&5
configure:49858: $? = 0
configure:49861: test -s conftest
configure:49864: $? = 0
configure:49880: result: yes
configure:49810: checking for wattr_get
configure:49813: testing wattr_get ...
configure:49855: musl-gcc -idirafter /home/ildar/kyronix-ports/net/lynx/kernel-headers -o conftest -O2 -fno-link-libatomic -D_BSD_SOURCE -DLINUX -I/home/ildar/kyronix-ports/libs/openssl/stage/usr/include -I/home/ildar/kyronix-ports/libs/ncurses/obj-musl-static/include -D_XOPEN_SOURCE_EXTENDED -L/home/ildar/kyronix-ports/libs/ncurses/obj-musl-static/lib -static conftest.c  -lncurses -L/home/ildar/kyronix-ports/libs/openssl/stage/usr/lib64 -lssl -lcrypto  >&5
configure:49858: $? = 0
configure:49861: test -s conftest
configure:49864: $? = 0
configure:49880: result: yes
configure:49810: checking for wborder
configure:49813: testing wborder ...
configure:49855: musl-gcc -idirafter /home/ildar/kyronix-ports/net/lynx/kernel-headers -o conftest -O2 -fno-link-libatomic -D_BSD_SOURCE -DLINUX -I/home/ildar/kyronix-ports/libs/openssl/stage/usr/include -I/home/ildar/kyronix-ports/libs/ncurses/obj-musl-static/include -D_XOPEN_SOURCE_EXTENDED -L/home/ildar/kyronix-ports/libs/ncurses/obj-musl-static/lib -static conftest.c  -lncurses -L/home/ildar/kyronix-ports/libs/openssl/stage/usr/lib64 -lssl -lcrypto  >&5
configure:49858: $? = 0
configure:49861: test -s conftest
configure:49864: $? = 0
configure:49880: result: yes
configure:49810: checking for wredrawln
configure:49813: testing wredrawln ...
configure:49855: musl-gcc -idirafter /home/ildar/kyronix-ports/net/lynx/kernel-headers -o conftest -O2 -fno-link-libatomic -D_BSD_SOURCE -DLINUX -I/home/ildar/kyronix-ports/libs/openssl/stage/usr/include -I/home/ildar/kyronix-ports/libs/ncurses/obj-musl-static/include -D_XOPEN_SOURCE_EXTENDED -L/home/ildar/kyronix-ports/libs/ncurses/obj-musl-static/lib -static conftest.c  -lncurses -L/home/ildar/kyronix-ports/libs/openssl/stage/usr/lib64 -lssl -lcrypto  >&5
configure:49858: $? = 0
configure:49861: test -s conftest
configure:49864: $? = 0
configure:49880: result: yes
configure:49810: checking for wresize
configure:49813: testing wresize ...
configure:49855: musl-gcc -idirafter /home/ildar/kyronix-ports/net/lynx/kernel-headers -o conftest -O2 -fno-link-libatomic -D_BSD_SOURCE -DLINUX -I/home/ildar/kyronix-ports/libs/openssl/stage/usr/include -I/home/ildar/kyronix-ports/libs/ncurses/obj-musl-static/include -D_XOPEN_SOURCE_EXTENDED -L/home/ildar/kyronix-ports/libs/ncurses/obj-musl-static/lib -static conftest.c  -lncurses -L/home/ildar/kyronix-ports/libs/openssl/stage/usr/lib64 -lssl -lcrypto  >&5
configure:49858: $? = 0
configure:49861: test -s conftest
configure:49864: $? = 0
configure:49880: result: yes
configure:49897: checking for curses_exit
configure:49934: musl-gcc -idirafter /home/ildar/kyronix-ports/net/lynx/kernel-headers -o conftest -O2 -fno-link-libatomic -D_BSD_SOURCE -DLINUX -I/home/ildar/kyronix-ports/libs/openssl/stage/usr/include -I/home/ildar/kyronix-ports/libs/ncurses/obj-musl-static/include -D_XOPEN_SOURCE_EXTENDED -L/home/ildar/kyronix-ports/libs/ncurses/obj-musl-static/lib -static conftest.c  -lncurses -L/home/ildar/kyronix-ports/libs/openssl/stage/usr/lib64 -lssl -lcrypto  >&5
/usr/bin/ld: /tmp/cc07Ptdi.o: in function `main':
conftest.c:(.text.startup+0x5): undefined reference to `curses_exit'
collect2: error: ld returned 1 exit status
configure:49937: $? = 1
configure: failed program was:
#line 49903 "configure"
#include "confdefs.h"
#define curses_exit autoconf_temporary
#include <limits.h>	/* least-intrusive standard header which defines gcc2 __stub macros */
#undef curses_exit

#ifdef __cplusplus
extern "C"
#endif

/* We use char because int might match the return type of a gcc2
   builtin and then its argument prototype would still apply.  */
char curses_exit (void);

int
main (void)
{

/* The GNU C library defines stubs for functions which it implements
    to always fail with ENOSYS.  Some functions are actually named
    something starting with __ and the normal name is an alias.  */
#if defined (__stub_curses_exit) || defined (__stub___curses_exit)
#error found stub for curses_exit
#endif

	return curses_exit ();
  ;
  return 0;
}
configure:49953: result: no
configure:49897: checking for _nc_free_and_exit
configure:49934: musl-gcc -idirafter /home/ildar/kyronix-ports/net/lynx/kernel-headers -o conftest -O2 -fno-link-libatomic -D_BSD_SOURCE -DLINUX -I/home/ildar/kyronix-ports/libs/openssl/stage/usr/include -I/home/ildar/kyronix-ports/libs/ncurses/obj-musl-static/include -D_XOPEN_SOURCE_EXTENDED -L/home/ildar/kyronix-ports/libs/ncurses/obj-musl-static/lib -static conftest.c  -lncurses -L/home/ildar/kyronix-ports/libs/openssl/stage/usr/lib64 -lssl -lcrypto  >&5
configure:49937: $? = 0
configure:49940: test -s conftest
configure:49943: $? = 0
configure:49953: result: yes
configure:49897: checking for _nc_freeall
configure:49934: musl-gcc -idirafter /home/ildar/kyronix-ports/net/lynx/kernel-headers -o conftest -O2 -fno-link-libatomic -D_BSD_SOURCE -DLINUX -I/home/ildar/kyronix-ports/libs/openssl/stage/usr/include -I/home/ildar/kyronix-ports/libs/ncurses/obj-musl-static/include -D_XOPEN_SOURCE_EXTENDED -L/home/ildar/kyronix-ports/libs/ncurses/obj-musl-static/lib -static conftest.c  -lncurses -L/home/ildar/kyronix-ports/libs/openssl/stage/usr/lib64 -lssl -lcrypto  >&5
configure:49937: $? = 0
configure:49940: test -s conftest
configure:49943: $? = 0
configure:49953: result: yes
configure:49993: checking if rpath-hack should be disabled
configure:50011: result: no
configure:50016: checking for updated LDFLAGS
configure:50019: result: maybe
configure:50026: checking for ldd
configure:50041: found /usr/bin/ldd
configure:50049: result: ldd
configure:50078: musl-gcc -idirafter /home/ildar/kyronix-ports/net/lynx/kernel-headers -o conftest -O2 -fno-link-libatomic -D_BSD_SOURCE -DLINUX -I/home/ildar/kyronix-ports/libs/openssl/stage/usr/include -I/home/ildar/kyronix-ports/libs/ncurses/obj-musl-static/include -D_XOPEN_SOURCE_EXTENDED -L/home/ildar/kyronix-ports/libs/ncurses/obj-musl-static/lib -static conftest.c  -lncurses -L/home/ildar/kyronix-ports/libs/openssl/stage/usr/lib64 -lssl -lcrypto  >&5
configure:50081: $? = 0
configure:50084: test -s conftest
configure:50087: $? = 0
configure:50127: testing ...checking EXTRA_LDFLAGS  ...
configure:50131: testing ...checking LDFLAGS -L/home/ildar/kyronix-ports/libs/ncurses/obj-musl-static/lib -static ...
configure:50168: testing ...Filter -L/home/ildar/kyronix-ports/libs/ncurses/obj-musl-static/lib ->-Wl,-rpath,/home/ildar/kyronix-ports/libs/ncurses/obj-musl-static/lib ...
configure:50181: testing ...checked LDFLAGS  -L/home/ildar/kyronix-ports/libs/ncurses/obj-musl-static/lib -static ...
configure:50185: testing ...checking LIBS  -lncurses -L/home/ildar/kyronix-ports/libs/openssl/stage/usr/lib64 -lssl -lcrypto  ...
configure:50222: testing ...Filter -L/home/ildar/kyronix-ports/libs/openssl/stage/usr/lib64 ->-Wl,-rpath,/home/ildar/kyronix-ports/libs/openssl/stage/usr/lib64 ...
configure:50235: testing ...checked LIBS  -lncurses -L/home/ildar/kyronix-ports/libs/openssl/stage/usr/lib64 -lssl -lcrypto ...
configure:50239: testing ...checked EXTRA_LDFLAGS -Wl,-rpath,/home/ildar/kyronix-ports/libs/openssl/stage/usr/lib64 -Wl,-rpath,/home/ildar/kyronix-ports/libs/ncurses/obj-musl-static/lib  ...
configure:50377: creating ./config.status

## ----------------------- ##
## Running config.status.  ##
## ----------------------- ##

This file was extended by config.status (lynx 2.9.3) 2.52.20260412, executed with
  CONFIG_FILES    = 
  CONFIG_HEADERS  = 
  CONFIG_LINKS    = 
  CONFIG_COMMANDS = 
  > "./config.status "
on anmitali-arch

config.status:50997: creating makefile
config.status:50997: creating WWW/Library/Implementation/makefile
config.status:50997: creating src/makefile
config.status:50997: creating src/chrtrans/makefile
config.status:51158: creating lynx_cfg.h

## ----------------- ##
## Cache variables.  ##
## ----------------- ##

ac_cv_build=x86_64-pc-linux-musl
ac_cv_build_alias=x86_64-pc-linux-musl
ac_cv_c_compiler_gnu=yes
ac_cv_c_inline=inline
ac_cv_env_CC_set=set
ac_cv_env_CC_value='musl-gcc -fno-link-libatomic -idirafter /home/ildar/kyronix-ports/net/lynx/kernel-headers'
ac_cv_env_CFLAGS_set=
ac_cv_env_CFLAGS_value=
ac_cv_env_CPPFLAGS_set=
ac_cv_env_CPPFLAGS_value=
ac_cv_env_CPP_set=
ac_cv_env_CPP_value=
ac_cv_env_LDFLAGS_set=set
ac_cv_env_LDFLAGS_value=-static
ac_cv_env_build_alias_set=
ac_cv_env_build_alias_value=
ac_cv_env_host_alias_set=set
ac_cv_env_host_alias_value=x86_64-linux-musl
ac_cv_env_target_alias_set=
ac_cv_env_target_alias_value=
ac_cv_func_SSL_clear_options=yes
ac_cv_func__nc_free_and_exit=yes
ac_cv_func__nc_freeall=yes
ac_cv_func_alloca_works=yes
ac_cv_func_arc4random=no
ac_cv_func_atoll=yes
ac_cv_func_ctermid=yes
ac_cv_func_curses_exit=no
ac_cv_func_cuserid=yes
ac_cv_func_decl_getgrgid=yes
ac_cv_func_decl_getgrnam=yes
ac_cv_func_decl_sleep=yes
ac_cv_func_decl_strstr=yes
ac_cv_func_fork=yes
ac_cv_func_fork_works=yes
ac_cv_func_fseeko=yes
ac_cv_func_ftime=yes
ac_cv_func_getcwd=yes
ac_cv_func_getgroups=yes
ac_cv_func_gethostbyname=yes
ac_cv_func_gethostname=yes
ac_cv_func_getpwuid=yes
ac_cv_func_gettimeofday=yes
ac_cv_func_getuid=yes
ac_cv_func_inet_ntoa=yes
ac_cv_func_lstat=yes
ac_cv_func_mkdtemp=yes
ac_cv_func_mktime=yes
ac_cv_func_popen=yes
ac_cv_func_putenv=yes
ac_cv_func_readdir=yes
ac_cv_func_setuid=yes
ac_cv_func_sleep=yes
ac_cv_func_socket=yes
ac_cv_func_strcasecmp=yes
ac_cv_func_strerror=yes
ac_cv_func_strstr=yes
ac_cv_func_truncate=yes
ac_cv_func_ttyname=yes
ac_cv_func_unsetenv=yes
ac_cv_func_usleep=yes
ac_cv_func_vasprintf=yes
ac_cv_func_vfork=yes
ac_cv_func_vfork_works=yes
ac_cv_func_waitpid=yes
ac_cv_func_wcwidth=yes
ac_cv_func_zError=no
ac_cv_have_decl_exit=yes
ac_cv_header_arpa_inet_h=yes
ac_cv_header_dirent_dirent_h=yes
ac_cv_header_fcntl_h=yes
ac_cv_header_inttypes_h=yes
ac_cv_header_lastlog_h=yes
ac_cv_header_limits_h=yes
ac_cv_header_memory_h=yes
ac_cv_header_ncurses_term_h=no
ac_cv_header_paths_h=yes
ac_cv_header_pwd_h=yes
ac_cv_header_sgtty_h=no
ac_cv_header_stdc=yes
ac_cv_header_stdint_h=yes
ac_cv_header_stdlib_h=yes
ac_cv_header_string_h=yes
ac_cv_header_strings_h=yes
ac_cv_header_sys_fcntl_h=yes
ac_cv_header_sys_filio_h=no
ac_cv_header_sys_ioctl_h=yes
ac_cv_header_sys_param_h=yes
ac_cv_header_sys_stat_h=yes
ac_cv_header_sys_termio_h=no
ac_cv_header_sys_time_h=yes
ac_cv_header_sys_timeb_h=yes
ac_cv_header_sys_types_h=yes
ac_cv_header_sys_wait_h=yes
ac_cv_header_syslog_h=yes
ac_cv_header_term_h=yes
ac_cv_header_termio_h=no
ac_cv_header_termios_h=yes
ac_cv_header_time=yes
ac_cv_header_unistd_h=yes
ac_cv_header_vfork_h=no
ac_cv_header_wchar_h=yes
ac_cv_host=x86_64-pc-linux-musl
ac_cv_host_alias=x86_64-linux-musl
ac_cv_lib_bsd_arc4random=no
ac_cv_lib_dir_opendir=no
ac_cv_lib_gpm_Gpm_Open=no
ac_cv_lib_inet_inet_ntoa=no
ac_cv_objext=o
ac_cv_path_BROTLI=/usr/bin/brotli
ac_cv_path_BZIP2=/usr/bin/bzip2
ac_cv_path_EGREP='grep -E'
ac_cv_path_FGREP='grep -F'
ac_cv_path_GROFF_PATH=/usr/bin/groff
ac_cv_path_GZIP=/usr/bin/gzip
ac_cv_path_INSTALL='/usr/bin/install -c'
ac_cv_path_MSGINIT=/usr/bin/msginit
ac_cv_path_MV=/usr/bin/mv
ac_cv_path_NROFF_PATH=/usr/bin/nroff
ac_cv_path_RLOGIN=/usr/bin/rlogin
ac_cv_path_RM=/usr/bin/rm
ac_cv_path_TAR=/usr/bin/tar
ac_cv_path_TBL_PATH=/usr/bin/tbl
ac_cv_path_TELNET=/usr/bin/telnet
ac_cv_path_UNCOMPRESS=/usr/bin/gunzip
ac_cv_path_UNZIP=/usr/bin/unzip
ac_cv_path_ZCAT=/usr/bin/zcat
ac_cv_path_ZIP=/usr/bin/zip
ac_cv_path_ZSTD=/usr/bin/zstd
ac_cv_path_ac_pt_PKG_CONFIG=/usr/bin/pkg-config
ac_cv_path_ac_pt_WINDRES=none
ac_cv_path_cf_man2html=no
ac_cv_path_install='/usr/bin/install -c'
ac_cv_prog_CC='musl-gcc -fno-link-libatomic -idirafter /home/ildar/kyronix-ports/net/lynx/kernel-headers'
ac_cv_prog_CPP='musl-gcc -idirafter /home/ildar/kyronix-ports/net/lynx/kernel-headers -E'
ac_cv_prog_CTAGS=ctags
ac_cv_prog_ETAGS=etags
ac_cv_prog_GREP=grep
ac_cv_prog_MAKE_LOWER_TAGS=yes
ac_cv_prog_MAKE_UPPER_TAGS=yes
ac_cv_prog_YACC='bison -y'
ac_cv_prog_ac_ct_AR=ar
ac_cv_prog_ac_ct_RANLIB=ranlib
ac_cv_prog_cc_g=yes
ac_cv_prog_cc_stdc=
ac_cv_prog_cf_ldd_prog=ldd
ac_cv_prog_make_make_set=yes
ac_cv_sizeof_int=4
ac_cv_sizeof_long=8
ac_cv_sizeof_off_t=8
ac_cv_sizeof_size_t=8
ac_cv_sizeof_struct_sockaddr=16
ac_cv_sizeof_struct_sockaddr_in=16
ac_cv_sizeof_time_t=8
ac_cv_sys_file_offset_bits=no
ac_cv_sys_large_files=no
ac_cv_sys_largefile_CC=no
ac_cv_sys_largefile_source=no
ac_cv_target=x86_64-pc-linux-musl
ac_cv_target_alias=x86_64-linux-musl
ac_cv_type_getgroups=gid_t
ac_cv_type_int=yes
ac_cv_type_intptr_t=yes
ac_cv_type_long=yes
ac_cv_type_mode_t=yes
ac_cv_type_off_t=yes
ac_cv_type_pid_t=yes
ac_cv_type_size_t=yes
ac_cv_type_socklen_t=yes
ac_cv_type_ssize_t=yes
ac_cv_type_struct_sockaddr=yes
ac_cv_type_struct_sockaddr_in=yes
ac_cv_type_time_t=yes
ac_cv_type_uid_t=yes
ac_cv_working_alloca_h=yes
am_cv_func_iconv=yes
am_cv_langinfo_codeset=yes
am_cv_proto_iconv_arg1='/* nothing */'
am_cv_proto_iconv_const=no
cf_cv_SYSTEM_MAIL=unknown
cf_cv_alt_char_set=acs_map
cf_cv_ar_flags=-curvU
cf_cv_baddef_remove=no
cf_cv_bool_defs=yes
cf_cv_c11_noreturn=no,
cf_cv_chtype_decl=yes
cf_cv_chtype_type=scalar
cf_cv_color_curses=yes
cf_cv_curses_dir=/home/ildar/kyronix-ports/libs/ncurses/obj-musl-static
cf_cv_dcl_errno=yes
cf_cv_define_sigwinch=yes
cf_cv_fancy_curses=yes
cf_cv_find_linkage_brotlidec=no
cf_cv_find_linkage_bz2=no
cf_cv_find_linkage_iconv=yes
cf_cv_find_linkage_idn=no
cf_cv_find_linkage_idn2=no
cf_cv_find_linkage_z=maybe
cf_cv_find_linkage_zstd=maybe
cf_cv_fionbio=ioctl
cf_cv_func_assume_default_colors=yes
cf_cv_func_cbreak=yes
cf_cv_func_curses_version=yes
cf_cv_func_define_key=yes
cf_cv_func_delscreen=yes
cf_cv_func_getattrs=yes
cf_cv_func_getbegx=yes
cf_cv_func_getbegy=yes
cf_cv_func_keypad=yes
cf_cv_func_napms=yes
cf_cv_func_newpad=yes
cf_cv_func_newterm=yes
cf_cv_func_pnoutrefresh=yes
cf_cv_func_resizeterm=yes
cf_cv_func_sigaction=yes
cf_cv_func_touchline=yes
cf_cv_func_touchwin=yes
cf_cv_func_use_default_colors=yes
cf_cv_func_use_legacy_coding=yes
cf_cv_func_wattr_get=yes
cf_cv_func_wborder=yes
cf_cv_func_wredrawln=yes
cf_cv_func_wresize=yes
cf_cv_have_errno=no
cf_cv_have_h_errno=yes
cf_cv_have_inet_aton=yes
cf_cv_have_ssl=yes
cf_cv_have_ttytype=yes
cf_cv_have_utmp=utmpx
cf_cv_have_utmp_ut_host=yes
cf_cv_have_utmp_ut_name=ut_user
cf_cv_have_utmp_ut_session=yes
cf_cv_have_utmp_ut_syslen=no
cf_cv_have_utmp_ut_xstatus=ut_exit.__e_exit
cf_cv_have_utmp_ut_xtime=define
cf_cv_header_path_brotlidec=/home/ildar/kyronix-ports/libs/ncurses/obj-musl-static/include
cf_cv_header_path_bz2=/home/ildar/kyronix-ports/libs/ncurses/obj-musl-static/include
cf_cv_header_path_iconv=/usr/include
cf_cv_header_path_idn=/home/ildar/kyronix-ports/libs/ncurses/obj-musl-static/include
cf_cv_header_path_idn2=/home/ildar/kyronix-ports/libs/ncurses/obj-musl-static/include
cf_cv_header_path_ssl=/home/ildar/kyronix-ports/libs/openssl/stage/usr/include/openssl
cf_cv_header_path_z=/usr/include
cf_cv_header_path_zstd=/usr/include
cf_cv_library_path_brotlidec=
cf_cv_library_path_bz2=
cf_cv_library_path_iconv=/usr/lib
cf_cv_library_path_idn=
cf_cv_library_path_idn2=
cf_cv_library_path_ssl=/home/ildar/kyronix-ports/libs/openssl/stage/usr/lib64
cf_cv_library_path_z=/usr/local/lib
cf_cv_library_path_zstd=/usr/local/lib
cf_cv_locale=yes
cf_cv_make_PHONY=yes
cf_cv_mixedcase=yes
cf_cv_ncurses_broken=no
cf_cv_ncurses_h=curses.h
cf_cv_ncurses_header=curses.h
cf_cv_ncurses_version=6.6.20251230
cf_cv_need_xopen_extension=_XOPEN_SOURCE_EXTENDED
cf_cv_netlibs=
cf_cv_ngroups=yes
cf_cv_path_lastlog=no
cf_cv_pkg_config_ssl=yes
cf_cv_pkg_ssl=openssl
cf_cv_posix_visible=no
cf_cv_prog_cpp_comments=yes
cf_cv_pw_gecos=yes
cf_cv_rand_max=INT_MAX
cf_cv_screen=ncurses
cf_cv_set_errno=yes
cf_cv_sizechange=yes
cf_cv_sockaddr_len=yes
cf_cv_socks_lib=no
cf_cv_srand_func=srandom/random
cf_cv_struct_dirent64=no
cf_cv_system_mail_flags='-t -oi'
cf_cv_system_name=linux-musl
cf_cv_sysv_utmp=yes
cf_cv_term_header=term.h
cf_cv_termio_and_curses=no
cf_cv_termio_and_termios=yes
cf_cv_tm_gmtoff=yes
cf_cv_type_long_long=yes
cf_cv_type_unionwait=no
cf_cv_unctrl_header=unctrl.h
cf_cv_use_libgnutls=no
cf_cv_use_libsocks=no
cf_cv_use_libsocks5=no
cf_cv_use_libssl=yes
cf_cv_xopen_source=no
nls_cv_header_intl=
nls_cv_header_libgt=

## ------------ ##
## confdefs.h.  ##
## ------------ ##

#define SYSTEM_NAME "linux-musl"
#define SYSTEM_NAME "linux-musl"
#define MIXEDCASE_FILENAMES 1
#define UNIX 1
#define HAVE_FSEEKO 1
#define STDC_HEADERS 1
#define HAVE_SYS_TYPES_H 1
#define HAVE_SYS_STAT_H 1
#define HAVE_STDLIB_H 1
#define HAVE_STRING_H 1
#define HAVE_MEMORY_H 1
#define HAVE_STRINGS_H 1
#define HAVE_INTTYPES_H 1
#define HAVE_STDINT_H 1
#define HAVE_UNISTD_H 1
#define HAVE_ICONV 1
#define ICONV_CONST /* nothing */
#define HAVE_LANGINFO_CODESET 1
#define SYSTEM_MAIL "unknown"
#define SYSTEM_MAIL_FLAGS "-t -oi"
#define HAVE_GETHOSTNAME 1
#define HAVE_SOCKET 1
#define HAVE_GETHOSTBYNAME 1
#define HAVE_INET_NTOA 1
#define HAVE_GETHOSTBYNAME 1
#define HAVE_STRCASECMP 1
#define HAVE_INET_ATON 1
#define USE_SSL 1
#define USE_OPENSSL_INCL 1
#define HAVE_SSL_CLEAR_OPTIONS 1
#define USE_X509_SUPPORT 1
#define HAVE_TERM_H 1
#define NCURSES 1
#define NCURSES 1
#define HAVE_LIBNCURSES 1
#define HAVE_TYPE_CHTYPE 1
#define TYPE_CHTYPE_IS_SCALAR 1
#define USE_COLOR_STYLE 1
#define LYNX_LSS_FILE "/etc/lynx.lss"
#define LYNX_CFG_FILE "/etc/lynx.cfg"
#define LYNX_CFG_PATH "/etc"
#define MIME_LIBDIR "/etc/"
#define USE_LOCALE_CHARSET 1
#define DEFAULT_LOCALE_CHARSET FALSE
#define TIME_WITH_SYS_TIME 1
#define HAVE_DIRENT_H 1
#define HAVE_ARPA_INET_H 1
#define HAVE_FCNTL_H 1
#define HAVE_LIMITS_H 1
#define HAVE_SYS_FCNTL_H 1
#define HAVE_SYS_IOCTL_H 1
#define HAVE_SYS_PARAM_H 1
#define HAVE_SYS_TIMEB_H 1
#define HAVE_SYS_TIME_H 1
#define HAVE_SYSLOG_H 1
#define HAVE_TERMIOS_H 1
#define HAVE_WCHAR_H 1
#define HAVE_SIGACTION 1
#define HAVE_SYS_WAIT_H 1
#define GETGROUPS_T gid_t
#define HAVE_LONG_LONG 1
#define SIZEOF_INT 4
#define SIZEOF_LONG 8
#define SIZEOF_OFF_T 8
#define SIZEOF_SIZE_T 8
#define SIZEOF_TIME_T 8
#define SIZEOF_STRUCT_SOCKADDR_IN 16
#define SIZEOF_STRUCT_SOCKADDR 16
#define SOCKADDR_LEN_INET 1
#define HAVE_ALLOCA_H 1
#define HAVE_ALLOCA 1
#define HAVE_UNISTD_H 1
#define HAVE_FORK 1
#define HAVE_VFORK 1
#define HAVE_WORKING_VFORK 1
#define HAVE_WORKING_FORK 1
#define HAVE_LSTAT 1
#define HAVE_PWD_H 1
#define HAVE_GETPWUID 1
#define HAVE_VASPRINTF 1
#define HAVE_ATOLL 1
#define HAVE_CTERMID 1
#define HAVE_CUSERID 1
#define HAVE_FTIME 1
#define HAVE_GETCWD 1
#define HAVE_GETGROUPS 1
#define HAVE_GETTIMEOFDAY 1
#define HAVE_GETUID 1
#define HAVE_POPEN 1
#define HAVE_PUTENV 1
#define HAVE_READDIR 1
#define HAVE_SETUID 1
#define HAVE_TRUNCATE 1
#define HAVE_TTYNAME 1
#define HAVE_UNSETENV 1
#define HAVE_SLEEP 1
#define HAVE_USLEEP 1
#define HAVE_WAITPID 1
#define HAVE_MKDTEMP 1
#define HAVE_MKTIME 1
#define HAVE_STRSTR 1
#define HAVE_WCWIDTH 1
#define HAVE_LIMITS_H 1
#define lynx_srand srandom
#define lynx_rand random
#define LYNX_RAND_MAX INT_MAX
#define CAN_SET_ERRNO 1
#define LOCALE 1
#define HAVE_SYS_PARAM_H 1
#define HAVE_LIMITS_H 1
#define HAVE_STRERROR 1
#define HAVE_LASTLOG_H 1
#define HAVE_PATHS_H 1
#define HAVE_UTMP 1
#define UTMPX_FOR_UTMP 1
#define HAVE_UTMP_UT_HOST 1
#define ut_name ut_user
#define HAVE_UTMP_UT_XSTATUS 1
#define ut_xstatus ut_exit.__e_exit
#define HAVE_UTMP_UT_XTIME 1
#define ut_xtime ut_tv.tv_sec
#define HAVE_UTMP_UT_SESSION 1
#define USE_SYSV_UTMP 1
#define HAVE_H_ERRNO 1
#define USE_SESSIONS 1
#define USE_CACHEJAR 1
#define USE_ADDRLIST_PAGE 1
#define CJK_EX 1
#define HAVE_ICONV 1
#define ICONV_CONST /* nothing */
#define EXP_CHINESEUTF8_SUPPORT 1
#define USE_JAPANESEUTF8_SUPPORT 1
#define USE_ALT_BINDINGS 1
#define USE_ASCII_CTYPES 1
#define USE_FILE_UPLOAD 1
#define USE_JUSTIFY_ELTS 1
#define DISP_PARTIAL 1
#define USE_PERSISTENT_COOKIES 1
#define USE_PRETTYSRC 1
#define USE_PROGRESSBAR 1
#define USE_READPROGRESS 1
#define USE_SOURCE_CACHE 1
#define UNDERLINE_LINKS 0
#define DIRED_SUPPORT 1
#define OK_OVERRIDE 1
#define OK_PERMIT 1
#define OK_TAR 1
#define OK_UUDECODE 1
#define OK_ZIP 1
#define OK_GZIP 1
#define LONG_LIST 1
#define TELNET_PATH "/usr/bin/telnet"
#define RLOGIN_PATH "/usr/bin/rlogin"
#define MV_PATH "/usr/bin/mv"
#define GZIP_PATH "/usr/bin/gzip"
#define UNCOMPRESS_PATH "/usr/bin/gunzip"
#define UNZIP_PATH "/usr/bin/unzip"
#define BZIP2_PATH "/usr/bin/bzip2"
#define BROTLI_PATH "/usr/bin/brotli"
#define ZSTD_PATH "/usr/bin/zstd"
#define TAR_PATH "/usr/bin/tar"
#define TAR_UP_OPTIONS "-cf"
#define TAR_DOWN_OPTIONS "-xf"
#define TAR_FILE_OPTIONS ""
#define TAR_PIPE_OPTIONS "-"
#define RM_PATH "/usr/bin/rm"
#define ZCAT_PATH "/usr/bin/zcat"
#define ZIP_PATH "/usr/bin/zip"
#define INSTALL_PATH "/usr/bin/install"
#define INSTALL_ARGS "-c"
#define HAVE_TERM_H 1
#define ALT_CHAR_SET acs_map
#define FANCY_CURSES 1
#define HAVE_CURSES_VERSION 1
#define COLOR_CURSES 1
#define HAVE_GETBKGD 1
#define HAVE_TERMIOS_H 1
#define HAVE_UNISTD_H 1
#define HAVE_SYS_IOCTL_H 1
#define HAVE_SIZECHANGE 1
#define HAVE_TTYTYPE 1
#define HAVE_TERM_H 1
#define HAVE_UNCTRL_H 1
#define HAVE_ASSUME_DEFAULT_COLORS 1
#define HAVE_CBREAK 1
#define HAVE_DEFINE_KEY 1
#define HAVE_DELSCREEN 1
#define HAVE_GETATTRS 1
#define HAVE_GETBEGX 1
#define HAVE_GETBEGY 1
#define HAVE_KEYPAD 1
#define HAVE_NAPMS 1
#define HAVE_NEWPAD 1
#define HAVE_NEWTERM 1
#define HAVE_PNOUTREFRESH 1
#define HAVE_RESIZETERM 1
#define HAVE_TOUCHLINE 1
#define HAVE_TOUCHWIN 1
#define HAVE_USE_DEFAULT_COLORS 1
#define HAVE_USE_LEGACY_CODING 1
#define HAVE_WATTR_GET 1
#define HAVE_WBORDER 1
#define HAVE_WREDRAWLN 1
#define HAVE_WRESIZE 1
#define HAVE__NC_FREE_AND_EXIT 1
#define HAVE__NC_FREEALL 1
#define USE_SCROLLBAR 1
#define HOMEPAGE_URL "https://lynx.invisible-island.net/"


configure: exit 0
